value,coordinates,summary,flagInfo.hasFlags,parameter.id,parameter.name,parameter.units,parameter.displayName,period.label,period.interval,period.datetimeFrom.utc,period.datetimeFrom.local,period.datetimeTo.utc,period.datetimeTo.local,coverage.expectedCount,coverage.expectedInterval,coverage.observedCount,coverage.observedInterval,coverage.percentComplete,coverage.percentCoverage,coverage.datetimeFrom.utc,coverage.datetimeFrom.local,coverage.datetimeTo.utc,coverage.datetimeTo.local
6.711,,,False,1,pm10,µg/m³,,raw,01:00:00,2025-11-03T00:00:00Z,2025-11-03T01:00:00+01:00,2025-11-03T01:00:00Z,2025-11-03T02:00:00+01:00,1,01:00:00,1,01:00:00,100.0,100.0,2025-11-03T00:00:00Z,2025-11-03T01:00:00+01:00,2025-11-03T01:00:00Z,2025-11-03T02:00:00+01:00
3.683,,,False,1,pm10,µg/m³,,raw,01:00:00,2025-11-03T01:00:00Z,2025-11-03T02:00:00+01:00,2025-11-03T02:00:00Z,2025-11-03T03:00:00+01:00,1,01:00:00,1,01:00:00,100.0,100.0,2025-11-03T01:00:00Z,2025-11-03T02:00:00+01:00,2025-11-03T02:00:00Z,2025-11-03T03:00:00+01:00
1.773,,,False,1,pm10,µg/m³,,raw,01:00:00,2025-11-03T02:00:00Z,2025-11-03T03:00:00+01:00,2025-11-03T03:00:00Z,2025-11-03T04:00:00+01:00,1,01:00:00,1,01:00:00,100.0,100.0,2025-11-03T02:00:00Z,2025-11-03T03:00:00+01:00,2025-11-03T03:00:00Z,2025-11-03T04:00:00+01:00
4.527,,,False,1,pm10,µg/m³,,raw,01:00:00,2025-11-03T03:00:00Z,2025-11-03T04:00:00+01:00,2025-11-03T04:00:00Z,2025-11-03T05:00:00+01:00,1,01:00:00,1,01:00:00,100.0,100.0,2025-11-03T03:00:00Z,2025-11-03T04:00:00+01:00,2025-11-03T04:00:00Z,2025-11-03T05:00:00+01:00
1.79,,,False,1,pm10,µg/m³,,raw,01:00:00,2025-11-03T04:00:00Z,2025-11-03T05:00:00+01:00,2025-11-03T05:00:00Z,2025-11-03T06:00:00+01:00,1,01:00:00,1,01:00:00,100.0,100.0,2025-11-03T04:00:00Z,2025-11-03T05:00:00+01:00,2025-11-03T05:00:00Z,2025-11-03T06:00:00+01:00
1.795,,,False,1,pm10,µg/m³,,raw,01:00:00,2025-11-03T05:00:00Z,2025-11-03T06:00:00+01:00,2025-11-03T06:00:00Z,2025-11-03T07:00:00+01:00,1,01:00:00,1,01:00:00,100.0,100.0,2025-11-03T05:00:00Z,2025-11-03T06:00:00+01:00,2025-11-03T06:00:00Z,2025-11-03T07:00:00+01:00
1.799,,,False,1,pm10,µg/m³,,raw,01:00:00,2025-11-03T06:00:00Z,2025-11-03T07:00:00+01:00,2025-11-03T07:00:00Z,2025-11-03T08:00:00+01:00,1,01:00:00,1,01:00:00,100.0,100.0,2025-11-03T06:00:00Z,2025-11-03T07:00:00+01:00,2025-11-03T07:00:00Z,2025-11-03T08:00:00+01:00
6.591,,,False,1,pm10,µg/m³,,raw,01:00:00,2025-11-03T07:00:00Z,2025-11-03T08:00:00+01:00,2025-11-03T08:00:00Z,2025-11-03T09:00:00+01:00,1,01:00:00,1,01:00:00,100.0,100.0,2025-11-03T07:00:00Z,2025-11-03T08:00:00+01:00,2025-11-03T08:00:00Z,2025-11-03T09:00:00+01:00
5.043,,,False,1,pm10,µg/m³,,raw,01:00:00,2025-11-03T08:00:00Z,2025-11-03T09:00:00+01:00,2025-11-03T09:00:00Z,2025-11-03T10:00:00+01:00,1,01:00:00,1,01:00:00,100.0,100.0,2025-11-03T08:00:00Z,2025-11-03T09:00:00+01:00,2025-11-03T09:00:00Z,2025-11-03T10:00:00+01:00
6.786,,,False,1,pm10,µg/m³,,raw,01:00:00,2025-11-03T09:00:00Z,2025-11-03T10:00:00+01:00,2025-11-03T10:00:00Z,2025-11-03T11:00:00+01:00,1,01:00:00,1,01:00:00,100.0,100.0,2025-11-03T09:00:00Z,2025-11-03T10:00:00+01:00,2025-11-03T10:00:00Z,2025-11-03T11:00:00+01:00
1.813,,,False,1,pm10,µg/m³,,raw,01:00:00,2025-11-03T10:00:00Z,2025-11-03T11:00:00+01:00,2025-11-03T11:00:00Z,2025-11-03T12:00:00+01:00,1,01:00:00,1,01:00:00,100.0,100.0,2025-11-03T10:00:00Z,2025-11-03T11:00:00+01:00,2025-11-03T11:00:00Z,2025-11-03T12:00:00+01:00
4.733,,,False,1,pm10,µg/m³,,raw,01:00:00,2025-11-03T11:00:00Z,2025-11-03T12:00:00+01:00,2025-11-03T12:00:00Z,2025-11-03T13:00:00+01:00,1,01:00:00,1,01:00:00,100.0,100.0,2025-11-03T11:00:00Z,2025-11-03T12:00:00+01:00,2025-11-03T12:00:00Z,2025-11-03T13:00:00+01:00
6.946,,,False,1,pm10,µg/m³,,raw,01:00:00,2025-11-03T12:00:00Z,2025-11-03T13:00:00+01:00,2025-11-03T13:00:00Z,2025-11-03T14:00:00+01:00,1,01:00:00,1,01:00:00,100.0,100.0,2025-11-03T12:00:00Z,2025-11-03T13:00:00+01:00,2025-11-03T13:00:00Z,2025-11-03T14:00:00+01:00
7.764,,,False,1,pm10,µg/m³,,raw,01:00:00,2025-11-03T13:00:00Z,2025-11-03T14:00:00+01:00,2025-11-03T14:00:00Z,2025-11-03T15:00:00+01:00,1,01:00:00,1,01:00:00,100.0,100.0,2025-11-03T13:00:00Z,2025-11-03T14:00:00+01:00,2025-11-03T14:00:00Z,2025-11-03T15:00:00+01:00
8.461,,,False,1,pm10,µg/m³,,raw,01:00:00,2025-11-03T14:00:00Z,2025-11-03T15:00:00+01:00,2025-11-03T15:00:00Z,2025-11-03T16:00:00+01:00,1,01:00:00,1,01:00:00,100.0,100.0,2025-11-03T14:00:00Z,2025-11-03T15:00:00+01:00,2025-11-03T15:00:00Z,2025-11-03T16:00:00+01:00
9.739,,,False,1,pm10,µg/m³,,raw,01:00:00,2025-11-03T15:00:00Z,2025-11-03T16:00:00+01:00,2025-11-03T16:00:00Z,2025-11-03T17:00:00+01:00,1,01:00:00,1,01:00:00,100.0,100.0,2025-11-03T15:00:00Z,2025-11-03T16:00:00+01:00,2025-11-03T16:00:00Z,2025-11-03T17:00:00+01:00
9.644,,,False,1,pm10,µg/m³,,raw,01:00:00,2025-11-03T16:00:00Z,2025-11-03T17:00:00+01:00,2025-11-03T17:00:00Z,2025-11-03T18:00:00+01:00,1,01:00:00,1,01:00:00,100.0,100.0,2025-11-03T16:00:00Z,2025-11-03T17:00:00+01:00,2025-11-03T17:00:00Z,2025-11-03T18:00:00+01:00
11.465,,,False,1,pm10,µg/m³,,raw,01:00:00,2025-11-03T17:00:00Z,2025-11-03T18:00:00+01:00,2025-11-03T18:00:00Z,2025-11-03T19:00:00+01:00,1,01:00:00,1,01:00:00,100.0,100.0,2025-11-03T17:00:00Z,2025-11-03T18:00:00+01:00,2025-11-03T18:00:00Z,2025-11-03T19:00:00+01:00
13.851,,,False,1,pm10,µg/m³,,raw,01:00:00,2025-11-03T18:00:00Z,2025-11-03T19:00:00+01:00,2025-11-03T19:00:00Z,2025-11-03T20:00:00+01:00,1,01:00:00,1,01:00:00,100.0,100.0,2025-11-03T18:00:00Z,2025-11-03T19:00:00+01:00,2025-11-03T19:00:00Z,2025-11-03T20:00:00+01:00
8.144,,,False,1,pm10,µg/m³,,raw,01:00:00,2025-11-03T20:00:00Z,2025-11-03T21:00:00+01:00,2025-11-03T21:00:00Z,2025-11-03T22:00:00+01:00,1,01:00:00,1,01:00:00,100.0,100.0,2025-11-03T20:00:00Z,2025-11-03T21:00:00+01:00,2025-11-03T21:00:00Z,2025-11-03T22:00:00+01:00
8.125,,,False,1,pm10,µg/m³,,raw,01:00:00,2025-11-03T21:00:00Z,2025-11-03T22:00:00+01:00,2025-11-03T22:00:00Z,2025-11-03T23:00:00+01:00,1,01:00:00,1,01:00:00,100.0,100.0,2025-11-03T21:00:00Z,2025-11-03T22:00:00+01:00,2025-11-03T22:00:00Z,2025-11-03T23:00:00+01:00
7.688,,,False,1,pm10,µg/m³,,raw,01:00:00,2025-11-03T22:00:00Z,2025-11-03T23:00:00+01:00,2025-11-03T23:00:00Z,2025-11-04T00:00:00+01:00,1,01:00:00,1,01:00:00,100.0,100.0,2025-11-03T22:00:00Z,2025-11-03T23:00:00+01:00,2025-11-03T23:00:00Z,2025-11-04T00:00:00+01:00
4.767,,,False,1,pm10,µg/m³,,raw,01:00:00,2025-11-03T23:00:00Z,2025-11-04T00:00:00+01:00,2025-11-04T00:00:00Z,2025-11-04T01:00:00+01:00,1,01:00:00,1,01:00:00,100.0,100.0,2025-11-03T23:00:00Z,2025-11-04T00:00:00+01:00,2025-11-04T00:00:00Z,2025-11-04T01:00:00+01:00
1.816,,,False,1,pm10,µg/m³,,raw,01:00:00,2025-11-04T01:00:00Z,2025-11-04T02:00:00+01:00,2025-11-04T02:00:00Z,2025-11-04T03:00:00+01:00,1,01:00:00,1,01:00:00,100.0,100.0,2025-11-04T01:00:00Z,2025-11-04T02:00:00+01:00,2025-11-04T02:00:00Z,2025-11-04T03:00:00+01:00
5.418,,,False,1,pm10,µg/m³,,raw,01:00:00,2025-11-04T02:00:00Z,2025-11-04T03:00:00+01:00,2025-11-04T03:00:00Z,2025-11-04T04:00:00+01:00,1,01:00:00,1,01:00:00,100.0,100.0,2025-11-04T02:00:00Z,2025-11-04T03:00:00+01:00,2025-11-04T03:00:00Z,2025-11-04T04:00:00+01:00
5.631,,,False,1,pm10,µg/m³,,raw,01:00:00,2025-11-04T03:00:00Z,2025-11-04T04:00:00+01:00,2025-11-04T04:00:00Z,2025-11-04T05:00:00+01:00,1,01:00:00,1,01:00:00,100.0,100.0,2025-11-04T03:00:00Z,2025-11-04T04:00:00+01:00,2025-11-04T04:00:00Z,2025-11-04T05:00:00+01:00
6.733,,,False,1,pm10,µg/m³,,raw,01:00:00,2025-11-04T04:00:00Z,2025-11-04T05:00:00+01:00,2025-11-04T05:00:00Z,2025-11-04T06:00:00+01:00,1,01:00:00,1,01:00:00,100.0,100.0,2025-11-04T04:00:00Z,2025-11-04T05:00:00+01:00,2025-11-04T05:00:00Z,2025-11-04T06:00:00+01:00
6.116,,,False,1,pm10,µg/m³,,raw,01:00:00,2025-11-04T05:00:00Z,2025-11-04T06:00:00+01:00,2025-11-04T06:00:00Z,2025-11-04T07:00:00+01:00,1,01:00:00,1,01:00:00,100.0,100.0,2025-11-04T05:00:00Z,2025-11-04T06:00:00+01:00,2025-11-04T06:00:00Z,2025-11-04T07:00:00+01:00
9.807,,,False,1,pm10,µg/m³,,raw,01:00:00,2025-11-04T06:00:00Z,2025-11-04T07:00:00+01:00,2025-11-04T07:00:00Z,2025-11-04T08:00:00+01:00,1,01:00:00,1,01:00:00,100.0,100.0,2025-11-04T06:00:00Z,2025-11-04T07:00:00+01:00,2025-11-04T07:00:00Z,2025-11-04T08:00:00+01:00
12.818,,,False,1,pm10,µg/m³,,raw,01:00:00,2025-11-04T07:00:00Z,2025-11-04T08:00:00+01:00,2025-11-04T08:00:00Z,2025-11-04T09:00:00+01:00,1,01:00:00,1,01:00:00,100.0,100.0,2025-11-04T07:00:00Z,2025-11-04T08:00:00+01:00,2025-11-04T08:00:00Z,2025-11-04T09:00:00+01:00
12.392,,,False,1,pm10,µg/m³,,raw,01:00:00,2025-11-04T08:00:00Z,2025-11-04T09:00:00+01:00,2025-11-04T09:00:00Z,2025-11-04T10:00:00+01:00,1,01:00:00,1,01:00:00,100.0,100.0,2025-11-04T08:00:00Z,2025-11-04T09:00:00+01:00,2025-11-04T09:00:00Z,2025-11-04T10:00:00+01:00
13.102,,,False,1,pm10,µg/m³,,raw,01:00:00,2025-11-04T09:00:00Z,2025-11-04T10:00:00+01:00,2025-11-04T10:00:00Z,2025-11-04T11:00:00+01:00,1,01:00:00,1,01:00:00,100.0,100.0,2025-11-04T09:00:00Z,2025-11-04T10:00:00+01:00,2025-11-04T10:00:00Z,2025-11-04T11:00:00+01:00
11.678,,,False,1,pm10,µg/m³,,raw,01:00:00,2025-11-04T10:00:00Z,2025-11-04T11:00:00+01:00,2025-11-04T11:00:00Z,2025-11-04T12:00:00+01:00,1,01:00:00,1,01:00:00,100.0,100.0,2025-11-04T10:00:00Z,2025-11-04T11:00:00+01:00,2025-11-04T11:00:00Z,2025-11-04T12:00:00+01:00
12.313,,,False,1,pm10,µg/m³,,raw,01:00:00,2025-11-04T11:00:00Z,2025-11-04T12:00:00+01:00,2025-11-04T12:00:00Z,2025-11-04T13:00:00+01:00,1,01:00:00,1,01:00:00,100.0,100.0,2025-11-04T11:00:00Z,2025-11-04T12:00:00+01:00,2025-11-04T12:00:00Z,2025-11-04T13:00:00+01:00
11.095,,,False,1,pm10,µg/m³,,raw,01:00:00,2025-11-04T12:00:00Z,2025-11-04T13:00:00+01:00,2025-11-04T13:00:00Z,2025-11-04T14:00:00+01:00,1,01:00:00,1,01:00:00,100.0,100.0,2025-11-04T12:00:00Z,2025-11-04T13:00:00+01:00,2025-11-04T13:00:00Z,2025-11-04T14:00:00+01:00
4.482,,,False,1,pm10,µg/m³,,raw,01:00:00,2025-11-04T13:00:00Z,2025-11-04T14:00:00+01:00,2025-11-04T14:00:00Z,2025-11-04T15:00:00+01:00,1,01:00:00,1,01:00:00,100.0,100.0,2025-11-04T13:00:00Z,2025-11-04T14:00:00+01:00,2025-11-04T14:00:00Z,2025-11-04T15:00:00+01:00
9.231,,,False,1,pm10,µg/m³,,raw,01:00:00,2025-11-04T14:00:00Z,2025-11-04T15:00:00+01:00,2025-11-04T15:00:00Z,2025-11-04T16:00:00+01:00,1,01:00:00,1,01:00:00,100.0,100.0,2025-11-04T14:00:00Z,2025-11-04T15:00:00+01:00,2025-11-04T15:00:00Z,2025-11-04T16:00:00+01:00
13.828,,,False,1,pm10,µg/m³,,raw,01:00:00,2025-11-04T15:00:00Z,2025-11-04T16:00:00+01:00,2025-11-04T16:00:00Z,2025-11-04T17:00:00+01:00,1,01:00:00,1,01:00:00,100.0,100.0,2025-11-04T15:00:00Z,2025-11-04T16:00:00+01:00,2025-11-04T16:00:00Z,2025-11-04T17:00:00+01:00
13.95,,,False,1,pm10,µg/m³,,raw,01:00:00,2025-11-04T16:00:00Z,2025-11-04T17:00:00+01:00,2025-11-04T17:00:00Z,2025-11-04T18:00:00+01:00,1,01:00:00,1,01:00:00,100.0,100.0,2025-11-04T16:00:00Z,2025-11-04T17:00:00+01:00,2025-11-04T17:00:00Z,2025-11-04T18:00:00+01:00
15.074,,,False,1,pm10,µg/m³,,raw,01:00:00,2025-11-04T17:00:00Z,2025-11-04T18:00:00+01:00,2025-11-04T18:00:00Z,2025-11-04T19:00:00+01:00,1,01:00:00,1,01:00:00,100.0,100.0,2025-11-04T17:00:00Z,2025-11-04T18:00:00+01:00,2025-11-04T18:00:00Z,2025-11-04T19:00:00+01:00
15.532,,,False,1,pm10,µg/m³,,raw,01:00:00,2025-11-04T18:00:00Z,2025-11-04T19:00:00+01:00,2025-11-04T19:00:00Z,2025-11-04T20:00:00+01:00,1,01:00:00,1,01:00:00,100.0,100.0,2025-11-04T18:00:00Z,2025-11-04T19:00:00+01:00,2025-11-04T19:00:00Z,2025-11-04T20:00:00+01:00
18.418,,,False,1,pm10,µg/m³,,raw,01:00:00,2025-11-04T19:00:00Z,2025-11-04T20:00:00+01:00,2025-11-04T20:00:00Z,2025-11-04T21:00:00+01:00,1,01:00:00,1,01:00:00,100.0,100.0,2025-11-04T19:00:00Z,2025-11-04T20:00:00+01:00,2025-11-04T20:00:00Z,2025-11-04T21:00:00+01:00
15.566,,,False,1,pm10,µg/m³,,raw,01:00:00,2025-11-04T20:00:00Z,2025-11-04T21:00:00+01:00,2025-11-04T21:00:00Z,2025-11-04T22:00:00+01:00,1,01:00:00,1,01:00:00,100.0,100.0,2025-11-04T20:00:00Z,2025-11-04T21:00:00+01:00,2025-11-04T21:00:00Z,2025-11-04T22:00:00+01:00
13.641,,,False,1,pm10,µg/m³,,raw,01:00:00,2025-11-04T21:00:00Z,2025-11-04T22:00:00+01:00,2025-11-04T22:00:00Z,2025-11-04T23:00:00+01:00,1,01:00:00,1,01:00:00,100.0,100.0,2025-11-04T21:00:00Z,2025-11-04T22:00:00+01:00,2025-11-04T22:00:00Z,2025-11-04T23:00:00+01:00
14.367,,,False,1,pm10,µg/m³,,raw,01:00:00,2025-11-04T22:00:00Z,2025-11-04T23:00:00+01:00,2025-11-04T23:00:00Z,2025-11-05T00:00:00+01:00,1,01:00:00,1,01:00:00,100.0,100.0,2025-11-04T22:00:00Z,2025-11-04T23:00:00+01:00,2025-11-04T23:00:00Z,2025-11-05T00:00:00+01:00
11.224,,,False,1,pm10,µg/m³,,raw,01:00:00,2025-11-04T23:00:00Z,2025-11-05T00:00:00+01:00,2025-11-05T00:00:00Z,2025-11-05T01:00:00+01:00,1,01:00:00,1,01:00:00,100.0,100.0,2025-11-04T23:00:00Z,2025-11-05T00:00:00+01:00,2025-11-05T00:00:00Z,2025-11-05T01:00:00+01:00
7.941,,,False,1,pm10,µg/m³,,raw,01:00:00,2025-11-05T00:00:00Z,2025-11-05T01:00:00+01:00,2025-11-05T01:00:00Z,2025-11-05T02:00:00+01:00,1,01:00:00,1,01:00:00,100.0,100.0,2025-11-05T00:00:00Z,2025-11-05T01:00:00+01:00,2025-11-05T01:00:00Z,2025-11-05T02:00:00+01:00
8.03,,,False,1,pm10,µg/m³,,raw,01:00:00,2025-11-05T01:00:00Z,2025-11-05T02:00:00+01:00,2025-11-05T02:00:00Z,2025-11-05T03:00:00+01:00,1,01:00:00,1,01:00:00,100.0,100.0,2025-11-05T01:00:00Z,2025-11-05T02:00:00+01:00,2025-11-05T02:00:00Z,2025-11-05T03:00:00+01:00
8.439,,,False,1,pm10,µg/m³,,raw,01:00:00,2025-11-05T02:00:00Z,2025-11-05T03:00:00+01:00,2025-11-05T03:00:00Z,2025-11-05T04:00:00+01:00,1,01:00:00,1,01:00:00,100.0,100.0,2025-11-05T02:00:00Z,2025-11-05T03:00:00+01:00,2025-11-05T03:00:00Z,2025-11-05T04:00:00+01:00
5.508,,,False,1,pm10,µg/m³,,raw,01:00:00,2025-11-05T03:00:00Z,2025-11-05T04:00:00+01:00,2025-11-05T04:00:00Z,2025-11-05T05:00:00+01:00,1,01:00:00,1,01:00:00,100.0,100.0,2025-11-05T03:00:00Z,2025-11-05T04:00:00+01:00,2025-11-05T04:00:00Z,2025-11-05T05:00:00+01:00
5.036,,,False,1,pm10,µg/m³,,raw,01:00:00,2025-11-05T04:00:00Z,2025-11-05T05:00:00+01:00,2025-11-05T05:00:00Z,2025-11-05T06:00:00+01:00,1,01:00:00,1,01:00:00,100.0,100.0,2025-11-05T04:00:00Z,2025-11-05T05:00:00+01:00,2025-11-05T05:00:00Z,2025-11-05T06:00:00+01:00
8.927,,,False,1,pm10,µg/m³,,raw,01:00:00,2025-11-05T05:00:00Z,2025-11-05T06:00:00+01:00,2025-11-05T06:00:00Z,2025-11-05T07:00:00+01:00,1,01:00:00,1,01:00:00,100.0,100.0,2025-11-05T05:00:00Z,2025-11-05T06:00:00+01:00,2025-11-05T06:00:00Z,2025-11-05T07:00:00+01:00
11.673,,,False,1,pm10,µg/m³,,raw,01:00:00,2025-11-05T06:00:00Z,2025-11-05T07:00:00+01:00,2025-11-05T07:00:00Z,2025-11-05T08:00:00+01:00,1,01:00:00,1,01:00:00,100.0,100.0,2025-11-05T06:00:00Z,2025-11-05T07:00:00+01:00,2025-11-05T07:00:00Z,2025-11-05T08:00:00+01:00
14.535,,,False,1,pm10,µg/m³,,raw,01:00:00,2025-11-05T07:00:00Z,2025-11-05T08:00:00+01:00,2025-11-05T08:00:00Z,2025-11-05T09:00:00+01:00,1,01:00:00,1,01:00:00,100.0,100.0,2025-11-05T07:00:00Z,2025-11-05T08:00:00+01:00,2025-11-05T08:00:00Z,2025-11-05T09:00:00+01:00
25.378,,,False,1,pm10,µg/m³,,raw,01:00:00,2025-11-05T08:00:00Z,2025-11-05T09:00:00+01:00,2025-11-05T09:00:00Z,2025-11-05T10:00:00+01:00,1,01:00:00,1,01:00:00,100.0,100.0,2025-11-05T08:00:00Z,2025-11-05T09:00:00+01:00,2025-11-05T09:00:00Z,2025-11-05T10:00:00+01:00
27.588,,,False,1,pm10,µg/m³,,raw,01:00:00,2025-11-05T09:00:00Z,2025-11-05T10:00:00+01:00,2025-11-05T10:00:00Z,2025-11-05T11:00:00+01:00,1,01:00:00,1,01:00:00,100.0,100.0,2025-11-05T09:00:00Z,2025-11-05T10:00:00+01:00,2025-11-05T10:00:00Z,2025-11-05T11:00:00+01:00
24.377,,,False,1,pm10,µg/m³,,raw,01:00:00,2025-11-05T10:00:00Z,2025-11-05T11:00:00+01:00,2025-11-05T11:00:00Z,2025-11-05T12:00:00+01:00,1,01:00:00,1,01:00:00,100.0,100.0,2025-11-05T10:00:00Z,2025-11-05T11:00:00+01:00,2025-11-05T11:00:00Z,2025-11-05T12:00:00+01:00
15.715,,,False,1,pm10,µg/m³,,raw,01:00:00,2025-11-05T12:00:00Z,2025-11-05T13:00:00+01:00,2025-11-05T13:00:00Z,2025-11-05T14:00:00+01:00,1,01:00:00,1,01:00:00,100.0,100.0,2025-11-05T12:00:00Z,2025-11-05T13:00:00+01:00,2025-11-05T13:00:00Z,2025-11-05T14:00:00+01:00
20.512,,,False,1,pm10,µg/m³,,raw,01:00:00,2025-11-05T13:00:00Z,2025-11-05T14:00:00+01:00,2025-11-05T14:00:00Z,2025-11-05T15:00:00+01:00,1,01:00:00,1,01:00:00,100.0,100.0,2025-11-05T13:00:00Z,2025-11-05T14:00:00+01:00,2025-11-05T14:00:00Z,2025-11-05T15:00:00+01:00
12.916,,,False,1,pm10,µg/m³,,raw,01:00:00,2025-11-05T14:00:00Z,2025-11-05T15:00:00+01:00,2025-11-05T15:00:00Z,2025-11-05T16:00:00+01:00,1,01:00:00,1,01:00:00,100.0,100.0,2025-11-05T14:00:00Z,2025-11-05T15:00:00+01:00,2025-11-05T15:00:00Z,2025-11-05T16:00:00+01:00
11.238,,,False,1,pm10,µg/m³,,raw,01:00:00,2025-11-05T15:00:00Z,2025-11-05T16:00:00+01:00,2025-11-05T16:00:00Z,2025-11-05T17:00:00+01:00,1,01:00:00,1,01:00:00,100.0,100.0,2025-11-05T15:00:00Z,2025-11-05T16:00:00+01:00,2025-11-05T16:00:00Z,2025-11-05T17:00:00+01:00
15.44,,,False,1,pm10,µg/m³,,raw,01:00:00,2025-11-05T16:00:00Z,2025-11-05T17:00:00+01:00,2025-11-05T17:00:00Z,2025-11-05T18:00:00+01:00,1,01:00:00,1,01:00:00,100.0,100.0,2025-11-05T16:00:00Z,2025-11-05T17:00:00+01:00,2025-11-05T17:00:00Z,2025-11-05T18:00:00+01:00
14.127,,,False,1,pm10,µg/m³,,raw,01:00:00,2025-11-05T17:00:00Z,2025-11-05T18:00:00+01:00,2025-11-05T18:00:00Z,2025-11-05T19:00:00+01:00,1,01:00:00,1,01:00:00,100.0,100.0,2025-11-05T17:00:00Z,2025-11-05T18:00:00+01:00,2025-11-05T18:00:00Z,2025-11-05T19:00:00+01:00
20.876,,,False,1,pm10,µg/m³,,raw,01:00:00,2025-11-05T18:00:00Z,2025-11-05T19:00:00+01:00,2025-11-05T19:00:00Z,2025-11-05T20:00:00+01:00,1,01:00:00,1,01:00:00,100.0,100.0,2025-11-05T18:00:00Z,2025-11-05T19:00:00+01:00,2025-11-05T19:00:00Z,2025-11-05T20:00:00+01:00
17.56,,,False,1,pm10,µg/m³,,raw,01:00:00,2025-11-05T19:00:00Z,2025-11-05T20:00:00+01:00,2025-11-05T20:00:00Z,2025-11-05T21:00:00+01:00,1,01:00:00,1,01:00:00,100.0,100.0,2025-11-05T19:00:00Z,2025-11-05T20:00:00+01:00,2025-11-05T20:00:00Z,2025-11-05T21:00:00+01:00
13.068,,,False,1,pm10,µg/m³,,raw,01:00:00,2025-11-05T20:00:00Z,2025-11-05T21:00:00+01:00,2025-11-05T21:00:00Z,2025-11-05T22:00:00+01:00,1,01:00:00,1,01:00:00,100.0,100.0,2025-11-05T20:00:00Z,2025-11-05T21:00:00+01:00,2025-11-05T21:00:00Z,2025-11-05T22:00:00+01:00
9.219,,,False,1,pm10,µg/m³,,raw,01:00:00,2025-11-05T21:00:00Z,2025-11-05T22:00:00+01:00,2025-11-05T22:00:00Z,2025-11-05T23:00:00+01:00,1,01:00:00,1,01:00:00,100.0,100.0,2025-11-05T21:00:00Z,2025-11-05T22:00:00+01:00,2025-11-05T22:00:00Z,2025-11-05T23:00:00+01:00
14.856,,,False,1,pm10,µg/m³,,raw,01:00:00,2025-11-05T22:00:00Z,2025-11-05T23:00:00+01:00,2025-11-05T23:00:00Z,2025-11-06T00:00:00+01:00,1,01:00:00,1,01:00:00,100.0,100.0,2025-11-05T22:00:00Z,2025-11-05T23:00:00+01:00,2025-11-05T23:00:00Z,2025-11-06T00:00:00+01:00
16.807,,,False,1,pm10,µg/m³,,raw,01:00:00,2025-11-05T23:00:00Z,2025-11-06T00:00:00+01:00,2025-11-06T00:00:00Z,2025-11-06T01:00:00+01:00,1,01:00:00,1,01:00:00,100.0,100.0,2025-11-05T23:00:00Z,2025-11-06T00:00:00+01:00,2025-11-06T00:00:00Z,2025-11-06T01:00:00+01:00
15.861,,,False,1,pm10,µg/m³,,raw,01:00:00,2025-11-06T00:00:00Z,2025-11-06T01:00:00+01:00,2025-11-06T01:00:00Z,2025-11-06T02:00:00+01:00,1,01:00:00,1,01:00:00,100.0,100.0,2025-11-06T00:00:00Z,2025-11-06T01:00:00+01:00,2025-11-06T01:00:00Z,2025-11-06T02:00:00+01:00
11.897,,,False,1,pm10,µg/m³,,raw,01:00:00,2025-11-06T01:00:00Z,2025-11-06T02:00:00+01:00,2025-11-06T02:00:00Z,2025-11-06T03:00:00+01:00,1,01:00:00,1,01:00:00,100.0,100.0,2025-11-06T01:00:00Z,2025-11-06T02:00:00+01:00,2025-11-06T02:00:00Z,2025-11-06T03:00:00+01:00
10.324,,,False,1,pm10,µg/m³,,raw,01:00:00,2025-11-06T02:00:00Z,2025-11-06T03:00:00+01:00,2025-11-06T03:00:00Z,2025-11-06T04:00:00+01:00,1,01:00:00,1,01:00:00,100.0,100.0,2025-11-06T02:00:00Z,2025-11-06T03:00:00+01:00,2025-11-06T03:00:00Z,2025-11-06T04:00:00+01:00
7.661,,,False,1,pm10,µg/m³,,raw,01:00:00,2025-11-06T03:00:00Z,2025-11-06T04:00:00+01:00,2025-11-06T04:00:00Z,2025-11-06T05:00:00+01:00,1,01:00:00,1,01:00:00,100.0,100.0,2025-11-06T03:00:00Z,2025-11-06T04:00:00+01:00,2025-11-06T04:00:00Z,2025-11-06T05:00:00+01:00
8.004,,,False,1,pm10,µg/m³,,raw,01:00:00,2025-11-06T05:00:00Z,2025-11-06T06:00:00+01:00,2025-11-06T06:00:00Z,2025-11-06T07:00:00+01:00,1,01:00:00,1,01:00:00,100.0,100.0,2025-11-06T05:00:00Z,2025-11-06T06:00:00+01:00,2025-11-06T06:00:00Z,2025-11-06T07:00:00+01:00
7.031,,,False,1,pm10,µg/m³,,raw,01:00:00,2025-11-06T06:00:00Z,2025-11-06T07:00:00+01:00,2025-11-06T07:00:00Z,2025-11-06T08:00:00+01:00,1,01:00:00,1,01:00:00,100.0,100.0,2025-11-06T06:00:00Z,2025-11-06T07:00:00+01:00,2025-11-06T07:00:00Z,2025-11-06T08:00:00+01:00
13.036,,,False,1,pm10,µg/m³,,raw,01:00:00,2025-11-06T07:00:00Z,2025-11-06T08:00:00+01:00,2025-11-06T08:00:00Z,2025-11-06T09:00:00+01:00,1,01:00:00,1,01:00:00,100.0,100.0,2025-11-06T07:00:00Z,2025-11-06T08:00:00+01:00,2025-11-06T08:00:00Z,2025-11-06T09:00:00+01:00
19.507,,,False,1,pm10,µg/m³,,raw,01:00:00,2025-11-06T08:00:00Z,2025-11-06T09:00:00+01:00,2025-11-06T09:00:00Z,2025-11-06T10:00:00+01:00,1,01:00:00,1,01:00:00,100.0,100.0,2025-11-06T08:00:00Z,2025-11-06T09:00:00+01:00,2025-11-06T09:00:00Z,2025-11-06T10:00:00+01:00
15.778,,,False,1,pm10,µg/m³,,raw,01:00:00,2025-11-06T09:00:00Z,2025-11-06T10:00:00+01:00,2025-11-06T10:00:00Z,2025-11-06T11:00:00+01:00,1,01:00:00,1,01:00:00,100.0,100.0,2025-11-06T09:00:00Z,2025-11-06T10:00:00+01:00,2025-11-06T10:00:00Z,2025-11-06T11:00:00+01:00
12.122,,,False,1,pm10,µg/m³,,raw,01:00:00,2025-11-06T10:00:00Z,2025-11-06T11:00:00+01:00,2025-11-06T11:00:00Z,2025-11-06T12:00:00+01:00,1,01:00:00,1,01:00:00,100.0,100.0,2025-11-06T10:00:00Z,2025-11-06T11:00:00+01:00,2025-11-06T11:00:00Z,2025-11-06T12:00:00+01:00
15.966,,,False,1,pm10,µg/m³,,raw,01:00:00,2025-11-06T11:00:00Z,2025-11-06T12:00:00+01:00,2025-11-06T12:00:00Z,2025-11-06T13:00:00+01:00,1,01:00:00,1,01:00:00,100.0,100.0,2025-11-06T11:00:00Z,2025-11-06T12:00:00+01:00,2025-11-06T12:00:00Z,2025-11-06T13:00:00+01:00
16.695,,,False,1,pm10,µg/m³,,raw,01:00:00,2025-11-06T12:00:00Z,2025-11-06T13:00:00+01:00,2025-11-06T13:00:00Z,2025-11-06T14:00:00+01:00,1,01:00:00,1,01:00:00,100.0,100.0,2025-11-06T12:00:00Z,2025-11-06T13:00:00+01:00,2025-11-06T13:00:00Z,2025-11-06T14:00:00+01:00
10.823,,,False,1,pm10,µg/m³,,raw,01:00:00,2025-11-06T13:00:00Z,2025-11-06T14:00:00+01:00,2025-11-06T14:00:00Z,2025-11-06T15:00:00+01:00,1,01:00:00,1,01:00:00,100.0,100.0,2025-11-06T13:00:00Z,2025-11-06T14:00:00+01:00,2025-11-06T14:00:00Z,2025-11-06T15:00:00+01:00
11.673,,,False,1,pm10,µg/m³,,raw,01:00:00,2025-11-06T14:00:00Z,2025-11-06T15:00:00+01:00,2025-11-06T15:00:00Z,2025-11-06T16:00:00+01:00,1,01:00:00,1,01:00:00,100.0,100.0,2025-11-06T14:00:00Z,2025-11-06T15:00:00+01:00,2025-11-06T15:00:00Z,2025-11-06T16:00:00+01:00
18.045,,,False,1,pm10,µg/m³,,raw,01:00:00,2025-11-06T15:00:00Z,2025-11-06T16:00:00+01:00,2025-11-06T16:00:00Z,2025-11-06T17:00:00+01:00,1,01:00:00,1,01:00:00,100.0,100.0,2025-11-06T15:00:00Z,2025-11-06T16:00:00+01:00,2025-11-06T16:00:00Z,2025-11-06T17:00:00+01:00
19.291,,,False,1,pm10,µg/m³,,raw,01:00:00,2025-11-06T16:00:00Z,2025-11-06T17:00:00+01:00,2025-11-06T17:00:00Z,2025-11-06T18:00:00+01:00,1,01:00:00,1,01:00:00,100.0,100.0,2025-11-06T16:00:00Z,2025-11-06T17:00:00+01:00,2025-11-06T17:00:00Z,2025-11-06T18:00:00+01:00
16.954,,,False,1,pm10,µg/m³,,raw,01:00:00,2025-11-06T17:00:00Z,2025-11-06T18:00:00+01:00,2025-11-06T18:00:00Z,2025-11-06T19:00:00+01:00,1,01:00:00,1,01:00:00,100.0,100.0,2025-11-06T17:00:00Z,2025-11-06T18:00:00+01:00,2025-11-06T18:00:00Z,2025-11-06T19:00:00+01:00
21.204,,,False,1,pm10,µg/m³,,raw,01:00:00,2025-11-06T18:00:00Z,2025-11-06T19:00:00+01:00,2025-11-06T19:00:00Z,2025-11-06T20:00:00+01:00,1,01:00:00,1,01:00:00,100.0,100.0,2025-11-06T18:00:00Z,2025-11-06T19:00:00+01:00,2025-11-06T19:00:00Z,2025-11-06T20:00:00+01:00
25.0,,,False,1,pm10,µg/m³,,raw,01:00:00,2025-11-06T20:00:00Z,2025-11-06T21:00:00+01:00,2025-11-06T21:00:00Z,2025-11-06T22:00:00+01:00,1,01:00:00,1,01:00:00,100.0,100.0,2025-11-06T20:00:00Z,2025-11-06T21:00:00+01:00,2025-11-06T21:00:00Z,2025-11-06T22:00:00+01:00
25.915,,,False,1,pm10,µg/m³,,raw,01:00:00,2025-11-06T21:00:00Z,2025-11-06T22:00:00+01:00,2025-11-06T22:00:00Z,2025-11-06T23:00:00+01:00,1,01:00:00,1,01:00:00,100.0,100.0,2025-11-06T21:00:00Z,2025-11-06T22:00:00+01:00,2025-11-06T22:00:00Z,2025-11-06T23:00:00+01:00
24.011,,,False,1,pm10,µg/m³,,raw,01:00:00,2025-11-06T22:00:00Z,2025-11-06T23:00:00+01:00,2025-11-06T23:00:00Z,2025-11-07T00:00:00+01:00,1,01:00:00,1,01:00:00,100.0,100.0,2025-11-06T22:00:00Z,2025-11-06T23:00:00+01:00,2025-11-06T23:00:00Z,2025-11-07T00:00:00+01:00
20.092,,,False,1,pm10,µg/m³,,raw,01:00:00,2025-11-06T23:00:00Z,2025-11-07T00:00:00+01:00,2025-11-07T00:00:00Z,2025-11-07T01:00:00+01:00,1,01:00:00,1,01:00:00,100.0,100.0,2025-11-06T23:00:00Z,2025-11-07T00:00:00+01:00,2025-11-07T00:00:00Z,2025-11-07T01:00:00+01:00
23.243,,,False,1,pm10,µg/m³,,raw,01:00:00,2025-11-07T00:00:00Z,2025-11-07T01:00:00+01:00,2025-11-07T01:00:00Z,2025-11-07T02:00:00+01:00,1,01:00:00,1,01:00:00,100.0,100.0,2025-11-07T00:00:00Z,2025-11-07T01:00:00+01:00,2025-11-07T01:00:00Z,2025-11-07T02:00:00+01:00
20.898,,,False,1,pm10,µg/m³,,raw,01:00:00,2025-11-07T01:00:00Z,2025-11-07T02:00:00+01:00,2025-11-07T02:00:00Z,2025-11-07T03:00:00+01:00,1,01:00:00,1,01:00:00,100.0,100.0,2025-11-07T01:00:00Z,2025-11-07T02:00:00+01:00,2025-11-07T02:00:00Z,2025-11-07T03:00:00+01:00
19.354,,,False,1,pm10,µg/m³,,raw,01:00:00,2025-11-07T02:00:00Z,2025-11-07T03:00:00+01:00,2025-11-07T03:00:00Z,2025-11-07T04:00:00+01:00,1,01:00:00,1,01:00:00,100.0,100.0,2025-11-07T02:00:00Z,2025-11-07T03:00:00+01:00,2025-11-07T03:00:00Z,2025-11-07T04:00:00+01:00
19.456,,,False,1,pm10,µg/m³,,raw,01:00:00,2025-11-07T03:00:00Z,2025-11-07T04:00:00+01:00,2025-11-07T04:00:00Z,2025-11-07T05:00:00+01:00,1,01:00:00,1,01:00:00,100.0,100.0,2025-11-07T03:00:00Z,2025-11-07T04:00:00+01:00,2025-11-07T04:00:00Z,2025-11-07T05:00:00+01:00
21.729,,,False,1,pm10,µg/m³,,raw,01:00:00,2025-11-07T04:00:00Z,2025-11-07T05:00:00+01:00,2025-11-07T05:00:00Z,2025-11-07T06:00:00+01:00,1,01:00:00,1,01:00:00,100.0,100.0,2025-11-07T04:00:00Z,2025-11-07T05:00:00+01:00,2025-11-07T05:00:00Z,2025-11-07T06:00:00+01:00
25.044,,,False,1,pm10,µg/m³,,raw,01:00:00,2025-11-07T05:00:00Z,2025-11-07T06:00:00+01:00,2025-11-07T06:00:00Z,2025-11-07T07:00:00+01:00,1,01:00:00,1,01:00:00,100.0,100.0,2025-11-07T05:00:00Z,2025-11-07T06:00:00+01:00,2025-11-07T06:00:00Z,2025-11-07T07:00:00+01:00
25.753,,,False,1,pm10,µg/m³,,raw,01:00:00,2025-11-07T06:00:00Z,2025-11-07T07:00:00+01:00,2025-11-07T07:00:00Z,2025-11-07T08:00:00+01:00,1,01:00:00,1,01:00:00,100.0,100.0,2025-11-07T06:00:00Z,2025-11-07T07:00:00+01:00,2025-11-07T07:00:00Z,2025-11-07T08:00:00+01:00
34.402,,,False,1,pm10,µg/m³,,raw,01:00:00,2025-11-07T07:00:00Z,2025-11-07T08:00:00+01:00,2025-11-07T08:00:00Z,2025-11-07T09:00:00+01:00,1,01:00:00,1,01:00:00,100.0,100.0,2025-11-07T07:00:00Z,2025-11-07T08:00:00+01:00,2025-11-07T08:00:00Z,2025-11-07T09:00:00+01:00
35.633,,,False,1,pm10,µg/m³,,raw,01:00:00,2025-11-07T08:00:00Z,2025-11-07T09:00:00+01:00,2025-11-07T09:00:00Z,2025-11-07T10:00:00+01:00,1,01:00:00,1,01:00:00,100.0,100.0,2025-11-07T08:00:00Z,2025-11-07T09:00:00+01:00,2025-11-07T09:00:00Z,2025-11-07T10:00:00+01:00
26.027,,,False,1,pm10,µg/m³,,raw,01:00:00,2025-11-07T09:00:00Z,2025-11-07T10:00:00+01:00,2025-11-07T10:00:00Z,2025-11-07T11:00:00+01:00,1,01:00:00,1,01:00:00,100.0,100.0,2025-11-07T09:00:00Z,2025-11-07T10:00:00+01:00,2025-11-07T10:00:00Z,2025-11-07T11:00:00+01:00
22.464,,,False,1,pm10,µg/m³,,raw,01:00:00,2025-11-07T10:00:00Z,2025-11-07T11:00:00+01:00,2025-11-07T11:00:00Z,2025-11-07T12:00:00+01:00,1,01:00:00,1,01:00:00,100.0,100.0,2025-11-07T10:00:00Z,2025-11-07T11:00:00+01:00,2025-11-07T11:00:00Z,2025-11-07T12:00:00+01:00
21.473,,,False,1,pm10,µg/m³,,raw,01:00:00,2025-11-07T11:00:00Z,2025-11-07T12:00:00+01:00,2025-11-07T12:00:00Z,2025-11-07T13:00:00+01:00,1,01:00:00,1,01:00:00,100.0,100.0,2025-11-07T11:00:00Z,2025-11-07T12:00:00+01:00,2025-11-07T12:00:00Z,2025-11-07T13:00:00+01:00
24.344,,,False,1,pm10,µg/m³,,raw,01:00:00,2025-11-07T12:00:00Z,2025-11-07T13:00:00+01:00,2025-11-07T13:00:00Z,2025-11-07T14:00:00+01:00,1,01:00:00,1,01:00:00,100.0,100.0,2025-11-07T12:00:00Z,2025-11-07T13:00:00+01:00,2025-11-07T13:00:00Z,2025-11-07T14:00:00+01:00
22.857,,,False,1,pm10,µg/m³,,raw,01:00:00,2025-11-07T13:00:00Z,2025-11-07T14:00:00+01:00,2025-11-07T14:00:00Z,2025-11-07T15:00:00+01:00,1,01:00:00,1,01:00:00,100.0,100.0,2025-11-07T13:00:00Z,2025-11-07T14:00:00+01:00,2025-11-07T14:00:00Z,2025-11-07T15:00:00+01:00
22.634,,,False,1,pm10,µg/m³,,raw,01:00:00,2025-11-07T14:00:00Z,2025-11-07T15:00:00+01:00,2025-11-07T15:00:00Z,2025-11-07T16:00:00+01:00,1,01:00:00,1,01:00:00,100.0,100.0,2025-11-07T14:00:00Z,2025-11-07T15:00:00+01:00,2025-11-07T15:00:00Z,2025-11-07T16:00:00+01:00
24.094,,,False,1,pm10,µg/m³,,raw,01:00:00,2025-11-07T15:00:00Z,2025-11-07T16:00:00+01:00,2025-11-07T16:00:00Z,2025-11-07T17:00:00+01:00,1,01:00:00,1,01:00:00,100.0,100.0,2025-11-07T15:00:00Z,2025-11-07T16:00:00+01:00,2025-11-07T16:00:00Z,2025-11-07T17:00:00+01:00
25.781,,,False,1,pm10,µg/m³,,raw,01:00:00,2025-11-07T16:00:00Z,2025-11-07T17:00:00+01:00,2025-11-07T17:00:00Z,2025-11-07T18:00:00+01:00,1,01:00:00,1,01:00:00,100.0,100.0,2025-11-07T16:00:00Z,2025-11-07T17:00:00+01:00,2025-11-07T17:00:00Z,2025-11-07T18:00:00+01:00
26.152,,,False,1,pm10,µg/m³,,raw,01:00:00,2025-11-07T17:00:00Z,2025-11-07T18:00:00+01:00,2025-11-07T18:00:00Z,2025-11-07T19:00:00+01:00,1,01:00:00,1,01:00:00,100.0,100.0,2025-11-07T17:00:00Z,2025-11-07T18:00:00+01:00,2025-11-07T18:00:00Z,2025-11-07T19:00:00+01:00
32.032,,,False,1,pm10,µg/m³,,raw,01:00:00,2025-11-07T18:00:00Z,2025-11-07T19:00:00+01:00,2025-11-07T19:00:00Z,2025-11-07T20:00:00+01:00,1,01:00:00,1,01:00:00,100.0,100.0,2025-11-07T18:00:00Z,2025-11-07T19:00:00+01:00,2025-11-07T19:00:00Z,2025-11-07T20:00:00+01:00
37.135,,,False,1,pm10,µg/m³,,raw,01:00:00,2025-11-07T23:00:00Z,2025-11-08T00:00:00+01:00,2025-11-08T00:00:00Z,2025-11-08T01:00:00+01:00,1,01:00:00,1,01:00:00,100.0,100.0,2025-11-07T23:00:00Z,2025-11-08T00:00:00+01:00,2025-11-08T00:00:00Z,2025-11-08T01:00:00+01:00
40.266,,,False,1,pm10,µg/m³,,raw,01:00:00,2025-11-08T00:00:00Z,2025-11-08T01:00:00+01:00,2025-11-08T01:00:00Z,2025-11-08T02:00:00+01:00,1,01:00:00,1,01:00:00,100.0,100.0,2025-11-08T00:00:00Z,2025-11-08T01:00:00+01:00,2025-11-08T01:00:00Z,2025-11-08T02:00:00+01:00
39.454,,,False,1,pm10,µg/m³,,raw,01:00:00,2025-11-08T01:00:00Z,2025-11-08T02:00:00+01:00,2025-11-08T02:00:00Z,2025-11-08T03:00:00+01:00,1,01:00:00,1,01:00:00,100.0,100.0,2025-11-08T01:00:00Z,2025-11-08T02:00:00+01:00,2025-11-08T02:00:00Z,2025-11-08T03:00:00+01:00
32.58,,,False,1,pm10,µg/m³,,raw,01:00:00,2025-11-08T02:00:00Z,2025-11-08T03:00:00+01:00,2025-11-08T03:00:00Z,2025-11-08T04:00:00+01:00,1,01:00:00,1,01:00:00,100.0,100.0,2025-11-08T02:00:00Z,2025-11-08T03:00:00+01:00,2025-11-08T03:00:00Z,2025-11-08T04:00:00+01:00
30.481,,,False,1,pm10,µg/m³,,raw,01:00:00,2025-11-08T03:00:00Z,2025-11-08T04:00:00+01:00,2025-11-08T04:00:00Z,2025-11-08T05:00:00+01:00,1,01:00:00,1,01:00:00,100.0,100.0,2025-11-08T03:00:00Z,2025-11-08T04:00:00+01:00,2025-11-08T04:00:00Z,2025-11-08T05:00:00+01:00
30.247,,,False,1,pm10,µg/m³,,raw,01:00:00,2025-11-08T04:00:00Z,2025-11-08T05:00:00+01:00,2025-11-08T05:00:00Z,2025-11-08T06:00:00+01:00,1,01:00:00,1,01:00:00,100.0,100.0,2025-11-08T04:00:00Z,2025-11-08T05:00:00+01:00,2025-11-08T05:00:00Z,2025-11-08T06:00:00+01:00
30.8,,,False,1,pm10,µg/m³,,raw,01:00:00,2025-11-08T05:00:00Z,2025-11-08T06:00:00+01:00,2025-11-08T06:00:00Z,2025-11-08T07:00:00+01:00,1,01:00:00,1,01:00:00,100.0,100.0,2025-11-08T05:00:00Z,2025-11-08T06:00:00+01:00,2025-11-08T06:00:00Z,2025-11-08T07:00:00+01:00
26.847,,,False,1,pm10,µg/m³,,raw,01:00:00,2025-11-08T06:00:00Z,2025-11-08T07:00:00+01:00,2025-11-08T07:00:00Z,2025-11-08T08:00:00+01:00,1,01:00:00,1,01:00:00,100.0,100.0,2025-11-08T06:00:00Z,2025-11-08T07:00:00+01:00,2025-11-08T07:00:00Z,2025-11-08T08:00:00+01:00
24.951,,,False,1,pm10,µg/m³,,raw,01:00:00,2025-11-08T07:00:00Z,2025-11-08T08:00:00+01:00,2025-11-08T08:00:00Z,2025-11-08T09:00:00+01:00,1,01:00:00,1,01:00:00,100.0,100.0,2025-11-08T07:00:00Z,2025-11-08T08:00:00+01:00,2025-11-08T08:00:00Z,2025-11-08T09:00:00+01:00
26.903,,,False,1,pm10,µg/m³,,raw,01:00:00,2025-11-08T08:00:00Z,2025-11-08T09:00:00+01:00,2025-11-08T09:00:00Z,2025-11-08T10:00:00+01:00,1,01:00:00,1,01:00:00,100.0,100.0,2025-11-08T08:00:00Z,2025-11-08T09:00:00+01:00,2025-11-08T09:00:00Z,2025-11-08T10:00:00+01:00
30.197,,,False,1,pm10,µg/m³,,raw,01:00:00,2025-11-08T09:00:00Z,2025-11-08T10:00:00+01:00,2025-11-08T10:00:00Z,2025-11-08T11:00:00+01:00,1,01:00:00,1,01:00:00,100.0,100.0,2025-11-08T09:00:00Z,2025-11-08T10:00:00+01:00,2025-11-08T10:00:00Z,2025-11-08T11:00:00+01:00
27.992,,,False,1,pm10,µg/m³,,raw,01:00:00,2025-11-08T10:00:00Z,2025-11-08T11:00:00+01:00,2025-11-08T11:00:00Z,2025-11-08T12:00:00+01:00,1,01:00:00,1,01:00:00,100.0,100.0,2025-11-08T10:00:00Z,2025-11-08T11:00:00+01:00,2025-11-08T11:00:00Z,2025-11-08T12:00:00+01:00
18.354,,,False,1,pm10,µg/m³,,raw,01:00:00,2025-11-08T11:00:00Z,2025-11-08T12:00:00+01:00,2025-11-08T12:00:00Z,2025-11-08T13:00:00+01:00,1,01:00:00,1,01:00:00,100.0,100.0,2025-11-08T11:00:00Z,2025-11-08T12:00:00+01:00,2025-11-08T12:00:00Z,2025-11-08T13:00:00+01:00
16.244,,,False,1,pm10,µg/m³,,raw,01:00:00,2025-11-08T12:00:00Z,2025-11-08T13:00:00+01:00,2025-11-08T13:00:00Z,2025-11-08T14:00:00+01:00,1,01:00:00,1,01:00:00,100.0,100.0,2025-11-08T12:00:00Z,2025-11-08T13:00:00+01:00,2025-11-08T13:00:00Z,2025-11-08T14:00:00+01:00
19.387,,,False,1,pm10,µg/m³,,raw,01:00:00,2025-11-08T13:00:00Z,2025-11-08T14:00:00+01:00,2025-11-08T14:00:00Z,2025-11-08T15:00:00+01:00,1,01:00:00,1,01:00:00,100.0,100.0,2025-11-08T13:00:00Z,2025-11-08T14:00:00+01:00,2025-11-08T14:00:00Z,2025-11-08T15:00:00+01:00
19.093,,,False,1,pm10,µg/m³,,raw,01:00:00,2025-11-08T14:00:00Z,2025-11-08T15:00:00+01:00,2025-11-08T15:00:00Z,2025-11-08T16:00:00+01:00,1,01:00:00,1,01:00:00,100.0,100.0,2025-11-08T14:00:00Z,2025-11-08T15:00:00+01:00,2025-11-08T15:00:00Z,2025-11-08T16:00:00+01:00
19.615,,,False,1,pm10,µg/m³,,raw,01:00:00,2025-11-08T15:00:00Z,2025-11-08T16:00:00+01:00,2025-11-08T16:00:00Z,2025-11-08T17:00:00+01:00,1,01:00:00,1,01:00:00,100.0,100.0,2025-11-08T15:00:00Z,2025-11-08T16:00:00+01:00,2025-11-08T16:00:00Z,2025-11-08T17:00:00+01:00
19.541,,,False,1,pm10,µg/m³,,raw,01:00:00,2025-11-08T16:00:00Z,2025-11-08T17:00:00+01:00,2025-11-08T17:00:00Z,2025-11-08T18:00:00+01:00,1,01:00:00,1,01:00:00,100.0,100.0,2025-11-08T16:00:00Z,2025-11-08T17:00:00+01:00,2025-11-08T17:00:00Z,2025-11-08T18:00:00+01:00
22.578,,,False,1,pm10,µg/m³,,raw,01:00:00,2025-11-08T17:00:00Z,2025-11-08T18:00:00+01:00,2025-11-08T18:00:00Z,2025-11-08T19:00:00+01:00,1,01:00:00,1,01:00:00,100.0,100.0,2025-11-08T17:00:00Z,2025-11-08T18:00:00+01:00,2025-11-08T18:00:00Z,2025-11-08T19:00:00+01:00
19.468,,,False,1,pm10,µg/m³,,raw,01:00:00,2025-11-08T20:00:00Z,2025-11-08T21:00:00+01:00,2025-11-08T21:00:00Z,2025-11-08T22:00:00+01:00,1,01:00:00,1,01:00:00,100.0,100.0,2025-11-08T20:00:00Z,2025-11-08T21:00:00+01:00,2025-11-08T21:00:00Z,2025-11-08T22:00:00+01:00
18.841,,,False,1,pm10,µg/m³,,raw,01:00:00,2025-11-08T21:00:00Z,2025-11-08T22:00:00+01:00,2025-11-08T22:00:00Z,2025-11-08T23:00:00+01:00,1,01:00:00,1,01:00:00,100.0,100.0,2025-11-08T21:00:00Z,2025-11-08T22:00:00+01:00,2025-11-08T22:00:00Z,2025-11-08T23:00:00+01:00
18.801,,,False,1,pm10,µg/m³,,raw,01:00:00,2025-11-08T22:00:00Z,2025-11-08T23:00:00+01:00,2025-11-08T23:00:00Z,2025-11-09T00:00:00+01:00,1,01:00:00,1,01:00:00,100.0,100.0,2025-11-08T22:00:00Z,2025-11-08T23:00:00+01:00,2025-11-08T23:00:00Z,2025-11-09T00:00:00+01:00
16.652,,,False,1,pm10,µg/m³,,raw,01:00:00,2025-11-08T23:00:00Z,2025-11-09T00:00:00+01:00,2025-11-09T00:00:00Z,2025-11-09T01:00:00+01:00,1,01:00:00,1,01:00:00,100.0,100.0,2025-11-08T23:00:00Z,2025-11-09T00:00:00+01:00,2025-11-09T00:00:00Z,2025-11-09T01:00:00+01:00
17.074,,,False,1,pm10,µg/m³,,raw,01:00:00,2025-11-09T00:00:00Z,2025-11-09T01:00:00+01:00,2025-11-09T01:00:00Z,2025-11-09T02:00:00+01:00,1,01:00:00,1,01:00:00,100.0,100.0,2025-11-09T00:00:00Z,2025-11-09T01:00:00+01:00,2025-11-09T01:00:00Z,2025-11-09T02:00:00+01:00
19.091,,,False,1,pm10,µg/m³,,raw,01:00:00,2025-11-09T01:00:00Z,2025-11-09T02:00:00+01:00,2025-11-09T02:00:00Z,2025-11-09T03:00:00+01:00,1,01:00:00,1,01:00:00,100.0,100.0,2025-11-09T01:00:00Z,2025-11-09T02:00:00+01:00,2025-11-09T02:00:00Z,2025-11-09T03:00:00+01:00
14.274,,,False,1,pm10,µg/m³,,raw,01:00:00,2025-11-09T02:00:00Z,2025-11-09T03:00:00+01:00,2025-11-09T03:00:00Z,2025-11-09T04:00:00+01:00,1,01:00:00,1,01:00:00,100.0,100.0,2025-11-09T02:00:00Z,2025-11-09T03:00:00+01:00,2025-11-09T03:00:00Z,2025-11-09T04:00:00+01:00
10.216,,,False,1,pm10,µg/m³,,raw,01:00:00,2025-11-09T03:00:00Z,2025-11-09T04:00:00+01:00,2025-11-09T04:00:00Z,2025-11-09T05:00:00+01:00,1,01:00:00,1,01:00:00,100.0,100.0,2025-11-09T03:00:00Z,2025-11-09T04:00:00+01:00,2025-11-09T04:00:00Z,2025-11-09T05:00:00+01:00
10.232,,,False,1,pm10,µg/m³,,raw,01:00:00,2025-11-09T04:00:00Z,2025-11-09T05:00:00+01:00,2025-11-09T05:00:00Z,2025-11-09T06:00:00+01:00,1,01:00:00,1,01:00:00,100.0,100.0,2025-11-09T04:00:00Z,2025-11-09T05:00:00+01:00,2025-11-09T05:00:00Z,2025-11-09T06:00:00+01:00
10.286,,,False,1,pm10,µg/m³,,raw,01:00:00,2025-11-09T05:00:00Z,2025-11-09T06:00:00+01:00,2025-11-09T06:00:00Z,2025-11-09T07:00:00+01:00,1,01:00:00,1,01:00:00,100.0,100.0,2025-11-09T05:00:00Z,2025-11-09T06:00:00+01:00,2025-11-09T06:00:00Z,2025-11-09T07:00:00+01:00
10.985,,,False,1,pm10,µg/m³,,raw,01:00:00,2025-11-09T06:00:00Z,2025-11-09T07:00:00+01:00,2025-11-09T07:00:00Z,2025-11-09T08:00:00+01:00,1,01:00:00,1,01:00:00,100.0,100.0,2025-11-09T06:00:00Z,2025-11-09T07:00:00+01:00,2025-11-09T07:00:00Z,2025-11-09T08:00:00+01:00
11.952,,,False,1,pm10,µg/m³,,raw,01:00:00,2025-11-09T07:00:00Z,2025-11-09T08:00:00+01:00,2025-11-09T08:00:00Z,2025-11-09T09:00:00+01:00,1,01:00:00,1,01:00:00,100.0,100.0,2025-11-09T07:00:00Z,2025-11-09T08:00:00+01:00,2025-11-09T08:00:00Z,2025-11-09T09:00:00+01:00
12.562,,,False,1,pm10,µg/m³,,raw,01:00:00,2025-11-09T08:00:00Z,2025-11-09T09:00:00+01:00,2025-11-09T09:00:00Z,2025-11-09T10:00:00+01:00,1,01:00:00,1,01:00:00,100.0,100.0,2025-11-09T08:00:00Z,2025-11-09T09:00:00+01:00,2025-11-09T09:00:00Z,2025-11-09T10:00:00+01:00
14.065,,,False,1,pm10,µg/m³,,raw,01:00:00,2025-11-09T09:00:00Z,2025-11-09T10:00:00+01:00,2025-11-09T10:00:00Z,2025-11-09T11:00:00+01:00,1,01:00:00,1,01:00:00,100.0,100.0,2025-11-09T09:00:00Z,2025-11-09T10:00:00+01:00,2025-11-09T10:00:00Z,2025-11-09T11:00:00+01:00
14.509,,,False,1,pm10,µg/m³,,raw,01:00:00,2025-11-09T10:00:00Z,2025-11-09T11:00:00+01:00,2025-11-09T11:00:00Z,2025-11-09T12:00:00+01:00,1,01:00:00,1,01:00:00,100.0,100.0,2025-11-09T10:00:00Z,2025-11-09T11:00:00+01:00,2025-11-09T11:00:00Z,2025-11-09T12:00:00+01:00
12.402,,,False,1,pm10,µg/m³,,raw,01:00:00,2025-11-09T11:00:00Z,2025-11-09T12:00:00+01:00,2025-11-09T12:00:00Z,2025-11-09T13:00:00+01:00,1,01:00:00,1,01:00:00,100.0,100.0,2025-11-09T11:00:00Z,2025-11-09T12:00:00+01:00,2025-11-09T12:00:00Z,2025-11-09T13:00:00+01:00
15.42,,,False,1,pm10,µg/m³,,raw,01:00:00,2025-11-09T12:00:00Z,2025-11-09T13:00:00+01:00,2025-11-09T13:00:00Z,2025-11-09T14:00:00+01:00,1,01:00:00,1,01:00:00,100.0,100.0,2025-11-09T12:00:00Z,2025-11-09T13:00:00+01:00,2025-11-09T13:00:00Z,2025-11-09T14:00:00+01:00
17.834,,,False,1,pm10,µg/m³,,raw,01:00:00,2025-11-09T13:00:00Z,2025-11-09T14:00:00+01:00,2025-11-09T14:00:00Z,2025-11-09T15:00:00+01:00,1,01:00:00,1,01:00:00,100.0,100.0,2025-11-09T13:00:00Z,2025-11-09T14:00:00+01:00,2025-11-09T14:00:00Z,2025-11-09T15:00:00+01:00
23.438,,,False,1,pm10,µg/m³,,raw,01:00:00,2025-11-09T14:00:00Z,2025-11-09T15:00:00+01:00,2025-11-09T15:00:00Z,2025-11-09T16:00:00+01:00,1,01:00:00,1,01:00:00,100.0,100.0,2025-11-09T14:00:00Z,2025-11-09T15:00:00+01:00,2025-11-09T15:00:00Z,2025-11-09T16:00:00+01:00
19.525,,,False,1,pm10,µg/m³,,raw,01:00:00,2025-11-09T15:00:00Z,2025-11-09T16:00:00+01:00,2025-11-09T16:00:00Z,2025-11-09T17:00:00+01:00,1,01:00:00,1,01:00:00,100.0,100.0,2025-11-09T15:00:00Z,2025-11-09T16:00:00+01:00,2025-11-09T16:00:00Z,2025-11-09T17:00:00+01:00
16.538,,,False,1,pm10,µg/m³,,raw,01:00:00,2025-11-09T16:00:00Z,2025-11-09T17:00:00+01:00,2025-11-09T17:00:00Z,2025-11-09T18:00:00+01:00,1,01:00:00,1,01:00:00,100.0,100.0,2025-11-09T16:00:00Z,2025-11-09T17:00:00+01:00,2025-11-09T17:00:00Z,2025-11-09T18:00:00+01:00
18.258,,,False,1,pm10,µg/m³,,raw,01:00:00,2025-11-09T17:00:00Z,2025-11-09T18:00:00+01:00,2025-11-09T18:00:00Z,2025-11-09T19:00:00+01:00,1,01:00:00,1,01:00:00,100.0,100.0,2025-11-09T17:00:00Z,2025-11-09T18:00:00+01:00,2025-11-09T18:00:00Z,2025-11-09T19:00:00+01:00
8.718,,,False,1,pm10,µg/m³,,raw,01:00:00,2025-11-09T18:00:00Z,2025-11-09T19:00:00+01:00,2025-11-09T19:00:00Z,2025-11-09T20:00:00+01:00,1,01:00:00,1,01:00:00,100.0,100.0,2025-11-09T18:00:00Z,2025-11-09T19:00:00+01:00,2025-11-09T19:00:00Z,2025-11-09T20:00:00+01:00
28.177,,,False,1,pm10,µg/m³,,raw,01:00:00,2025-11-09T20:00:00Z,2025-11-09T21:00:00+01:00,2025-11-09T21:00:00Z,2025-11-09T22:00:00+01:00,1,01:00:00,1,01:00:00,100.0,100.0,2025-11-09T20:00:00Z,2025-11-09T21:00:00+01:00,2025-11-09T21:00:00Z,2025-11-09T22:00:00+01:00
26.288,,,False,1,pm10,µg/m³,,raw,01:00:00,2025-11-09T21:00:00Z,2025-11-09T22:00:00+01:00,2025-11-09T22:00:00Z,2025-11-09T23:00:00+01:00,1,01:00:00,1,01:00:00,100.0,100.0,2025-11-09T21:00:00Z,2025-11-09T22:00:00+01:00,2025-11-09T22:00:00Z,2025-11-09T23:00:00+01:00
22.321,,,False,1,pm10,µg/m³,,raw,01:00:00,2025-11-09T22:00:00Z,2025-11-09T23:00:00+01:00,2025-11-09T23:00:00Z,2025-11-10T00:00:00+01:00,1,01:00:00,1,01:00:00,100.0,100.0,2025-11-09T22:00:00Z,2025-11-09T23:00:00+01:00,2025-11-09T23:00:00Z,2025-11-10T00:00:00+01:00
16.706,,,False,1,pm10,µg/m³,,raw,01:00:00,2025-11-09T23:00:00Z,2025-11-10T00:00:00+01:00,2025-11-10T00:00:00Z,2025-11-10T01:00:00+01:00,1,01:00:00,1,01:00:00,100.0,100.0,2025-11-09T23:00:00Z,2025-11-10T00:00:00+01:00,2025-11-10T00:00:00Z,2025-11-10T01:00:00+01:00
15.876,,,False,1,pm10,µg/m³,,raw,01:00:00,2025-11-10T00:00:00Z,2025-11-10T01:00:00+01:00,2025-11-10T01:00:00Z,2025-11-10T02:00:00+01:00,1,01:00:00,1,01:00:00,100.0,100.0,2025-11-10T00:00:00Z,2025-11-10T01:00:00+01:00,2025-11-10T01:00:00Z,2025-11-10T02:00:00+01:00
17.129,,,False,1,pm10,µg/m³,,raw,01:00:00,2025-11-10T01:00:00Z,2025-11-10T02:00:00+01:00,2025-11-10T02:00:00Z,2025-11-10T03:00:00+01:00,1,01:00:00,1,01:00:00,100.0,100.0,2025-11-10T01:00:00Z,2025-11-10T02:00:00+01:00,2025-11-10T02:00:00Z,2025-11-10T03:00:00+01:00
13.688,,,False,1,pm10,µg/m³,,raw,01:00:00,2025-11-10T02:00:00Z,2025-11-10T03:00:00+01:00,2025-11-10T03:00:00Z,2025-11-10T04:00:00+01:00,1,01:00:00,1,01:00:00,100.0,100.0,2025-11-10T02:00:00Z,2025-11-10T03:00:00+01:00,2025-11-10T03:00:00Z,2025-11-10T04:00:00+01:00
11.979,,,False,1,pm10,µg/m³,,raw,01:00:00,2025-11-10T03:00:00Z,2025-11-10T04:00:00+01:00,2025-11-10T04:00:00Z,2025-11-10T05:00:00+01:00,1,01:00:00,1,01:00:00,100.0,100.0,2025-11-10T03:00:00Z,2025-11-10T04:00:00+01:00,2025-11-10T04:00:00Z,2025-11-10T05:00:00+01:00
10.914,,,False,1,pm10,µg/m³,,raw,01:00:00,2025-11-10T04:00:00Z,2025-11-10T05:00:00+01:00,2025-11-10T05:00:00Z,2025-11-10T06:00:00+01:00,1,01:00:00,1,01:00:00,100.0,100.0,2025-11-10T04:00:00Z,2025-11-10T05:00:00+01:00,2025-11-10T05:00:00Z,2025-11-10T06:00:00+01:00
12.697,,,False,1,pm10,µg/m³,,raw,01:00:00,2025-11-10T05:00:00Z,2025-11-10T06:00:00+01:00,2025-11-10T06:00:00Z,2025-11-10T07:00:00+01:00,1,01:00:00,1,01:00:00,100.0,100.0,2025-11-10T05:00:00Z,2025-11-10T06:00:00+01:00,2025-11-10T06:00:00Z,2025-11-10T07:00:00+01:00
16.229,,,False,1,pm10,µg/m³,,raw,01:00:00,2025-11-10T06:00:00Z,2025-11-10T07:00:00+01:00,2025-11-10T07:00:00Z,2025-11-10T08:00:00+01:00,1,01:00:00,1,01:00:00,100.0,100.0,2025-11-10T06:00:00Z,2025-11-10T07:00:00+01:00,2025-11-10T07:00:00Z,2025-11-10T08:00:00+01:00
17.462,,,False,1,pm10,µg/m³,,raw,01:00:00,2025-11-10T07:00:00Z,2025-11-10T08:00:00+01:00,2025-11-10T08:00:00Z,2025-11-10T09:00:00+01:00,1,01:00:00,1,01:00:00,100.0,100.0,2025-11-10T07:00:00Z,2025-11-10T08:00:00+01:00,2025-11-10T08:00:00Z,2025-11-10T09:00:00+01:00
22.324,,,False,1,pm10,µg/m³,,raw,01:00:00,2025-11-10T08:00:00Z,2025-11-10T09:00:00+01:00,2025-11-10T09:00:00Z,2025-11-10T10:00:00+01:00,1,01:00:00,1,01:00:00,100.0,100.0,2025-11-10T08:00:00Z,2025-11-10T09:00:00+01:00,2025-11-10T09:00:00Z,2025-11-10T10:00:00+01:00
20.581,,,False,1,pm10,µg/m³,,raw,01:00:00,2025-11-10T09:00:00Z,2025-11-10T10:00:00+01:00,2025-11-10T10:00:00Z,2025-11-10T11:00:00+01:00,1,01:00:00,1,01:00:00,100.0,100.0,2025-11-10T09:00:00Z,2025-11-10T10:00:00+01:00,2025-11-10T10:00:00Z,2025-11-10T11:00:00+01:00
20.73,,,False,1,pm10,µg/m³,,raw,01:00:00,2025-11-10T10:00:00Z,2025-11-10T11:00:00+01:00,2025-11-10T11:00:00Z,2025-11-10T12:00:00+01:00,1,01:00:00,1,01:00:00,100.0,100.0,2025-11-10T10:00:00Z,2025-11-10T11:00:00+01:00,2025-11-10T11:00:00Z,2025-11-10T12:00:00+01:00
15.684,,,False,1,pm10,µg/m³,,raw,01:00:00,2025-11-10T11:00:00Z,2025-11-10T12:00:00+01:00,2025-11-10T12:00:00Z,2025-11-10T13:00:00+01:00,1,01:00:00,1,01:00:00,100.0,100.0,2025-11-10T11:00:00Z,2025-11-10T12:00:00+01:00,2025-11-10T12:00:00Z,2025-11-10T13:00:00+01:00
16.724,,,False,1,pm10,µg/m³,,raw,01:00:00,2025-11-10T12:00:00Z,2025-11-10T13:00:00+01:00,2025-11-10T13:00:00Z,2025-11-10T14:00:00+01:00,1,01:00:00,1,01:00:00,100.0,100.0,2025-11-10T12:00:00Z,2025-11-10T13:00:00+01:00,2025-11-10T13:00:00Z,2025-11-10T14:00:00+01:00
18.145,,,False,1,pm10,µg/m³,,raw,01:00:00,2025-11-10T13:00:00Z,2025-11-10T14:00:00+01:00,2025-11-10T14:00:00Z,2025-11-10T15:00:00+01:00,1,01:00:00,1,01:00:00,100.0,100.0,2025-11-10T13:00:00Z,2025-11-10T14:00:00+01:00,2025-11-10T14:00:00Z,2025-11-10T15:00:00+01:00
16.917,,,False,1,pm10,µg/m³,,raw,01:00:00,2025-11-10T14:00:00Z,2025-11-10T15:00:00+01:00,2025-11-10T15:00:00Z,2025-11-10T16:00:00+01:00,1,01:00:00,1,01:00:00,100.0,100.0,2025-11-10T14:00:00Z,2025-11-10T15:00:00+01:00,2025-11-10T15:00:00Z,2025-11-10T16:00:00+01:00
20.158,,,False,1,pm10,µg/m³,,raw,01:00:00,2025-11-10T15:00:00Z,2025-11-10T16:00:00+01:00,2025-11-10T16:00:00Z,2025-11-10T17:00:00+01:00,1,01:00:00,1,01:00:00,100.0,100.0,2025-11-10T15:00:00Z,2025-11-10T16:00:00+01:00,2025-11-10T16:00:00Z,2025-11-10T17:00:00+01:00
22.396,,,False,1,pm10,µg/m³,,raw,01:00:00,2025-11-10T16:00:00Z,2025-11-10T17:00:00+01:00,2025-11-10T17:00:00Z,2025-11-10T18:00:00+01:00,1,01:00:00,1,01:00:00,100.0,100.0,2025-11-10T16:00:00Z,2025-11-10T17:00:00+01:00,2025-11-10T17:00:00Z,2025-11-10T18:00:00+01:00
25.125,,,False,1,pm10,µg/m³,,raw,01:00:00,2025-11-10T17:00:00Z,2025-11-10T18:00:00+01:00,2025-11-10T18:00:00Z,2025-11-10T19:00:00+01:00,1,01:00:00,1,01:00:00,100.0,100.0,2025-11-10T17:00:00Z,2025-11-10T18:00:00+01:00,2025-11-10T18:00:00Z,2025-11-10T19:00:00+01:00
30.558,,,False,1,pm10,µg/m³,,raw,01:00:00,2025-11-10T18:00:00Z,2025-11-10T19:00:00+01:00,2025-11-10T19:00:00Z,2025-11-10T20:00:00+01:00,1,01:00:00,1,01:00:00,100.0,100.0,2025-11-10T18:00:00Z,2025-11-10T19:00:00+01:00,2025-11-10T19:00:00Z,2025-11-10T20:00:00+01:00
29.934,,,False,1,pm10,µg/m³,,raw,01:00:00,2025-11-10T19:00:00Z,2025-11-10T20:00:00+01:00,2025-11-10T20:00:00Z,2025-11-10T21:00:00+01:00,1,01:00:00,1,01:00:00,100.0,100.0,2025-11-10T19:00:00Z,2025-11-10T20:00:00+01:00,2025-11-10T20:00:00Z,2025-11-10T21:00:00+01:00
28.326,,,False,1,pm10,µg/m³,,raw,01:00:00,2025-11-10T20:00:00Z,2025-11-10T21:00:00+01:00,2025-11-10T21:00:00Z,2025-11-10T22:00:00+01:00,1,01:00:00,1,01:00:00,100.0,100.0,2025-11-10T20:00:00Z,2025-11-10T21:00:00+01:00,2025-11-10T21:00:00Z,2025-11-10T22:00:00+01:00
33.02,,,False,1,pm10,µg/m³,,raw,01:00:00,2025-11-10T21:00:00Z,2025-11-10T22:00:00+01:00,2025-11-10T22:00:00Z,2025-11-10T23:00:00+01:00,1,01:00:00,1,01:00:00,100.0,100.0,2025-11-10T21:00:00Z,2025-11-10T22:00:00+01:00,2025-11-10T22:00:00Z,2025-11-10T23:00:00+01:00
27.502,,,False,1,pm10,µg/m³,,raw,01:00:00,2025-11-10T22:00:00Z,2025-11-10T23:00:00+01:00,2025-11-10T23:00:00Z,2025-11-11T00:00:00+01:00,1,01:00:00,1,01:00:00,100.0,100.0,2025-11-10T22:00:00Z,2025-11-10T23:00:00+01:00,2025-11-10T23:00:00Z,2025-11-11T00:00:00+01:00
25.973,,,False,1,pm10,µg/m³,,raw,01:00:00,2025-11-10T23:00:00Z,2025-11-11T00:00:00+01:00,2025-11-11T00:00:00Z,2025-11-11T01:00:00+01:00,1,01:00:00,1,01:00:00,100.0,100.0,2025-11-10T23:00:00Z,2025-11-11T00:00:00+01:00,2025-11-11T00:00:00Z,2025-11-11T01:00:00+01:00
25.766,,,False,1,pm10,µg/m³,,raw,01:00:00,2025-11-11T00:00:00Z,2025-11-11T01:00:00+01:00,2025-11-11T01:00:00Z,2025-11-11T02:00:00+01:00,1,01:00:00,1,01:00:00,100.0,100.0,2025-11-11T00:00:00Z,2025-11-11T01:00:00+01:00,2025-11-11T01:00:00Z,2025-11-11T02:00:00+01:00
24.141,,,False,1,pm10,µg/m³,,raw,01:00:00,2025-11-11T01:00:00Z,2025-11-11T02:00:00+01:00,2025-11-11T02:00:00Z,2025-11-11T03:00:00+01:00,1,01:00:00,1,01:00:00,100.0,100.0,2025-11-11T01:00:00Z,2025-11-11T02:00:00+01:00,2025-11-11T02:00:00Z,2025-11-11T03:00:00+01:00
15.81,,,False,1,pm10,µg/m³,,raw,01:00:00,2025-11-11T02:00:00Z,2025-11-11T03:00:00+01:00,2025-11-11T03:00:00Z,2025-11-11T04:00:00+01:00,1,01:00:00,1,01:00:00,100.0,100.0,2025-11-11T02:00:00Z,2025-11-11T03:00:00+01:00,2025-11-11T03:00:00Z,2025-11-11T04:00:00+01:00
13.34,,,False,1,pm10,µg/m³,,raw,01:00:00,2025-11-11T03:00:00Z,2025-11-11T04:00:00+01:00,2025-11-11T04:00:00Z,2025-11-11T05:00:00+01:00,1,01:00:00,1,01:00:00,100.0,100.0,2025-11-11T03:00:00Z,2025-11-11T04:00:00+01:00,2025-11-11T04:00:00Z,2025-11-11T05:00:00+01:00
12.851,,,False,1,pm10,µg/m³,,raw,01:00:00,2025-11-11T04:00:00Z,2025-11-11T05:00:00+01:00,2025-11-11T05:00:00Z,2025-11-11T06:00:00+01:00,1,01:00:00,1,01:00:00,100.0,100.0,2025-11-11T04:00:00Z,2025-11-11T05:00:00+01:00,2025-11-11T05:00:00Z,2025-11-11T06:00:00+01:00
11.569,,,False,1,pm10,µg/m³,,raw,01:00:00,2025-11-11T05:00:00Z,2025-11-11T06:00:00+01:00,2025-11-11T06:00:00Z,2025-11-11T07:00:00+01:00,1,01:00:00,1,01:00:00,100.0,100.0,2025-11-11T05:00:00Z,2025-11-11T06:00:00+01:00,2025-11-11T06:00:00Z,2025-11-11T07:00:00+01:00
14.161,,,False,1,pm10,µg/m³,,raw,01:00:00,2025-11-11T06:00:00Z,2025-11-11T07:00:00+01:00,2025-11-11T07:00:00Z,2025-11-11T08:00:00+01:00,1,01:00:00,1,01:00:00,100.0,100.0,2025-11-11T06:00:00Z,2025-11-11T07:00:00+01:00,2025-11-11T07:00:00Z,2025-11-11T08:00:00+01:00
12.068,,,False,1,pm10,µg/m³,,raw,01:00:00,2025-11-11T07:00:00Z,2025-11-11T08:00:00+01:00,2025-11-11T08:00:00Z,2025-11-11T09:00:00+01:00,1,01:00:00,1,01:00:00,100.0,100.0,2025-11-11T07:00:00Z,2025-11-11T08:00:00+01:00,2025-11-11T08:00:00Z,2025-11-11T09:00:00+01:00
17.894,,,False,1,pm10,µg/m³,,raw,01:00:00,2025-11-11T08:00:00Z,2025-11-11T09:00:00+01:00,2025-11-11T09:00:00Z,2025-11-11T10:00:00+01:00,1,01:00:00,1,01:00:00,100.0,100.0,2025-11-11T08:00:00Z,2025-11-11T09:00:00+01:00,2025-11-11T09:00:00Z,2025-11-11T10:00:00+01:00
4.364,,,False,1,pm10,µg/m³,,raw,01:00:00,2025-11-11T13:00:00Z,2025-11-11T14:00:00+01:00,2025-11-11T14:00:00Z,2025-11-11T15:00:00+01:00,1,01:00:00,1,01:00:00,100.0,100.0,2025-11-11T13:00:00Z,2025-11-11T14:00:00+01:00,2025-11-11T14:00:00Z,2025-11-11T15:00:00+01:00
4.34,,,False,1,pm10,µg/m³,,raw,01:00:00,2025-11-11T14:00:00Z,2025-11-11T15:00:00+01:00,2025-11-11T15:00:00Z,2025-11-11T16:00:00+01:00,1,01:00:00,1,01:00:00,100.0,100.0,2025-11-11T14:00:00Z,2025-11-11T15:00:00+01:00,2025-11-11T15:00:00Z,2025-11-11T16:00:00+01:00
12.739,,,False,1,pm10,µg/m³,,raw,01:00:00,2025-11-11T15:00:00Z,2025-11-11T16:00:00+01:00,2025-11-11T16:00:00Z,2025-11-11T17:00:00+01:00,1,01:00:00,1,01:00:00,100.0,100.0,2025-11-11T15:00:00Z,2025-11-11T16:00:00+01:00,2025-11-11T16:00:00Z,2025-11-11T17:00:00+01:00
16.143,,,False,1,pm10,µg/m³,,raw,01:00:00,2025-11-11T16:00:00Z,2025-11-11T17:00:00+01:00,2025-11-11T17:00:00Z,2025-11-11T18:00:00+01:00,1,01:00:00,1,01:00:00,100.0,100.0,2025-11-11T16:00:00Z,2025-11-11T17:00:00+01:00,2025-11-11T17:00:00Z,2025-11-11T18:00:00+01:00
12.765,,,False,1,pm10,µg/m³,,raw,01:00:00,2025-11-11T17:00:00Z,2025-11-11T18:00:00+01:00,2025-11-11T18:00:00Z,2025-11-11T19:00:00+01:00,1,01:00:00,1,01:00:00,100.0,100.0,2025-11-11T17:00:00Z,2025-11-11T18:00:00+01:00,2025-11-11T18:00:00Z,2025-11-11T19:00:00+01:00
15.028,,,False,1,pm10,µg/m³,,raw,01:00:00,2025-11-11T18:00:00Z,2025-11-11T19:00:00+01:00,2025-11-11T19:00:00Z,2025-11-11T20:00:00+01:00,1,01:00:00,1,01:00:00,100.0,100.0,2025-11-11T18:00:00Z,2025-11-11T19:00:00+01:00,2025-11-11T19:00:00Z,2025-11-11T20:00:00+01:00
20.227,,,False,1,pm10,µg/m³,,raw,01:00:00,2025-11-11T20:00:00Z,2025-11-11T21:00:00+01:00,2025-11-11T21:00:00Z,2025-11-11T22:00:00+01:00,1,01:00:00,1,01:00:00,100.0,100.0,2025-11-11T20:00:00Z,2025-11-11T21:00:00+01:00,2025-11-11T21:00:00Z,2025-11-11T22:00:00+01:00
20.594,,,False,1,pm10,µg/m³,,raw,01:00:00,2025-11-11T21:00:00Z,2025-11-11T22:00:00+01:00,2025-11-11T22:00:00Z,2025-11-11T23:00:00+01:00,1,01:00:00,1,01:00:00,100.0,100.0,2025-11-11T21:00:00Z,2025-11-11T22:00:00+01:00,2025-11-11T22:00:00Z,2025-11-11T23:00:00+01:00
19.444,,,False,1,pm10,µg/m³,,raw,01:00:00,2025-11-11T22:00:00Z,2025-11-11T23:00:00+01:00,2025-11-11T23:00:00Z,2025-11-12T00:00:00+01:00,1,01:00:00,1,01:00:00,100.0,100.0,2025-11-11T22:00:00Z,2025-11-11T23:00:00+01:00,2025-11-11T23:00:00Z,2025-11-12T00:00:00+01:00
17.473,,,False,1,pm10,µg/m³,,raw,01:00:00,2025-11-11T23:00:00Z,2025-11-12T00:00:00+01:00,2025-11-12T00:00:00Z,2025-11-12T01:00:00+01:00,1,01:00:00,1,01:00:00,100.0,100.0,2025-11-11T23:00:00Z,2025-11-12T00:00:00+01:00,2025-11-12T00:00:00Z,2025-11-12T01:00:00+01:00
18.697,,,False,1,pm10,µg/m³,,raw,01:00:00,2025-11-12T00:00:00Z,2025-11-12T01:00:00+01:00,2025-11-12T01:00:00Z,2025-11-12T02:00:00+01:00,1,01:00:00,1,01:00:00,100.0,100.0,2025-11-12T00:00:00Z,2025-11-12T01:00:00+01:00,2025-11-12T01:00:00Z,2025-11-12T02:00:00+01:00
20.115,,,False,1,pm10,µg/m³,,raw,01:00:00,2025-11-12T01:00:00Z,2025-11-12T02:00:00+01:00,2025-11-12T02:00:00Z,2025-11-12T03:00:00+01:00,1,01:00:00,1,01:00:00,100.0,100.0,2025-11-12T01:00:00Z,2025-11-12T02:00:00+01:00,2025-11-12T02:00:00Z,2025-11-12T03:00:00+01:00
13.43,,,False,1,pm10,µg/m³,,raw,01:00:00,2025-11-12T02:00:00Z,2025-11-12T03:00:00+01:00,2025-11-12T03:00:00Z,2025-11-12T04:00:00+01:00,1,01:00:00,1,01:00:00,100.0,100.0,2025-11-12T02:00:00Z,2025-11-12T03:00:00+01:00,2025-11-12T03:00:00Z,2025-11-12T04:00:00+01:00
7.72,,,False,1,pm10,µg/m³,,raw,01:00:00,2025-11-12T03:00:00Z,2025-11-12T04:00:00+01:00,2025-11-12T04:00:00Z,2025-11-12T05:00:00+01:00,1,01:00:00,1,01:00:00,100.0,100.0,2025-11-12T03:00:00Z,2025-11-12T04:00:00+01:00,2025-11-12T04:00:00Z,2025-11-12T05:00:00+01:00
11.54,,,False,1,pm10,µg/m³,,raw,01:00:00,2025-11-12T04:00:00Z,2025-11-12T05:00:00+01:00,2025-11-12T05:00:00Z,2025-11-12T06:00:00+01:00,1,01:00:00,1,01:00:00,100.0,100.0,2025-11-12T04:00:00Z,2025-11-12T05:00:00+01:00,2025-11-12T05:00:00Z,2025-11-12T06:00:00+01:00
11.289,,,False,1,pm10,µg/m³,,raw,01:00:00,2025-11-12T05:00:00Z,2025-11-12T06:00:00+01:00,2025-11-12T06:00:00Z,2025-11-12T07:00:00+01:00,1,01:00:00,1,01:00:00,100.0,100.0,2025-11-12T05:00:00Z,2025-11-12T06:00:00+01:00,2025-11-12T06:00:00Z,2025-11-12T07:00:00+01:00
16.702,,,False,1,pm10,µg/m³,,raw,01:00:00,2025-11-12T06:00:00Z,2025-11-12T07:00:00+01:00,2025-11-12T07:00:00Z,2025-11-12T08:00:00+01:00,1,01:00:00,1,01:00:00,100.0,100.0,2025-11-12T06:00:00Z,2025-11-12T07:00:00+01:00,2025-11-12T07:00:00Z,2025-11-12T08:00:00+01:00
28.314,,,False,1,pm10,µg/m³,,raw,01:00:00,2025-11-12T07:00:00Z,2025-11-12T08:00:00+01:00,2025-11-12T08:00:00Z,2025-11-12T09:00:00+01:00,1,01:00:00,1,01:00:00,100.0,100.0,2025-11-12T07:00:00Z,2025-11-12T08:00:00+01:00,2025-11-12T08:00:00Z,2025-11-12T09:00:00+01:00
23.715,,,False,1,pm10,µg/m³,,raw,01:00:00,2025-11-12T09:00:00Z,2025-11-12T10:00:00+01:00,2025-11-12T10:00:00Z,2025-11-12T11:00:00+01:00,1,01:00:00,1,01:00:00,100.0,100.0,2025-11-12T09:00:00Z,2025-11-12T10:00:00+01:00,2025-11-12T10:00:00Z,2025-11-12T11:00:00+01:00
16.839,,,False,1,pm10,µg/m³,,raw,01:00:00,2025-11-12T10:00:00Z,2025-11-12T11:00:00+01:00,2025-11-12T11:00:00Z,2025-11-12T12:00:00+01:00,1,01:00:00,1,01:00:00,100.0,100.0,2025-11-12T10:00:00Z,2025-11-12T11:00:00+01:00,2025-11-12T11:00:00Z,2025-11-12T12:00:00+01:00
19.605,,,False,1,pm10,µg/m³,,raw,01:00:00,2025-11-12T11:00:00Z,2025-11-12T12:00:00+01:00,2025-11-12T12:00:00Z,2025-11-12T13:00:00+01:00,1,01:00:00,1,01:00:00,100.0,100.0,2025-11-12T11:00:00Z,2025-11-12T12:00:00+01:00,2025-11-12T12:00:00Z,2025-11-12T13:00:00+01:00
19.18,,,False,1,pm10,µg/m³,,raw,01:00:00,2025-11-12T17:00:00Z,2025-11-12T18:00:00+01:00,2025-11-12T18:00:00Z,2025-11-12T19:00:00+01:00,1,01:00:00,1,01:00:00,100.0,100.0,2025-11-12T17:00:00Z,2025-11-12T18:00:00+01:00,2025-11-12T18:00:00Z,2025-11-12T19:00:00+01:00
22.239,,,False,1,pm10,µg/m³,,raw,01:00:00,2025-11-12T18:00:00Z,2025-11-12T19:00:00+01:00,2025-11-12T19:00:00Z,2025-11-12T20:00:00+01:00,1,01:00:00,1,01:00:00,100.0,100.0,2025-11-12T18:00:00Z,2025-11-12T19:00:00+01:00,2025-11-12T19:00:00Z,2025-11-12T20:00:00+01:00
20.067,,,False,1,pm10,µg/m³,,raw,01:00:00,2025-11-12T19:00:00Z,2025-11-12T20:00:00+01:00,2025-11-12T20:00:00Z,2025-11-12T21:00:00+01:00,1,01:00:00,1,01:00:00,100.0,100.0,2025-11-12T19:00:00Z,2025-11-12T20:00:00+01:00,2025-11-12T20:00:00Z,2025-11-12T21:00:00+01:00
14.196,,,False,1,pm10,µg/m³,,raw,01:00:00,2025-11-12T20:00:00Z,2025-11-12T21:00:00+01:00,2025-11-12T21:00:00Z,2025-11-12T22:00:00+01:00,1,01:00:00,1,01:00:00,100.0,100.0,2025-11-12T20:00:00Z,2025-11-12T21:00:00+01:00,2025-11-12T21:00:00Z,2025-11-12T22:00:00+01:00
12.335,,,False,1,pm10,µg/m³,,raw,01:00:00,2025-11-12T21:00:00Z,2025-11-12T22:00:00+01:00,2025-11-12T22:00:00Z,2025-11-12T23:00:00+01:00,1,01:00:00,1,01:00:00,100.0,100.0,2025-11-12T21:00:00Z,2025-11-12T22:00:00+01:00,2025-11-12T22:00:00Z,2025-11-12T23:00:00+01:00
15.538,,,False,1,pm10,µg/m³,,raw,01:00:00,2025-11-12T22:00:00Z,2025-11-12T23:00:00+01:00,2025-11-12T23:00:00Z,2025-11-13T00:00:00+01:00,1,01:00:00,1,01:00:00,100.0,100.0,2025-11-12T22:00:00Z,2025-11-12T23:00:00+01:00,2025-11-12T23:00:00Z,2025-11-13T00:00:00+01:00
12.302,,,False,1,pm10,µg/m³,,raw,01:00:00,2025-11-12T23:00:00Z,2025-11-13T00:00:00+01:00,2025-11-13T00:00:00Z,2025-11-13T01:00:00+01:00,1,01:00:00,1,01:00:00,100.0,100.0,2025-11-12T23:00:00Z,2025-11-13T00:00:00+01:00,2025-11-13T00:00:00Z,2025-11-13T01:00:00+01:00
10.202,,,False,1,pm10,µg/m³,,raw,01:00:00,2025-11-13T00:00:00Z,2025-11-13T01:00:00+01:00,2025-11-13T01:00:00Z,2025-11-13T02:00:00+01:00,1,01:00:00,1,01:00:00,100.0,100.0,2025-11-13T00:00:00Z,2025-11-13T01:00:00+01:00,2025-11-13T01:00:00Z,2025-11-13T02:00:00+01:00
7.16,,,False,1,pm10,µg/m³,,raw,01:00:00,2025-11-13T01:00:00Z,2025-11-13T02:00:00+01:00,2025-11-13T02:00:00Z,2025-11-13T03:00:00+01:00,1,01:00:00,1,01:00:00,100.0,100.0,2025-11-13T01:00:00Z,2025-11-13T02:00:00+01:00,2025-11-13T02:00:00Z,2025-11-13T03:00:00+01:00
4.338,,,False,1,pm10,µg/m³,,raw,01:00:00,2025-11-13T02:00:00Z,2025-11-13T03:00:00+01:00,2025-11-13T03:00:00Z,2025-11-13T04:00:00+01:00,1,01:00:00,1,01:00:00,100.0,100.0,2025-11-13T02:00:00Z,2025-11-13T03:00:00+01:00,2025-11-13T03:00:00Z,2025-11-13T04:00:00+01:00
6.587,,,False,1,pm10,µg/m³,,raw,01:00:00,2025-11-13T03:00:00Z,2025-11-13T04:00:00+01:00,2025-11-13T04:00:00Z,2025-11-13T05:00:00+01:00,1,01:00:00,1,01:00:00,100.0,100.0,2025-11-13T03:00:00Z,2025-11-13T04:00:00+01:00,2025-11-13T04:00:00Z,2025-11-13T05:00:00+01:00
7.094,,,False,1,pm10,µg/m³,,raw,01:00:00,2025-11-13T05:00:00Z,2025-11-13T06:00:00+01:00,2025-11-13T06:00:00Z,2025-11-13T07:00:00+01:00,1,01:00:00,1,01:00:00,100.0,100.0,2025-11-13T05:00:00Z,2025-11-13T06:00:00+01:00,2025-11-13T06:00:00Z,2025-11-13T07:00:00+01:00
14.994,,,False,1,pm10,µg/m³,,raw,01:00:00,2025-11-13T06:00:00Z,2025-11-13T07:00:00+01:00,2025-11-13T07:00:00Z,2025-11-13T08:00:00+01:00,1,01:00:00,1,01:00:00,100.0,100.0,2025-11-13T06:00:00Z,2025-11-13T07:00:00+01:00,2025-11-13T07:00:00Z,2025-11-13T08:00:00+01:00
23.872,,,False,1,pm10,µg/m³,,raw,01:00:00,2025-11-13T07:00:00Z,2025-11-13T08:00:00+01:00,2025-11-13T08:00:00Z,2025-11-13T09:00:00+01:00,1,01:00:00,1,01:00:00,100.0,100.0,2025-11-13T07:00:00Z,2025-11-13T08:00:00+01:00,2025-11-13T08:00:00Z,2025-11-13T09:00:00+01:00
30.5,,,False,1,pm10,µg/m³,,raw,01:00:00,2025-11-13T08:00:00Z,2025-11-13T09:00:00+01:00,2025-11-13T09:00:00Z,2025-11-13T10:00:00+01:00,1,01:00:00,1,01:00:00,100.0,100.0,2025-11-13T08:00:00Z,2025-11-13T09:00:00+01:00,2025-11-13T09:00:00Z,2025-11-13T10:00:00+01:00
23.319,,,False,1,pm10,µg/m³,,raw,01:00:00,2025-11-13T09:00:00Z,2025-11-13T10:00:00+01:00,2025-11-13T10:00:00Z,2025-11-13T11:00:00+01:00,1,01:00:00,1,01:00:00,100.0,100.0,2025-11-13T09:00:00Z,2025-11-13T10:00:00+01:00,2025-11-13T10:00:00Z,2025-11-13T11:00:00+01:00
17.796,,,False,1,pm10,µg/m³,,raw,01:00:00,2025-11-13T10:00:00Z,2025-11-13T11:00:00+01:00,2025-11-13T11:00:00Z,2025-11-13T12:00:00+01:00,1,01:00:00,1,01:00:00,100.0,100.0,2025-11-13T10:00:00Z,2025-11-13T11:00:00+01:00,2025-11-13T11:00:00Z,2025-11-13T12:00:00+01:00
19.085,,,False,1,pm10,µg/m³,,raw,01:00:00,2025-11-13T11:00:00Z,2025-11-13T12:00:00+01:00,2025-11-13T12:00:00Z,2025-11-13T13:00:00+01:00,1,01:00:00,1,01:00:00,100.0,100.0,2025-11-13T11:00:00Z,2025-11-13T12:00:00+01:00,2025-11-13T12:00:00Z,2025-11-13T13:00:00+01:00
14.283,,,False,1,pm10,µg/m³,,raw,01:00:00,2025-11-13T12:00:00Z,2025-11-13T13:00:00+01:00,2025-11-13T13:00:00Z,2025-11-13T14:00:00+01:00,1,01:00:00,1,01:00:00,100.0,100.0,2025-11-13T12:00:00Z,2025-11-13T13:00:00+01:00,2025-11-13T13:00:00Z,2025-11-13T14:00:00+01:00
24.5,,,False,1,pm10,µg/m³,,raw,01:00:00,2025-11-13T13:00:00Z,2025-11-13T14:00:00+01:00,2025-11-13T14:00:00Z,2025-11-13T15:00:00+01:00,1,01:00:00,1,01:00:00,100.0,100.0,2025-11-13T13:00:00Z,2025-11-13T14:00:00+01:00,2025-11-13T14:00:00Z,2025-11-13T15:00:00+01:00
16.552,,,False,1,pm10,µg/m³,,raw,01:00:00,2025-11-13T14:00:00Z,2025-11-13T15:00:00+01:00,2025-11-13T15:00:00Z,2025-11-13T16:00:00+01:00,1,01:00:00,1,01:00:00,100.0,100.0,2025-11-13T14:00:00Z,2025-11-13T15:00:00+01:00,2025-11-13T15:00:00Z,2025-11-13T16:00:00+01:00
17.214,,,False,1,pm10,µg/m³,,raw,01:00:00,2025-11-13T15:00:00Z,2025-11-13T16:00:00+01:00,2025-11-13T16:00:00Z,2025-11-13T17:00:00+01:00,1,01:00:00,1,01:00:00,100.0,100.0,2025-11-13T15:00:00Z,2025-11-13T16:00:00+01:00,2025-11-13T16:00:00Z,2025-11-13T17:00:00+01:00
21.27,,,False,1,pm10,µg/m³,,raw,01:00:00,2025-11-13T16:00:00Z,2025-11-13T17:00:00+01:00,2025-11-13T17:00:00Z,2025-11-13T18:00:00+01:00,1,01:00:00,1,01:00:00,100.0,100.0,2025-11-13T16:00:00Z,2025-11-13T17:00:00+01:00,2025-11-13T17:00:00Z,2025-11-13T18:00:00+01:00
17.649,,,False,1,pm10,µg/m³,,raw,01:00:00,2025-11-13T17:00:00Z,2025-11-13T18:00:00+01:00,2025-11-13T18:00:00Z,2025-11-13T19:00:00+01:00,1,01:00:00,1,01:00:00,100.0,100.0,2025-11-13T17:00:00Z,2025-11-13T18:00:00+01:00,2025-11-13T18:00:00Z,2025-11-13T19:00:00+01:00
5.682,,,False,1,pm10,µg/m³,,raw,01:00:00,2025-11-13T18:00:00Z,2025-11-13T19:00:00+01:00,2025-11-13T19:00:00Z,2025-11-13T20:00:00+01:00,1,01:00:00,1,01:00:00,100.0,100.0,2025-11-13T18:00:00Z,2025-11-13T19:00:00+01:00,2025-11-13T19:00:00Z,2025-11-13T20:00:00+01:00
14.299,,,False,1,pm10,µg/m³,,raw,01:00:00,2025-11-13T20:00:00Z,2025-11-13T21:00:00+01:00,2025-11-13T21:00:00Z,2025-11-13T22:00:00+01:00,1,01:00:00,1,01:00:00,100.0,100.0,2025-11-13T20:00:00Z,2025-11-13T21:00:00+01:00,2025-11-13T21:00:00Z,2025-11-13T22:00:00+01:00
15.065,,,False,1,pm10,µg/m³,,raw,01:00:00,2025-11-13T21:00:00Z,2025-11-13T22:00:00+01:00,2025-11-13T22:00:00Z,2025-11-13T23:00:00+01:00,1,01:00:00,1,01:00:00,100.0,100.0,2025-11-13T21:00:00Z,2025-11-13T22:00:00+01:00,2025-11-13T22:00:00Z,2025-11-13T23:00:00+01:00
9.063,,,False,1,pm10,µg/m³,,raw,01:00:00,2025-11-13T23:00:00Z,2025-11-14T00:00:00+01:00,2025-11-14T00:00:00Z,2025-11-14T01:00:00+01:00,1,01:00:00,1,01:00:00,100.0,100.0,2025-11-13T23:00:00Z,2025-11-14T00:00:00+01:00,2025-11-14T00:00:00Z,2025-11-14T01:00:00+01:00
10.615,,,False,1,pm10,µg/m³,,raw,01:00:00,2025-11-14T00:00:00Z,2025-11-14T01:00:00+01:00,2025-11-14T01:00:00Z,2025-11-14T02:00:00+01:00,1,01:00:00,1,01:00:00,100.0,100.0,2025-11-14T00:00:00Z,2025-11-14T01:00:00+01:00,2025-11-14T01:00:00Z,2025-11-14T02:00:00+01:00
15.172,,,False,1,pm10,µg/m³,,raw,01:00:00,2025-11-14T01:00:00Z,2025-11-14T02:00:00+01:00,2025-11-14T02:00:00Z,2025-11-14T03:00:00+01:00,1,01:00:00,1,01:00:00,100.0,100.0,2025-11-14T01:00:00Z,2025-11-14T02:00:00+01:00,2025-11-14T02:00:00Z,2025-11-14T03:00:00+01:00
8.719,,,False,1,pm10,µg/m³,,raw,01:00:00,2025-11-14T04:00:00Z,2025-11-14T05:00:00+01:00,2025-11-14T05:00:00Z,2025-11-14T06:00:00+01:00,1,01:00:00,1,01:00:00,100.0,100.0,2025-11-14T04:00:00Z,2025-11-14T05:00:00+01:00,2025-11-14T05:00:00Z,2025-11-14T06:00:00+01:00
7.686,,,False,1,pm10,µg/m³,,raw,01:00:00,2025-11-14T05:00:00Z,2025-11-14T06:00:00+01:00,2025-11-14T06:00:00Z,2025-11-14T07:00:00+01:00,1,01:00:00,1,01:00:00,100.0,100.0,2025-11-14T05:00:00Z,2025-11-14T06:00:00+01:00,2025-11-14T06:00:00Z,2025-11-14T07:00:00+01:00
17.601,,,False,1,pm10,µg/m³,,raw,01:00:00,2025-11-14T06:00:00Z,2025-11-14T07:00:00+01:00,2025-11-14T07:00:00Z,2025-11-14T08:00:00+01:00,1,01:00:00,1,01:00:00,100.0,100.0,2025-11-14T06:00:00Z,2025-11-14T07:00:00+01:00,2025-11-14T07:00:00Z,2025-11-14T08:00:00+01:00
23.003,,,False,1,pm10,µg/m³,,raw,01:00:00,2025-11-14T07:00:00Z,2025-11-14T08:00:00+01:00,2025-11-14T08:00:00Z,2025-11-14T09:00:00+01:00,1,01:00:00,1,01:00:00,100.0,100.0,2025-11-14T07:00:00Z,2025-11-14T08:00:00+01:00,2025-11-14T08:00:00Z,2025-11-14T09:00:00+01:00
34.868,,,False,1,pm10,µg/m³,,raw,01:00:00,2025-11-14T08:00:00Z,2025-11-14T09:00:00+01:00,2025-11-14T09:00:00Z,2025-11-14T10:00:00+01:00,1,01:00:00,1,01:00:00,100.0,100.0,2025-11-14T08:00:00Z,2025-11-14T09:00:00+01:00,2025-11-14T09:00:00Z,2025-11-14T10:00:00+01:00
35.957,,,False,1,pm10,µg/m³,,raw,01:00:00,2025-11-14T10:00:00Z,2025-11-14T11:00:00+01:00,2025-11-14T11:00:00Z,2025-11-14T12:00:00+01:00,1,01:00:00,1,01:00:00,100.0,100.0,2025-11-14T10:00:00Z,2025-11-14T11:00:00+01:00,2025-11-14T11:00:00Z,2025-11-14T12:00:00+01:00
33.978,,,False,1,pm10,µg/m³,,raw,01:00:00,2025-11-14T11:00:00Z,2025-11-14T12:00:00+01:00,2025-11-14T12:00:00Z,2025-11-14T13:00:00+01:00,1,01:00:00,1,01:00:00,100.0,100.0,2025-11-14T11:00:00Z,2025-11-14T12:00:00+01:00,2025-11-14T12:00:00Z,2025-11-14T13:00:00+01:00
23.371,,,False,1,pm10,µg/m³,,raw,01:00:00,2025-11-14T13:00:00Z,2025-11-14T14:00:00+01:00,2025-11-14T14:00:00Z,2025-11-14T15:00:00+01:00,1,01:00:00,1,01:00:00,100.0,100.0,2025-11-14T13:00:00Z,2025-11-14T14:00:00+01:00,2025-11-14T14:00:00Z,2025-11-14T15:00:00+01:00
36.703,,,False,1,pm10,µg/m³,,raw,01:00:00,2025-11-14T15:00:00Z,2025-11-14T16:00:00+01:00,2025-11-14T16:00:00Z,2025-11-14T17:00:00+01:00,1,01:00:00,1,01:00:00,100.0,100.0,2025-11-14T15:00:00Z,2025-11-14T16:00:00+01:00,2025-11-14T16:00:00Z,2025-11-14T17:00:00+01:00
25.88,,,False,1,pm10,µg/m³,,raw,01:00:00,2025-11-14T16:00:00Z,2025-11-14T17:00:00+01:00,2025-11-14T17:00:00Z,2025-11-14T18:00:00+01:00,1,01:00:00,1,01:00:00,100.0,100.0,2025-11-14T16:00:00Z,2025-11-14T17:00:00+01:00,2025-11-14T17:00:00Z,2025-11-14T18:00:00+01:00
23.762,,,False,1,pm10,µg/m³,,raw,01:00:00,2025-11-14T17:00:00Z,2025-11-14T18:00:00+01:00,2025-11-14T18:00:00Z,2025-11-14T19:00:00+01:00,1,01:00:00,1,01:00:00,100.0,100.0,2025-11-14T17:00:00Z,2025-11-14T18:00:00+01:00,2025-11-14T18:00:00Z,2025-11-14T19:00:00+01:00
22.62,,,False,1,pm10,µg/m³,,raw,01:00:00,2025-11-14T18:00:00Z,2025-11-14T19:00:00+01:00,2025-11-14T19:00:00Z,2025-11-14T20:00:00+01:00,1,01:00:00,1,01:00:00,100.0,100.0,2025-11-14T18:00:00Z,2025-11-14T19:00:00+01:00,2025-11-14T19:00:00Z,2025-11-14T20:00:00+01:00
21.319,,,False,1,pm10,µg/m³,,raw,01:00:00,2025-11-14T20:00:00Z,2025-11-14T21:00:00+01:00,2025-11-14T21:00:00Z,2025-11-14T22:00:00+01:00,1,01:00:00,1,01:00:00,100.0,100.0,2025-11-14T20:00:00Z,2025-11-14T21:00:00+01:00,2025-11-14T21:00:00Z,2025-11-14T22:00:00+01:00
24.311,,,False,1,pm10,µg/m³,,raw,01:00:00,2025-11-14T21:00:00Z,2025-11-14T22:00:00+01:00,2025-11-14T22:00:00Z,2025-11-14T23:00:00+01:00,1,01:00:00,1,01:00:00,100.0,100.0,2025-11-14T21:00:00Z,2025-11-14T22:00:00+01:00,2025-11-14T22:00:00Z,2025-11-14T23:00:00+01:00
26.533,,,False,1,pm10,µg/m³,,raw,01:00:00,2025-11-14T22:00:00Z,2025-11-14T23:00:00+01:00,2025-11-14T23:00:00Z,2025-11-15T00:00:00+01:00,1,01:00:00,1,01:00:00,100.0,100.0,2025-11-14T22:00:00Z,2025-11-14T23:00:00+01:00,2025-11-14T23:00:00Z,2025-11-15T00:00:00+01:00
29.394,,,False,1,pm10,µg/m³,,raw,01:00:00,2025-11-14T23:00:00Z,2025-11-15T00:00:00+01:00,2025-11-15T00:00:00Z,2025-11-15T01:00:00+01:00,1,01:00:00,1,01:00:00,100.0,100.0,2025-11-14T23:00:00Z,2025-11-15T00:00:00+01:00,2025-11-15T00:00:00Z,2025-11-15T01:00:00+01:00
23.991,,,False,1,pm10,µg/m³,,raw,01:00:00,2025-11-15T00:00:00Z,2025-11-15T01:00:00+01:00,2025-11-15T01:00:00Z,2025-11-15T02:00:00+01:00,1,01:00:00,1,01:00:00,100.0,100.0,2025-11-15T00:00:00Z,2025-11-15T01:00:00+01:00,2025-11-15T01:00:00Z,2025-11-15T02:00:00+01:00
23.409,,,False,1,pm10,µg/m³,,raw,01:00:00,2025-11-15T01:00:00Z,2025-11-15T02:00:00+01:00,2025-11-15T02:00:00Z,2025-11-15T03:00:00+01:00,1,01:00:00,1,01:00:00,100.0,100.0,2025-11-15T01:00:00Z,2025-11-15T02:00:00+01:00,2025-11-15T02:00:00Z,2025-11-15T03:00:00+01:00
22.707,,,False,1,pm10,µg/m³,,raw,01:00:00,2025-11-15T02:00:00Z,2025-11-15T03:00:00+01:00,2025-11-15T03:00:00Z,2025-11-15T04:00:00+01:00,1,01:00:00,1,01:00:00,100.0,100.0,2025-11-15T02:00:00Z,2025-11-15T03:00:00+01:00,2025-11-15T03:00:00Z,2025-11-15T04:00:00+01:00
19.169,,,False,1,pm10,µg/m³,,raw,01:00:00,2025-11-15T03:00:00Z,2025-11-15T04:00:00+01:00,2025-11-15T04:00:00Z,2025-11-15T05:00:00+01:00,1,01:00:00,1,01:00:00,100.0,100.0,2025-11-15T03:00:00Z,2025-11-15T04:00:00+01:00,2025-11-15T04:00:00Z,2025-11-15T05:00:00+01:00
16.625,,,False,1,pm10,µg/m³,,raw,01:00:00,2025-11-15T04:00:00Z,2025-11-15T05:00:00+01:00,2025-11-15T05:00:00Z,2025-11-15T06:00:00+01:00,1,01:00:00,1,01:00:00,100.0,100.0,2025-11-15T04:00:00Z,2025-11-15T05:00:00+01:00,2025-11-15T05:00:00Z,2025-11-15T06:00:00+01:00
17.021,,,False,1,pm10,µg/m³,,raw,01:00:00,2025-11-15T06:00:00Z,2025-11-15T07:00:00+01:00,2025-11-15T07:00:00Z,2025-11-15T08:00:00+01:00,1,01:00:00,1,01:00:00,100.0,100.0,2025-11-15T06:00:00Z,2025-11-15T07:00:00+01:00,2025-11-15T07:00:00Z,2025-11-15T08:00:00+01:00
14.567,,,False,1,pm10,µg/m³,,raw,01:00:00,2025-11-15T07:00:00Z,2025-11-15T08:00:00+01:00,2025-11-15T08:00:00Z,2025-11-15T09:00:00+01:00,1,01:00:00,1,01:00:00,100.0,100.0,2025-11-15T07:00:00Z,2025-11-15T08:00:00+01:00,2025-11-15T08:00:00Z,2025-11-15T09:00:00+01:00
9.306,,,False,1,pm10,µg/m³,,raw,01:00:00,2025-11-15T08:00:00Z,2025-11-15T09:00:00+01:00,2025-11-15T09:00:00Z,2025-11-15T10:00:00+01:00,1,01:00:00,1,01:00:00,100.0,100.0,2025-11-15T08:00:00Z,2025-11-15T09:00:00+01:00,2025-11-15T09:00:00Z,2025-11-15T10:00:00+01:00
12.451,,,False,1,pm10,µg/m³,,raw,01:00:00,2025-11-15T09:00:00Z,2025-11-15T10:00:00+01:00,2025-11-15T10:00:00Z,2025-11-15T11:00:00+01:00,1,01:00:00,1,01:00:00,100.0,100.0,2025-11-15T09:00:00Z,2025-11-15T10:00:00+01:00,2025-11-15T10:00:00Z,2025-11-15T11:00:00+01:00
12.877,,,False,1,pm10,µg/m³,,raw,01:00:00,2025-11-15T10:00:00Z,2025-11-15T11:00:00+01:00,2025-11-15T11:00:00Z,2025-11-15T12:00:00+01:00,1,01:00:00,1,01:00:00,100.0,100.0,2025-11-15T10:00:00Z,2025-11-15T11:00:00+01:00,2025-11-15T11:00:00Z,2025-11-15T12:00:00+01:00
21.102,,,False,1,pm10,µg/m³,,raw,01:00:00,2025-11-15T11:00:00Z,2025-11-15T12:00:00+01:00,2025-11-15T12:00:00Z,2025-11-15T13:00:00+01:00,1,01:00:00,1,01:00:00,100.0,100.0,2025-11-15T11:00:00Z,2025-11-15T12:00:00+01:00,2025-11-15T12:00:00Z,2025-11-15T13:00:00+01:00
19.387,,,False,1,pm10,µg/m³,,raw,01:00:00,2025-11-15T12:00:00Z,2025-11-15T13:00:00+01:00,2025-11-15T13:00:00Z,2025-11-15T14:00:00+01:00,1,01:00:00,1,01:00:00,100.0,100.0,2025-11-15T12:00:00Z,2025-11-15T13:00:00+01:00,2025-11-15T13:00:00Z,2025-11-15T14:00:00+01:00
19.873,,,False,1,pm10,µg/m³,,raw,01:00:00,2025-11-15T13:00:00Z,2025-11-15T14:00:00+01:00,2025-11-15T14:00:00Z,2025-11-15T15:00:00+01:00,1,01:00:00,1,01:00:00,100.0,100.0,2025-11-15T13:00:00Z,2025-11-15T14:00:00+01:00,2025-11-15T14:00:00Z,2025-11-15T15:00:00+01:00
17.612,,,False,1,pm10,µg/m³,,raw,01:00:00,2025-11-15T14:00:00Z,2025-11-15T15:00:00+01:00,2025-11-15T15:00:00Z,2025-11-15T16:00:00+01:00,1,01:00:00,1,01:00:00,100.0,100.0,2025-11-15T14:00:00Z,2025-11-15T15:00:00+01:00,2025-11-15T15:00:00Z,2025-11-15T16:00:00+01:00
20.232,,,False,1,pm10,µg/m³,,raw,01:00:00,2025-11-15T15:00:00Z,2025-11-15T16:00:00+01:00,2025-11-15T16:00:00Z,2025-11-15T17:00:00+01:00,1,01:00:00,1,01:00:00,100.0,100.0,2025-11-15T15:00:00Z,2025-11-15T16:00:00+01:00,2025-11-15T16:00:00Z,2025-11-15T17:00:00+01:00
28.587,,,False,1,pm10,µg/m³,,raw,01:00:00,2025-11-15T16:00:00Z,2025-11-15T17:00:00+01:00,2025-11-15T17:00:00Z,2025-11-15T18:00:00+01:00,1,01:00:00,1,01:00:00,100.0,100.0,2025-11-15T16:00:00Z,2025-11-15T17:00:00+01:00,2025-11-15T17:00:00Z,2025-11-15T18:00:00+01:00
24.389,,,False,1,pm10,µg/m³,,raw,01:00:00,2025-11-15T17:00:00Z,2025-11-15T18:00:00+01:00,2025-11-15T18:00:00Z,2025-11-15T19:00:00+01:00,1,01:00:00,1,01:00:00,100.0,100.0,2025-11-15T17:00:00Z,2025-11-15T18:00:00+01:00,2025-11-15T18:00:00Z,2025-11-15T19:00:00+01:00
27.077,,,False,1,pm10,µg/m³,,raw,01:00:00,2025-11-15T18:00:00Z,2025-11-15T19:00:00+01:00,2025-11-15T19:00:00Z,2025-11-15T20:00:00+01:00,1,01:00:00,1,01:00:00,100.0,100.0,2025-11-15T18:00:00Z,2025-11-15T19:00:00+01:00,2025-11-15T19:00:00Z,2025-11-15T20:00:00+01:00
25.128,,,False,1,pm10,µg/m³,,raw,01:00:00,2025-11-15T20:00:00Z,2025-11-15T21:00:00+01:00,2025-11-15T21:00:00Z,2025-11-15T22:00:00+01:00,1,01:00:00,1,01:00:00,100.0,100.0,2025-11-15T20:00:00Z,2025-11-15T21:00:00+01:00,2025-11-15T21:00:00Z,2025-11-15T22:00:00+01:00
28.091,,,False,1,pm10,µg/m³,,raw,01:00:00,2025-11-15T21:00:00Z,2025-11-15T22:00:00+01:00,2025-11-15T22:00:00Z,2025-11-15T23:00:00+01:00,1,01:00:00,1,01:00:00,100.0,100.0,2025-11-15T21:00:00Z,2025-11-15T22:00:00+01:00,2025-11-15T22:00:00Z,2025-11-15T23:00:00+01:00
15.003,,,False,1,pm10,µg/m³,,raw,01:00:00,2025-11-15T22:00:00Z,2025-11-15T23:00:00+01:00,2025-11-15T23:00:00Z,2025-11-16T00:00:00+01:00,1,01:00:00,1,01:00:00,100.0,100.0,2025-11-15T22:00:00Z,2025-11-15T23:00:00+01:00,2025-11-15T23:00:00Z,2025-11-16T00:00:00+01:00
17.987,,,False,1,pm10,µg/m³,,raw,01:00:00,2025-11-15T23:00:00Z,2025-11-16T00:00:00+01:00,2025-11-16T00:00:00Z,2025-11-16T01:00:00+01:00,1,01:00:00,1,01:00:00,100.0,100.0,2025-11-15T23:00:00Z,2025-11-16T00:00:00+01:00,2025-11-16T00:00:00Z,2025-11-16T01:00:00+01:00
22.817,,,False,1,pm10,µg/m³,,raw,01:00:00,2025-11-16T00:00:00Z,2025-11-16T01:00:00+01:00,2025-11-16T01:00:00Z,2025-11-16T02:00:00+01:00,1,01:00:00,1,01:00:00,100.0,100.0,2025-11-16T00:00:00Z,2025-11-16T01:00:00+01:00,2025-11-16T01:00:00Z,2025-11-16T02:00:00+01:00
25.265,,,False,1,pm10,µg/m³,,raw,01:00:00,2025-11-16T02:00:00Z,2025-11-16T03:00:00+01:00,2025-11-16T03:00:00Z,2025-11-16T04:00:00+01:00,1,01:00:00,1,01:00:00,100.0,100.0,2025-11-16T02:00:00Z,2025-11-16T03:00:00+01:00,2025-11-16T03:00:00Z,2025-11-16T04:00:00+01:00
24.159,,,False,1,pm10,µg/m³,,raw,01:00:00,2025-11-16T03:00:00Z,2025-11-16T04:00:00+01:00,2025-11-16T04:00:00Z,2025-11-16T05:00:00+01:00,1,01:00:00,1,01:00:00,100.0,100.0,2025-11-16T03:00:00Z,2025-11-16T04:00:00+01:00,2025-11-16T04:00:00Z,2025-11-16T05:00:00+01:00
23.833,,,False,1,pm10,µg/m³,,raw,01:00:00,2025-11-16T09:00:00Z,2025-11-16T10:00:00+01:00,2025-11-16T10:00:00Z,2025-11-16T11:00:00+01:00,1,01:00:00,1,01:00:00,100.0,100.0,2025-11-16T09:00:00Z,2025-11-16T10:00:00+01:00,2025-11-16T10:00:00Z,2025-11-16T11:00:00+01:00
18.348,,,False,1,pm10,µg/m³,,raw,01:00:00,2025-11-16T10:00:00Z,2025-11-16T11:00:00+01:00,2025-11-16T11:00:00Z,2025-11-16T12:00:00+01:00,1,01:00:00,1,01:00:00,100.0,100.0,2025-11-16T10:00:00Z,2025-11-16T11:00:00+01:00,2025-11-16T11:00:00Z,2025-11-16T12:00:00+01:00
11.292,,,False,1,pm10,µg/m³,,raw,01:00:00,2025-11-16T11:00:00Z,2025-11-16T12:00:00+01:00,2025-11-16T12:00:00Z,2025-11-16T13:00:00+01:00,1,01:00:00,1,01:00:00,100.0,100.0,2025-11-16T11:00:00Z,2025-11-16T12:00:00+01:00,2025-11-16T12:00:00Z,2025-11-16T13:00:00+01:00
11.527,,,False,1,pm10,µg/m³,,raw,01:00:00,2025-11-16T13:00:00Z,2025-11-16T14:00:00+01:00,2025-11-16T14:00:00Z,2025-11-16T15:00:00+01:00,1,01:00:00,1,01:00:00,100.0,100.0,2025-11-16T13:00:00Z,2025-11-16T14:00:00+01:00,2025-11-16T14:00:00Z,2025-11-16T15:00:00+01:00
13.315,,,False,1,pm10,µg/m³,,raw,01:00:00,2025-11-16T20:00:00Z,2025-11-16T21:00:00+01:00,2025-11-16T21:00:00Z,2025-11-16T22:00:00+01:00,1,01:00:00,1,01:00:00,100.0,100.0,2025-11-16T20:00:00Z,2025-11-16T21:00:00+01:00,2025-11-16T21:00:00Z,2025-11-16T22:00:00+01:00
12.572,,,False,1,pm10,µg/m³,,raw,01:00:00,2025-11-16T21:00:00Z,2025-11-16T22:00:00+01:00,2025-11-16T22:00:00Z,2025-11-16T23:00:00+01:00,1,01:00:00,1,01:00:00,100.0,100.0,2025-11-16T21:00:00Z,2025-11-16T22:00:00+01:00,2025-11-16T22:00:00Z,2025-11-16T23:00:00+01:00
8.268,,,False,1,pm10,µg/m³,,raw,01:00:00,2025-11-16T22:00:00Z,2025-11-16T23:00:00+01:00,2025-11-16T23:00:00Z,2025-11-17T00:00:00+01:00,1,01:00:00,1,01:00:00,100.0,100.0,2025-11-16T22:00:00Z,2025-11-16T23:00:00+01:00,2025-11-16T23:00:00Z,2025-11-17T00:00:00+01:00
11.043,,,False,1,pm10,µg/m³,,raw,01:00:00,2025-11-16T23:00:00Z,2025-11-17T00:00:00+01:00,2025-11-17T00:00:00Z,2025-11-17T01:00:00+01:00,1,01:00:00,1,01:00:00,100.0,100.0,2025-11-16T23:00:00Z,2025-11-17T00:00:00+01:00,2025-11-17T00:00:00Z,2025-11-17T01:00:00+01:00
1.827,,,False,1,pm10,µg/m³,,raw,01:00:00,2025-11-17T00:00:00Z,2025-11-17T01:00:00+01:00,2025-11-17T01:00:00Z,2025-11-17T02:00:00+01:00,1,01:00:00,1,01:00:00,100.0,100.0,2025-11-17T00:00:00Z,2025-11-17T01:00:00+01:00,2025-11-17T01:00:00Z,2025-11-17T02:00:00+01:00
1.836,,,False,1,pm10,µg/m³,,raw,01:00:00,2025-11-17T01:00:00Z,2025-11-17T02:00:00+01:00,2025-11-17T02:00:00Z,2025-11-17T03:00:00+01:00,1,01:00:00,1,01:00:00,100.0,100.0,2025-11-17T01:00:00Z,2025-11-17T02:00:00+01:00,2025-11-17T02:00:00Z,2025-11-17T03:00:00+01:00
1.84,,,False,1,pm10,µg/m³,,raw,01:00:00,2025-11-17T02:00:00Z,2025-11-17T03:00:00+01:00,2025-11-17T03:00:00Z,2025-11-17T04:00:00+01:00,1,01:00:00,1,01:00:00,100.0,100.0,2025-11-17T02:00:00Z,2025-11-17T03:00:00+01:00,2025-11-17T03:00:00Z,2025-11-17T04:00:00+01:00
1.848,,,False,1,pm10,µg/m³,,raw,01:00:00,2025-11-17T03:00:00Z,2025-11-17T04:00:00+01:00,2025-11-17T04:00:00Z,2025-11-17T05:00:00+01:00,1,01:00:00,1,01:00:00,100.0,100.0,2025-11-17T03:00:00Z,2025-11-17T04:00:00+01:00,2025-11-17T04:00:00Z,2025-11-17T05:00:00+01:00
1.87,,,False,1,pm10,µg/m³,,raw,01:00:00,2025-11-17T04:00:00Z,2025-11-17T05:00:00+01:00,2025-11-17T05:00:00Z,2025-11-17T06:00:00+01:00,1,01:00:00,1,01:00:00,100.0,100.0,2025-11-17T04:00:00Z,2025-11-17T05:00:00+01:00,2025-11-17T05:00:00Z,2025-11-17T06:00:00+01:00
1.876,,,False,1,pm10,µg/m³,,raw,01:00:00,2025-11-17T05:00:00Z,2025-11-17T06:00:00+01:00,2025-11-17T06:00:00Z,2025-11-17T07:00:00+01:00,1,01:00:00,1,01:00:00,100.0,100.0,2025-11-17T05:00:00Z,2025-11-17T06:00:00+01:00,2025-11-17T06:00:00Z,2025-11-17T07:00:00+01:00
3.883,,,False,1,pm10,µg/m³,,raw,01:00:00,2025-11-17T06:00:00Z,2025-11-17T07:00:00+01:00,2025-11-17T07:00:00Z,2025-11-17T08:00:00+01:00,1,01:00:00,1,01:00:00,100.0,100.0,2025-11-17T06:00:00Z,2025-11-17T07:00:00+01:00,2025-11-17T07:00:00Z,2025-11-17T08:00:00+01:00
6.034,,,False,1,pm10,µg/m³,,raw,01:00:00,2025-11-17T07:00:00Z,2025-11-17T08:00:00+01:00,2025-11-17T08:00:00Z,2025-11-17T09:00:00+01:00,1,01:00:00,1,01:00:00,100.0,100.0,2025-11-17T07:00:00Z,2025-11-17T08:00:00+01:00,2025-11-17T08:00:00Z,2025-11-17T09:00:00+01:00
12.648,,,False,1,pm10,µg/m³,,raw,01:00:00,2025-11-17T08:00:00Z,2025-11-17T09:00:00+01:00,2025-11-17T09:00:00Z,2025-11-17T10:00:00+01:00,1,01:00:00,1,01:00:00,100.0,100.0,2025-11-17T08:00:00Z,2025-11-17T09:00:00+01:00,2025-11-17T09:00:00Z,2025-11-17T10:00:00+01:00
10.101,,,False,1,pm10,µg/m³,,raw,01:00:00,2025-11-17T09:00:00Z,2025-11-17T10:00:00+01:00,2025-11-17T10:00:00Z,2025-11-17T11:00:00+01:00,1,01:00:00,1,01:00:00,100.0,100.0,2025-11-17T09:00:00Z,2025-11-17T10:00:00+01:00,2025-11-17T10:00:00Z,2025-11-17T11:00:00+01:00
10.775,,,False,1,pm10,µg/m³,,raw,01:00:00,2025-11-17T10:00:00Z,2025-11-17T11:00:00+01:00,2025-11-17T11:00:00Z,2025-11-17T12:00:00+01:00,1,01:00:00,1,01:00:00,100.0,100.0,2025-11-17T10:00:00Z,2025-11-17T11:00:00+01:00,2025-11-17T11:00:00Z,2025-11-17T12:00:00+01:00
12.424,,,False,1,pm10,µg/m³,,raw,01:00:00,2025-11-17T11:00:00Z,2025-11-17T12:00:00+01:00,2025-11-17T12:00:00Z,2025-11-17T13:00:00+01:00,1,01:00:00,1,01:00:00,100.0,100.0,2025-11-17T11:00:00Z,2025-11-17T12:00:00+01:00,2025-11-17T12:00:00Z,2025-11-17T13:00:00+01:00
14.769,,,False,1,pm10,µg/m³,,raw,01:00:00,2025-11-17T12:00:00Z,2025-11-17T13:00:00+01:00,2025-11-17T13:00:00Z,2025-11-17T14:00:00+01:00,1,01:00:00,1,01:00:00,100.0,100.0,2025-11-17T12:00:00Z,2025-11-17T13:00:00+01:00,2025-11-17T13:00:00Z,2025-11-17T14:00:00+01:00
7.56,,,False,1,pm10,µg/m³,,raw,01:00:00,2025-11-17T13:00:00Z,2025-11-17T14:00:00+01:00,2025-11-17T14:00:00Z,2025-11-17T15:00:00+01:00,1,01:00:00,1,01:00:00,100.0,100.0,2025-11-17T13:00:00Z,2025-11-17T14:00:00+01:00,2025-11-17T14:00:00Z,2025-11-17T15:00:00+01:00
6.255,,,False,1,pm10,µg/m³,,raw,01:00:00,2025-11-17T14:00:00Z,2025-11-17T15:00:00+01:00,2025-11-17T15:00:00Z,2025-11-17T16:00:00+01:00,1,01:00:00,1,01:00:00,100.0,100.0,2025-11-17T14:00:00Z,2025-11-17T15:00:00+01:00,2025-11-17T15:00:00Z,2025-11-17T16:00:00+01:00
9.77,,,False,1,pm10,µg/m³,,raw,01:00:00,2025-11-17T15:00:00Z,2025-11-17T16:00:00+01:00,2025-11-17T16:00:00Z,2025-11-17T17:00:00+01:00,1,01:00:00,1,01:00:00,100.0,100.0,2025-11-17T15:00:00Z,2025-11-17T16:00:00+01:00,2025-11-17T16:00:00Z,2025-11-17T17:00:00+01:00
1.892,,,False,1,pm10,µg/m³,,raw,01:00:00,2025-11-17T16:00:00Z,2025-11-17T17:00:00+01:00,2025-11-17T17:00:00Z,2025-11-17T18:00:00+01:00,1,01:00:00,1,01:00:00,100.0,100.0,2025-11-17T16:00:00Z,2025-11-17T17:00:00+01:00,2025-11-17T17:00:00Z,2025-11-17T18:00:00+01:00
4.953,,,False,1,pm10,µg/m³,,raw,01:00:00,2025-11-17T18:00:00Z,2025-11-17T19:00:00+01:00,2025-11-17T19:00:00Z,2025-11-17T20:00:00+01:00,1,01:00:00,1,01:00:00,100.0,100.0,2025-11-17T18:00:00Z,2025-11-17T19:00:00+01:00,2025-11-17T19:00:00Z,2025-11-17T20:00:00+01:00
7.19,,,False,1,pm10,µg/m³,,raw,01:00:00,2025-11-17T19:00:00Z,2025-11-17T20:00:00+01:00,2025-11-17T20:00:00Z,2025-11-17T21:00:00+01:00,1,01:00:00,1,01:00:00,100.0,100.0,2025-11-17T19:00:00Z,2025-11-17T20:00:00+01:00,2025-11-17T20:00:00Z,2025-11-17T21:00:00+01:00
5.351,,,False,1,pm10,µg/m³,,raw,01:00:00,2025-11-17T21:00:00Z,2025-11-17T22:00:00+01:00,2025-11-17T22:00:00Z,2025-11-17T23:00:00+01:00,1,01:00:00,1,01:00:00,100.0,100.0,2025-11-17T21:00:00Z,2025-11-17T22:00:00+01:00,2025-11-17T22:00:00Z,2025-11-17T23:00:00+01:00
4.451,,,False,1,pm10,µg/m³,,raw,01:00:00,2025-11-17T22:00:00Z,2025-11-17T23:00:00+01:00,2025-11-17T23:00:00Z,2025-11-18T00:00:00+01:00,1,01:00:00,1,01:00:00,100.0,100.0,2025-11-17T22:00:00Z,2025-11-17T23:00:00+01:00,2025-11-17T23:00:00Z,2025-11-18T00:00:00+01:00
7.494,,,False,1,pm10,µg/m³,,raw,01:00:00,2025-11-17T23:00:00Z,2025-11-18T00:00:00+01:00,2025-11-18T00:00:00Z,2025-11-18T01:00:00+01:00,1,01:00:00,1,01:00:00,100.0,100.0,2025-11-17T23:00:00Z,2025-11-18T00:00:00+01:00,2025-11-18T00:00:00Z,2025-11-18T01:00:00+01:00
5.923,,,False,1,pm10,µg/m³,,raw,01:00:00,2025-11-18T00:00:00Z,2025-11-18T01:00:00+01:00,2025-11-18T01:00:00Z,2025-11-18T02:00:00+01:00,1,01:00:00,1,01:00:00,100.0,100.0,2025-11-18T00:00:00Z,2025-11-18T01:00:00+01:00,2025-11-18T01:00:00Z,2025-11-18T02:00:00+01:00
7.992,,,False,1,pm10,µg/m³,,raw,01:00:00,2025-11-18T01:00:00Z,2025-11-18T02:00:00+01:00,2025-11-18T02:00:00Z,2025-11-18T03:00:00+01:00,1,01:00:00,1,01:00:00,100.0,100.0,2025-11-18T01:00:00Z,2025-11-18T02:00:00+01:00,2025-11-18T02:00:00Z,2025-11-18T03:00:00+01:00
7.966,,,False,1,pm10,µg/m³,,raw,01:00:00,2025-11-18T02:00:00Z,2025-11-18T03:00:00+01:00,2025-11-18T03:00:00Z,2025-11-18T04:00:00+01:00,1,01:00:00,1,01:00:00,100.0,100.0,2025-11-18T02:00:00Z,2025-11-18T03:00:00+01:00,2025-11-18T03:00:00Z,2025-11-18T04:00:00+01:00
9.181,,,False,1,pm10,µg/m³,,raw,01:00:00,2025-11-18T03:00:00Z,2025-11-18T04:00:00+01:00,2025-11-18T04:00:00Z,2025-11-18T05:00:00+01:00,1,01:00:00,1,01:00:00,100.0,100.0,2025-11-18T03:00:00Z,2025-11-18T04:00:00+01:00,2025-11-18T04:00:00Z,2025-11-18T05:00:00+01:00
11.213,,,False,1,pm10,µg/m³,,raw,01:00:00,2025-11-18T04:00:00Z,2025-11-18T05:00:00+01:00,2025-11-18T05:00:00Z,2025-11-18T06:00:00+01:00,1,01:00:00,1,01:00:00,100.0,100.0,2025-11-18T04:00:00Z,2025-11-18T05:00:00+01:00,2025-11-18T05:00:00Z,2025-11-18T06:00:00+01:00
8.964,,,False,1,pm10,µg/m³,,raw,01:00:00,2025-11-18T05:00:00Z,2025-11-18T06:00:00+01:00,2025-11-18T06:00:00Z,2025-11-18T07:00:00+01:00,1,01:00:00,1,01:00:00,100.0,100.0,2025-11-18T05:00:00Z,2025-11-18T06:00:00+01:00,2025-11-18T06:00:00Z,2025-11-18T07:00:00+01:00
1.936,,,False,1,pm10,µg/m³,,raw,01:00:00,2025-11-18T06:00:00Z,2025-11-18T07:00:00+01:00,2025-11-18T07:00:00Z,2025-11-18T08:00:00+01:00,1,01:00:00,1,01:00:00,100.0,100.0,2025-11-18T06:00:00Z,2025-11-18T07:00:00+01:00,2025-11-18T07:00:00Z,2025-11-18T08:00:00+01:00
7.705,,,False,1,pm10,µg/m³,,raw,01:00:00,2025-11-18T07:00:00Z,2025-11-18T08:00:00+01:00,2025-11-18T08:00:00Z,2025-11-18T09:00:00+01:00,1,01:00:00,1,01:00:00,100.0,100.0,2025-11-18T07:00:00Z,2025-11-18T08:00:00+01:00,2025-11-18T08:00:00Z,2025-11-18T09:00:00+01:00
8.018,,,False,1,pm10,µg/m³,,raw,01:00:00,2025-11-18T08:00:00Z,2025-11-18T09:00:00+01:00,2025-11-18T09:00:00Z,2025-11-18T10:00:00+01:00,1,01:00:00,1,01:00:00,100.0,100.0,2025-11-18T08:00:00Z,2025-11-18T09:00:00+01:00,2025-11-18T09:00:00Z,2025-11-18T10:00:00+01:00
10.032,,,False,1,pm10,µg/m³,,raw,01:00:00,2025-11-18T09:00:00Z,2025-11-18T10:00:00+01:00,2025-11-18T10:00:00Z,2025-11-18T11:00:00+01:00,1,01:00:00,1,01:00:00,100.0,100.0,2025-11-18T09:00:00Z,2025-11-18T10:00:00+01:00,2025-11-18T10:00:00Z,2025-11-18T11:00:00+01:00
15.21,,,False,1,pm10,µg/m³,,raw,01:00:00,2025-11-18T10:00:00Z,2025-11-18T11:00:00+01:00,2025-11-18T11:00:00Z,2025-11-18T12:00:00+01:00,1,01:00:00,1,01:00:00,100.0,100.0,2025-11-18T10:00:00Z,2025-11-18T11:00:00+01:00,2025-11-18T11:00:00Z,2025-11-18T12:00:00+01:00
16.908,,,False,1,pm10,µg/m³,,raw,01:00:00,2025-11-18T11:00:00Z,2025-11-18T12:00:00+01:00,2025-11-18T12:00:00Z,2025-11-18T13:00:00+01:00,1,01:00:00,1,01:00:00,100.0,100.0,2025-11-18T11:00:00Z,2025-11-18T12:00:00+01:00,2025-11-18T12:00:00Z,2025-11-18T13:00:00+01:00
20.596,,,False,1,pm10,µg/m³,,raw,01:00:00,2025-11-18T12:00:00Z,2025-11-18T13:00:00+01:00,2025-11-18T13:00:00Z,2025-11-18T14:00:00+01:00,1,01:00:00,1,01:00:00,100.0,100.0,2025-11-18T12:00:00Z,2025-11-18T13:00:00+01:00,2025-11-18T13:00:00Z,2025-11-18T14:00:00+01:00
22.28,,,False,1,pm10,µg/m³,,raw,01:00:00,2025-11-18T13:00:00Z,2025-11-18T14:00:00+01:00,2025-11-18T14:00:00Z,2025-11-18T15:00:00+01:00,1,01:00:00,1,01:00:00,100.0,100.0,2025-11-18T13:00:00Z,2025-11-18T14:00:00+01:00,2025-11-18T14:00:00Z,2025-11-18T15:00:00+01:00
19.749,,,False,1,pm10,µg/m³,,raw,01:00:00,2025-11-18T15:00:00Z,2025-11-18T16:00:00+01:00,2025-11-18T16:00:00Z,2025-11-18T17:00:00+01:00,1,01:00:00,1,01:00:00,100.0,100.0,2025-11-18T15:00:00Z,2025-11-18T16:00:00+01:00,2025-11-18T16:00:00Z,2025-11-18T17:00:00+01:00
18.911,,,False,1,pm10,µg/m³,,raw,01:00:00,2025-11-18T16:00:00Z,2025-11-18T17:00:00+01:00,2025-11-18T17:00:00Z,2025-11-18T18:00:00+01:00,1,01:00:00,1,01:00:00,100.0,100.0,2025-11-18T16:00:00Z,2025-11-18T17:00:00+01:00,2025-11-18T17:00:00Z,2025-11-18T18:00:00+01:00
24.65,,,False,1,pm10,µg/m³,,raw,01:00:00,2025-11-18T17:00:00Z,2025-11-18T18:00:00+01:00,2025-11-18T18:00:00Z,2025-11-18T19:00:00+01:00,1,01:00:00,1,01:00:00,100.0,100.0,2025-11-18T17:00:00Z,2025-11-18T18:00:00+01:00,2025-11-18T18:00:00Z,2025-11-18T19:00:00+01:00
19.507,,,False,1,pm10,µg/m³,,raw,01:00:00,2025-11-18T18:00:00Z,2025-11-18T19:00:00+01:00,2025-11-18T19:00:00Z,2025-11-18T20:00:00+01:00,1,01:00:00,1,01:00:00,100.0,100.0,2025-11-18T18:00:00Z,2025-11-18T19:00:00+01:00,2025-11-18T19:00:00Z,2025-11-18T20:00:00+01:00
16.987,,,False,1,pm10,µg/m³,,raw,01:00:00,2025-11-18T20:00:00Z,2025-11-18T21:00:00+01:00,2025-11-18T21:00:00Z,2025-11-18T22:00:00+01:00,1,01:00:00,1,01:00:00,100.0,100.0,2025-11-18T20:00:00Z,2025-11-18T21:00:00+01:00,2025-11-18T21:00:00Z,2025-11-18T22:00:00+01:00
12.694,,,False,1,pm10,µg/m³,,raw,01:00:00,2025-11-18T21:00:00Z,2025-11-18T22:00:00+01:00,2025-11-18T22:00:00Z,2025-11-18T23:00:00+01:00,1,01:00:00,1,01:00:00,100.0,100.0,2025-11-18T21:00:00Z,2025-11-18T22:00:00+01:00,2025-11-18T22:00:00Z,2025-11-18T23:00:00+01:00
15.249,,,False,1,pm10,µg/m³,,raw,01:00:00,2025-11-18T22:00:00Z,2025-11-18T23:00:00+01:00,2025-11-18T23:00:00Z,2025-11-19T00:00:00+01:00,1,01:00:00,1,01:00:00,100.0,100.0,2025-11-18T22:00:00Z,2025-11-18T23:00:00+01:00,2025-11-18T23:00:00Z,2025-11-19T00:00:00+01:00
12.766,,,False,1,pm10,µg/m³,,raw,01:00:00,2025-11-18T23:00:00Z,2025-11-19T00:00:00+01:00,2025-11-19T00:00:00Z,2025-11-19T01:00:00+01:00,1,01:00:00,1,01:00:00,100.0,100.0,2025-11-18T23:00:00Z,2025-11-19T00:00:00+01:00,2025-11-19T00:00:00Z,2025-11-19T01:00:00+01:00
13.682,,,False,1,pm10,µg/m³,,raw,01:00:00,2025-11-19T00:00:00Z,2025-11-19T01:00:00+01:00,2025-11-19T01:00:00Z,2025-11-19T02:00:00+01:00,1,01:00:00,1,01:00:00,100.0,100.0,2025-11-19T00:00:00Z,2025-11-19T01:00:00+01:00,2025-11-19T01:00:00Z,2025-11-19T02:00:00+01:00
10.257,,,False,1,pm10,µg/m³,,raw,01:00:00,2025-11-19T01:00:00Z,2025-11-19T02:00:00+01:00,2025-11-19T02:00:00Z,2025-11-19T03:00:00+01:00,1,01:00:00,1,01:00:00,100.0,100.0,2025-11-19T01:00:00Z,2025-11-19T02:00:00+01:00,2025-11-19T02:00:00Z,2025-11-19T03:00:00+01:00
7.173,,,False,1,pm10,µg/m³,,raw,01:00:00,2025-11-19T02:00:00Z,2025-11-19T03:00:00+01:00,2025-11-19T03:00:00Z,2025-11-19T04:00:00+01:00,1,01:00:00,1,01:00:00,100.0,100.0,2025-11-19T02:00:00Z,2025-11-19T03:00:00+01:00,2025-11-19T03:00:00Z,2025-11-19T04:00:00+01:00
7.495,,,False,1,pm10,µg/m³,,raw,01:00:00,2025-11-19T03:00:00Z,2025-11-19T04:00:00+01:00,2025-11-19T04:00:00Z,2025-11-19T05:00:00+01:00,1,01:00:00,1,01:00:00,100.0,100.0,2025-11-19T03:00:00Z,2025-11-19T04:00:00+01:00,2025-11-19T04:00:00Z,2025-11-19T05:00:00+01:00
10.653,,,False,1,pm10,µg/m³,,raw,01:00:00,2025-11-19T04:00:00Z,2025-11-19T05:00:00+01:00,2025-11-19T05:00:00Z,2025-11-19T06:00:00+01:00,1,01:00:00,1,01:00:00,100.0,100.0,2025-11-19T04:00:00Z,2025-11-19T05:00:00+01:00,2025-11-19T05:00:00Z,2025-11-19T06:00:00+01:00
13.094,,,False,1,pm10,µg/m³,,raw,01:00:00,2025-11-19T05:00:00Z,2025-11-19T06:00:00+01:00,2025-11-19T06:00:00Z,2025-11-19T07:00:00+01:00,1,01:00:00,1,01:00:00,100.0,100.0,2025-11-19T05:00:00Z,2025-11-19T06:00:00+01:00,2025-11-19T06:00:00Z,2025-11-19T07:00:00+01:00
11.174,,,False,1,pm10,µg/m³,,raw,01:00:00,2025-11-19T06:00:00Z,2025-11-19T07:00:00+01:00,2025-11-19T07:00:00Z,2025-11-19T08:00:00+01:00,1,01:00:00,1,01:00:00,100.0,100.0,2025-11-19T06:00:00Z,2025-11-19T07:00:00+01:00,2025-11-19T07:00:00Z,2025-11-19T08:00:00+01:00
16.843,,,False,1,pm10,µg/m³,,raw,01:00:00,2025-11-19T07:00:00Z,2025-11-19T08:00:00+01:00,2025-11-19T08:00:00Z,2025-11-19T09:00:00+01:00,1,01:00:00,1,01:00:00,100.0,100.0,2025-11-19T07:00:00Z,2025-11-19T08:00:00+01:00,2025-11-19T08:00:00Z,2025-11-19T09:00:00+01:00
13.739,,,False,1,pm10,µg/m³,,raw,01:00:00,2025-11-19T08:00:00Z,2025-11-19T09:00:00+01:00,2025-11-19T09:00:00Z,2025-11-19T10:00:00+01:00,1,01:00:00,1,01:00:00,100.0,100.0,2025-11-19T08:00:00Z,2025-11-19T09:00:00+01:00,2025-11-19T09:00:00Z,2025-11-19T10:00:00+01:00
16.258,,,False,1,pm10,µg/m³,,raw,01:00:00,2025-11-19T10:00:00Z,2025-11-19T11:00:00+01:00,2025-11-19T11:00:00Z,2025-11-19T12:00:00+01:00,1,01:00:00,1,01:00:00,100.0,100.0,2025-11-19T10:00:00Z,2025-11-19T11:00:00+01:00,2025-11-19T11:00:00Z,2025-11-19T12:00:00+01:00
13.94,,,False,1,pm10,µg/m³,,raw,01:00:00,2025-11-19T11:00:00Z,2025-11-19T12:00:00+01:00,2025-11-19T12:00:00Z,2025-11-19T13:00:00+01:00,1,01:00:00,1,01:00:00,100.0,100.0,2025-11-19T11:00:00Z,2025-11-19T12:00:00+01:00,2025-11-19T12:00:00Z,2025-11-19T13:00:00+01:00
12.519,,,False,1,pm10,µg/m³,,raw,01:00:00,2025-11-19T12:00:00Z,2025-11-19T13:00:00+01:00,2025-11-19T13:00:00Z,2025-11-19T14:00:00+01:00,1,01:00:00,1,01:00:00,100.0,100.0,2025-11-19T12:00:00Z,2025-11-19T13:00:00+01:00,2025-11-19T13:00:00Z,2025-11-19T14:00:00+01:00
14.172,,,False,1,pm10,µg/m³,,raw,01:00:00,2025-11-19T13:00:00Z,2025-11-19T14:00:00+01:00,2025-11-19T14:00:00Z,2025-11-19T15:00:00+01:00,1,01:00:00,1,01:00:00,100.0,100.0,2025-11-19T13:00:00Z,2025-11-19T14:00:00+01:00,2025-11-19T14:00:00Z,2025-11-19T15:00:00+01:00
8.119,,,False,1,pm10,µg/m³,,raw,01:00:00,2025-11-19T14:00:00Z,2025-11-19T15:00:00+01:00,2025-11-19T15:00:00Z,2025-11-19T16:00:00+01:00,1,01:00:00,1,01:00:00,100.0,100.0,2025-11-19T14:00:00Z,2025-11-19T15:00:00+01:00,2025-11-19T15:00:00Z,2025-11-19T16:00:00+01:00
7.617,,,False,1,pm10,µg/m³,,raw,01:00:00,2025-11-19T15:00:00Z,2025-11-19T16:00:00+01:00,2025-11-19T16:00:00Z,2025-11-19T17:00:00+01:00,1,01:00:00,1,01:00:00,100.0,100.0,2025-11-19T15:00:00Z,2025-11-19T16:00:00+01:00,2025-11-19T16:00:00Z,2025-11-19T17:00:00+01:00
10.708,,,False,1,pm10,µg/m³,,raw,01:00:00,2025-11-19T16:00:00Z,2025-11-19T17:00:00+01:00,2025-11-19T17:00:00Z,2025-11-19T18:00:00+01:00,1,01:00:00,1,01:00:00,100.0,100.0,2025-11-19T16:00:00Z,2025-11-19T17:00:00+01:00,2025-11-19T17:00:00Z,2025-11-19T18:00:00+01:00
10.756,,,False,1,pm10,µg/m³,,raw,01:00:00,2025-11-19T17:00:00Z,2025-11-19T18:00:00+01:00,2025-11-19T18:00:00Z,2025-11-19T19:00:00+01:00,1,01:00:00,1,01:00:00,100.0,100.0,2025-11-19T17:00:00Z,2025-11-19T18:00:00+01:00,2025-11-19T18:00:00Z,2025-11-19T19:00:00+01:00
13.876,,,False,1,pm10,µg/m³,,raw,01:00:00,2025-11-19T18:00:00Z,2025-11-19T19:00:00+01:00,2025-11-19T19:00:00Z,2025-11-19T20:00:00+01:00,1,01:00:00,1,01:00:00,100.0,100.0,2025-11-19T18:00:00Z,2025-11-19T19:00:00+01:00,2025-11-19T19:00:00Z,2025-11-19T20:00:00+01:00
11.514,,,False,1,pm10,µg/m³,,raw,01:00:00,2025-11-19T19:00:00Z,2025-11-19T20:00:00+01:00,2025-11-19T20:00:00Z,2025-11-19T21:00:00+01:00,1,01:00:00,1,01:00:00,100.0,100.0,2025-11-19T19:00:00Z,2025-11-19T20:00:00+01:00,2025-11-19T20:00:00Z,2025-11-19T21:00:00+01:00
11.822,,,False,1,pm10,µg/m³,,raw,01:00:00,2025-11-19T20:00:00Z,2025-11-19T21:00:00+01:00,2025-11-19T21:00:00Z,2025-11-19T22:00:00+01:00,1,01:00:00,1,01:00:00,100.0,100.0,2025-11-19T20:00:00Z,2025-11-19T21:00:00+01:00,2025-11-19T21:00:00Z,2025-11-19T22:00:00+01:00
12.772,,,False,1,pm10,µg/m³,,raw,01:00:00,2025-11-19T21:00:00Z,2025-11-19T22:00:00+01:00,2025-11-19T22:00:00Z,2025-11-19T23:00:00+01:00,1,01:00:00,1,01:00:00,100.0,100.0,2025-11-19T21:00:00Z,2025-11-19T22:00:00+01:00,2025-11-19T22:00:00Z,2025-11-19T23:00:00+01:00
9.065,,,False,1,pm10,µg/m³,,raw,01:00:00,2025-11-19T22:00:00Z,2025-11-19T23:00:00+01:00,2025-11-19T23:00:00Z,2025-11-20T00:00:00+01:00,1,01:00:00,1,01:00:00,100.0,100.0,2025-11-19T22:00:00Z,2025-11-19T23:00:00+01:00,2025-11-19T23:00:00Z,2025-11-20T00:00:00+01:00
12.786,,,False,1,pm10,µg/m³,,raw,01:00:00,2025-11-19T23:00:00Z,2025-11-20T00:00:00+01:00,2025-11-20T00:00:00Z,2025-11-20T01:00:00+01:00,1,01:00:00,1,01:00:00,100.0,100.0,2025-11-19T23:00:00Z,2025-11-20T00:00:00+01:00,2025-11-20T00:00:00Z,2025-11-20T01:00:00+01:00
10.679,,,False,1,pm10,µg/m³,,raw,01:00:00,2025-11-20T00:00:00Z,2025-11-20T01:00:00+01:00,2025-11-20T01:00:00Z,2025-11-20T02:00:00+01:00,1,01:00:00,1,01:00:00,100.0,100.0,2025-11-20T00:00:00Z,2025-11-20T01:00:00+01:00,2025-11-20T01:00:00Z,2025-11-20T02:00:00+01:00
9.625,,,False,1,pm10,µg/m³,,raw,01:00:00,2025-11-20T01:00:00Z,2025-11-20T02:00:00+01:00,2025-11-20T02:00:00Z,2025-11-20T03:00:00+01:00,1,01:00:00,1,01:00:00,100.0,100.0,2025-11-20T01:00:00Z,2025-11-20T02:00:00+01:00,2025-11-20T02:00:00Z,2025-11-20T03:00:00+01:00
11.068,,,False,1,pm10,µg/m³,,raw,01:00:00,2025-11-20T02:00:00Z,2025-11-20T03:00:00+01:00,2025-11-20T03:00:00Z,2025-11-20T04:00:00+01:00,1,01:00:00,1,01:00:00,100.0,100.0,2025-11-20T02:00:00Z,2025-11-20T03:00:00+01:00,2025-11-20T03:00:00Z,2025-11-20T04:00:00+01:00
15.003,,,False,1,pm10,µg/m³,,raw,01:00:00,2025-11-20T03:00:00Z,2025-11-20T04:00:00+01:00,2025-11-20T04:00:00Z,2025-11-20T05:00:00+01:00,1,01:00:00,1,01:00:00,100.0,100.0,2025-11-20T03:00:00Z,2025-11-20T04:00:00+01:00,2025-11-20T04:00:00Z,2025-11-20T05:00:00+01:00
12.101,,,False,1,pm10,µg/m³,,raw,01:00:00,2025-11-20T04:00:00Z,2025-11-20T05:00:00+01:00,2025-11-20T05:00:00Z,2025-11-20T06:00:00+01:00,1,01:00:00,1,01:00:00,100.0,100.0,2025-11-20T04:00:00Z,2025-11-20T05:00:00+01:00,2025-11-20T05:00:00Z,2025-11-20T06:00:00+01:00
8.426,,,False,1,pm10,µg/m³,,raw,01:00:00,2025-11-20T05:00:00Z,2025-11-20T06:00:00+01:00,2025-11-20T06:00:00Z,2025-11-20T07:00:00+01:00,1,01:00:00,1,01:00:00,100.0,100.0,2025-11-20T05:00:00Z,2025-11-20T06:00:00+01:00,2025-11-20T06:00:00Z,2025-11-20T07:00:00+01:00
11.751,,,False,1,pm10,µg/m³,,raw,01:00:00,2025-11-20T06:00:00Z,2025-11-20T07:00:00+01:00,2025-11-20T07:00:00Z,2025-11-20T08:00:00+01:00,1,01:00:00,1,01:00:00,100.0,100.0,2025-11-20T06:00:00Z,2025-11-20T07:00:00+01:00,2025-11-20T07:00:00Z,2025-11-20T08:00:00+01:00
16.38,,,False,1,pm10,µg/m³,,raw,01:00:00,2025-11-20T07:00:00Z,2025-11-20T08:00:00+01:00,2025-11-20T08:00:00Z,2025-11-20T09:00:00+01:00,1,01:00:00,1,01:00:00,100.0,100.0,2025-11-20T07:00:00Z,2025-11-20T08:00:00+01:00,2025-11-20T08:00:00Z,2025-11-20T09:00:00+01:00
21.252,,,False,1,pm10,µg/m³,,raw,01:00:00,2025-11-20T08:00:00Z,2025-11-20T09:00:00+01:00,2025-11-20T09:00:00Z,2025-11-20T10:00:00+01:00,1,01:00:00,1,01:00:00,100.0,100.0,2025-11-20T08:00:00Z,2025-11-20T09:00:00+01:00,2025-11-20T09:00:00Z,2025-11-20T10:00:00+01:00
21.177,,,False,1,pm10,µg/m³,,raw,01:00:00,2025-11-20T09:00:00Z,2025-11-20T10:00:00+01:00,2025-11-20T10:00:00Z,2025-11-20T11:00:00+01:00,1,01:00:00,1,01:00:00,100.0,100.0,2025-11-20T09:00:00Z,2025-11-20T10:00:00+01:00,2025-11-20T10:00:00Z,2025-11-20T11:00:00+01:00
18.104,,,False,1,pm10,µg/m³,,raw,01:00:00,2025-11-20T10:00:00Z,2025-11-20T11:00:00+01:00,2025-11-20T11:00:00Z,2025-11-20T12:00:00+01:00,1,01:00:00,1,01:00:00,100.0,100.0,2025-11-20T10:00:00Z,2025-11-20T11:00:00+01:00,2025-11-20T11:00:00Z,2025-11-20T12:00:00+01:00
9.535,,,False,1,pm10,µg/m³,,raw,01:00:00,2025-11-20T12:00:00Z,2025-11-20T13:00:00+01:00,2025-11-20T13:00:00Z,2025-11-20T14:00:00+01:00,1,01:00:00,1,01:00:00,100.0,100.0,2025-11-20T12:00:00Z,2025-11-20T13:00:00+01:00,2025-11-20T13:00:00Z,2025-11-20T14:00:00+01:00
7.49,,,False,1,pm10,µg/m³,,raw,01:00:00,2025-11-20T13:00:00Z,2025-11-20T14:00:00+01:00,2025-11-20T14:00:00Z,2025-11-20T15:00:00+01:00,1,01:00:00,1,01:00:00,100.0,100.0,2025-11-20T13:00:00Z,2025-11-20T14:00:00+01:00,2025-11-20T14:00:00Z,2025-11-20T15:00:00+01:00
6.763,,,False,1,pm10,µg/m³,,raw,01:00:00,2025-11-20T14:00:00Z,2025-11-20T15:00:00+01:00,2025-11-20T15:00:00Z,2025-11-20T16:00:00+01:00,1,01:00:00,1,01:00:00,100.0,100.0,2025-11-20T14:00:00Z,2025-11-20T15:00:00+01:00,2025-11-20T15:00:00Z,2025-11-20T16:00:00+01:00
1.914,,,False,1,pm10,µg/m³,,raw,01:00:00,2025-11-20T15:00:00Z,2025-11-20T16:00:00+01:00,2025-11-20T16:00:00Z,2025-11-20T17:00:00+01:00,1,01:00:00,1,01:00:00,100.0,100.0,2025-11-20T15:00:00Z,2025-11-20T16:00:00+01:00,2025-11-20T16:00:00Z,2025-11-20T17:00:00+01:00
10.471,,,False,1,pm10,µg/m³,,raw,01:00:00,2025-11-20T16:00:00Z,2025-11-20T17:00:00+01:00,2025-11-20T17:00:00Z,2025-11-20T18:00:00+01:00,1,01:00:00,1,01:00:00,100.0,100.0,2025-11-20T16:00:00Z,2025-11-20T17:00:00+01:00,2025-11-20T17:00:00Z,2025-11-20T18:00:00+01:00
14.991,,,False,1,pm10,µg/m³,,raw,01:00:00,2025-11-20T17:00:00Z,2025-11-20T18:00:00+01:00,2025-11-20T18:00:00Z,2025-11-20T19:00:00+01:00,1,01:00:00,1,01:00:00,100.0,100.0,2025-11-20T17:00:00Z,2025-11-20T18:00:00+01:00,2025-11-20T18:00:00Z,2025-11-20T19:00:00+01:00
11.893,,,False,1,pm10,µg/m³,,raw,01:00:00,2025-11-20T18:00:00Z,2025-11-20T19:00:00+01:00,2025-11-20T19:00:00Z,2025-11-20T20:00:00+01:00,1,01:00:00,1,01:00:00,100.0,100.0,2025-11-20T18:00:00Z,2025-11-20T19:00:00+01:00,2025-11-20T19:00:00Z,2025-11-20T20:00:00+01:00
12.472,,,False,1,pm10,µg/m³,,raw,01:00:00,2025-11-20T19:00:00Z,2025-11-20T20:00:00+01:00,2025-11-20T20:00:00Z,2025-11-20T21:00:00+01:00,1,01:00:00,1,01:00:00,100.0,100.0,2025-11-20T19:00:00Z,2025-11-20T20:00:00+01:00,2025-11-20T20:00:00Z,2025-11-20T21:00:00+01:00
6.842,,,False,1,pm10,µg/m³,,raw,01:00:00,2025-11-20T20:00:00Z,2025-11-20T21:00:00+01:00,2025-11-20T21:00:00Z,2025-11-20T22:00:00+01:00,1,01:00:00,1,01:00:00,100.0,100.0,2025-11-20T20:00:00Z,2025-11-20T21:00:00+01:00,2025-11-20T21:00:00Z,2025-11-20T22:00:00+01:00
10.244,,,False,1,pm10,µg/m³,,raw,01:00:00,2025-11-20T21:00:00Z,2025-11-20T22:00:00+01:00,2025-11-20T22:00:00Z,2025-11-20T23:00:00+01:00,1,01:00:00,1,01:00:00,100.0,100.0,2025-11-20T21:00:00Z,2025-11-20T22:00:00+01:00,2025-11-20T22:00:00Z,2025-11-20T23:00:00+01:00
10.365,,,False,1,pm10,µg/m³,,raw,01:00:00,2025-11-20T22:00:00Z,2025-11-20T23:00:00+01:00,2025-11-20T23:00:00Z,2025-11-21T00:00:00+01:00,1,01:00:00,1,01:00:00,100.0,100.0,2025-11-20T22:00:00Z,2025-11-20T23:00:00+01:00,2025-11-20T23:00:00Z,2025-11-21T00:00:00+01:00
11.047,,,False,1,pm10,µg/m³,,raw,01:00:00,2025-11-20T23:00:00Z,2025-11-21T00:00:00+01:00,2025-11-21T00:00:00Z,2025-11-21T01:00:00+01:00,1,01:00:00,1,01:00:00,100.0,100.0,2025-11-20T23:00:00Z,2025-11-21T00:00:00+01:00,2025-11-21T00:00:00Z,2025-11-21T01:00:00+01:00
11.8,,,False,1,pm10,µg/m³,,raw,01:00:00,2025-11-21T00:00:00Z,2025-11-21T01:00:00+01:00,2025-11-21T01:00:00Z,2025-11-21T02:00:00+01:00,1,01:00:00,1,01:00:00,100.0,100.0,2025-11-21T00:00:00Z,2025-11-21T01:00:00+01:00,2025-11-21T01:00:00Z,2025-11-21T02:00:00+01:00
11.73,,,False,1,pm10,µg/m³,,raw,01:00:00,2025-11-21T01:00:00Z,2025-11-21T02:00:00+01:00,2025-11-21T02:00:00Z,2025-11-21T03:00:00+01:00,1,01:00:00,1,01:00:00,100.0,100.0,2025-11-21T01:00:00Z,2025-11-21T02:00:00+01:00,2025-11-21T02:00:00Z,2025-11-21T03:00:00+01:00
12.059,,,False,1,pm10,µg/m³,,raw,01:00:00,2025-11-21T02:00:00Z,2025-11-21T03:00:00+01:00,2025-11-21T03:00:00Z,2025-11-21T04:00:00+01:00,1,01:00:00,1,01:00:00,100.0,100.0,2025-11-21T02:00:00Z,2025-11-21T03:00:00+01:00,2025-11-21T03:00:00Z,2025-11-21T04:00:00+01:00
10.109,,,False,1,pm10,µg/m³,,raw,01:00:00,2025-11-21T03:00:00Z,2025-11-21T04:00:00+01:00,2025-11-21T04:00:00Z,2025-11-21T05:00:00+01:00,1,01:00:00,1,01:00:00,100.0,100.0,2025-11-21T03:00:00Z,2025-11-21T04:00:00+01:00,2025-11-21T04:00:00Z,2025-11-21T05:00:00+01:00
9.144,,,False,1,pm10,µg/m³,,raw,01:00:00,2025-11-21T04:00:00Z,2025-11-21T05:00:00+01:00,2025-11-21T05:00:00Z,2025-11-21T06:00:00+01:00,1,01:00:00,1,01:00:00,100.0,100.0,2025-11-21T04:00:00Z,2025-11-21T05:00:00+01:00,2025-11-21T05:00:00Z,2025-11-21T06:00:00+01:00
11.868,,,False,1,pm10,µg/m³,,raw,01:00:00,2025-11-21T05:00:00Z,2025-11-21T06:00:00+01:00,2025-11-21T06:00:00Z,2025-11-21T07:00:00+01:00,1,01:00:00,1,01:00:00,100.0,100.0,2025-11-21T05:00:00Z,2025-11-21T06:00:00+01:00,2025-11-21T06:00:00Z,2025-11-21T07:00:00+01:00
14.398,,,False,1,pm10,µg/m³,,raw,01:00:00,2025-11-21T06:00:00Z,2025-11-21T07:00:00+01:00,2025-11-21T07:00:00Z,2025-11-21T08:00:00+01:00,1,01:00:00,1,01:00:00,100.0,100.0,2025-11-21T06:00:00Z,2025-11-21T07:00:00+01:00,2025-11-21T07:00:00Z,2025-11-21T08:00:00+01:00
19.402,,,False,1,pm10,µg/m³,,raw,01:00:00,2025-11-21T08:00:00Z,2025-11-21T09:00:00+01:00,2025-11-21T09:00:00Z,2025-11-21T10:00:00+01:00,1,01:00:00,1,01:00:00,100.0,100.0,2025-11-21T08:00:00Z,2025-11-21T09:00:00+01:00,2025-11-21T09:00:00Z,2025-11-21T10:00:00+01:00
24.043,,,False,1,pm10,µg/m³,,raw,01:00:00,2025-11-21T09:00:00Z,2025-11-21T10:00:00+01:00,2025-11-21T10:00:00Z,2025-11-21T11:00:00+01:00,1,01:00:00,1,01:00:00,100.0,100.0,2025-11-21T09:00:00Z,2025-11-21T10:00:00+01:00,2025-11-21T10:00:00Z,2025-11-21T11:00:00+01:00
25.504,,,False,1,pm10,µg/m³,,raw,01:00:00,2025-11-21T10:00:00Z,2025-11-21T11:00:00+01:00,2025-11-21T11:00:00Z,2025-11-21T12:00:00+01:00,1,01:00:00,1,01:00:00,100.0,100.0,2025-11-21T10:00:00Z,2025-11-21T11:00:00+01:00,2025-11-21T11:00:00Z,2025-11-21T12:00:00+01:00
19.529,,,False,1,pm10,µg/m³,,raw,01:00:00,2025-11-21T11:00:00Z,2025-11-21T12:00:00+01:00,2025-11-21T12:00:00Z,2025-11-21T13:00:00+01:00,1,01:00:00,1,01:00:00,100.0,100.0,2025-11-21T11:00:00Z,2025-11-21T12:00:00+01:00,2025-11-21T12:00:00Z,2025-11-21T13:00:00+01:00
14.033,,,False,1,pm10,µg/m³,,raw,01:00:00,2025-11-21T12:00:00Z,2025-11-21T13:00:00+01:00,2025-11-21T13:00:00Z,2025-11-21T14:00:00+01:00,1,01:00:00,1,01:00:00,100.0,100.0,2025-11-21T12:00:00Z,2025-11-21T13:00:00+01:00,2025-11-21T13:00:00Z,2025-11-21T14:00:00+01:00
11.202,,,False,1,pm10,µg/m³,,raw,01:00:00,2025-11-21T13:00:00Z,2025-11-21T14:00:00+01:00,2025-11-21T14:00:00Z,2025-11-21T15:00:00+01:00,1,01:00:00,1,01:00:00,100.0,100.0,2025-11-21T13:00:00Z,2025-11-21T14:00:00+01:00,2025-11-21T14:00:00Z,2025-11-21T15:00:00+01:00
13.91,,,False,1,pm10,µg/m³,,raw,01:00:00,2025-11-21T14:00:00Z,2025-11-21T15:00:00+01:00,2025-11-21T15:00:00Z,2025-11-21T16:00:00+01:00,1,01:00:00,1,01:00:00,100.0,100.0,2025-11-21T14:00:00Z,2025-11-21T15:00:00+01:00,2025-11-21T15:00:00Z,2025-11-21T16:00:00+01:00
18.657,,,False,1,pm10,µg/m³,,raw,01:00:00,2025-11-21T15:00:00Z,2025-11-21T16:00:00+01:00,2025-11-21T16:00:00Z,2025-11-21T17:00:00+01:00,1,01:00:00,1,01:00:00,100.0,100.0,2025-11-21T15:00:00Z,2025-11-21T16:00:00+01:00,2025-11-21T16:00:00Z,2025-11-21T17:00:00+01:00
16.353,,,False,1,pm10,µg/m³,,raw,01:00:00,2025-11-21T16:00:00Z,2025-11-21T17:00:00+01:00,2025-11-21T17:00:00Z,2025-11-21T18:00:00+01:00,1,01:00:00,1,01:00:00,100.0,100.0,2025-11-21T16:00:00Z,2025-11-21T17:00:00+01:00,2025-11-21T17:00:00Z,2025-11-21T18:00:00+01:00
16.28,,,False,1,pm10,µg/m³,,raw,01:00:00,2025-11-21T17:00:00Z,2025-11-21T18:00:00+01:00,2025-11-21T18:00:00Z,2025-11-21T19:00:00+01:00,1,01:00:00,1,01:00:00,100.0,100.0,2025-11-21T17:00:00Z,2025-11-21T18:00:00+01:00,2025-11-21T18:00:00Z,2025-11-21T19:00:00+01:00
24.728,,,False,1,pm10,µg/m³,,raw,01:00:00,2025-11-21T18:00:00Z,2025-11-21T19:00:00+01:00,2025-11-21T19:00:00Z,2025-11-21T20:00:00+01:00,1,01:00:00,1,01:00:00,100.0,100.0,2025-11-21T18:00:00Z,2025-11-21T19:00:00+01:00,2025-11-21T19:00:00Z,2025-11-21T20:00:00+01:00
30.249,,,False,1,pm10,µg/m³,,raw,01:00:00,2025-11-21T19:00:00Z,2025-11-21T20:00:00+01:00,2025-11-21T20:00:00Z,2025-11-21T21:00:00+01:00,1,01:00:00,1,01:00:00,100.0,100.0,2025-11-21T19:00:00Z,2025-11-21T20:00:00+01:00,2025-11-21T20:00:00Z,2025-11-21T21:00:00+01:00
31.469,,,False,1,pm10,µg/m³,,raw,01:00:00,2025-11-21T20:00:00Z,2025-11-21T21:00:00+01:00,2025-11-21T21:00:00Z,2025-11-21T22:00:00+01:00,1,01:00:00,1,01:00:00,100.0,100.0,2025-11-21T20:00:00Z,2025-11-21T21:00:00+01:00,2025-11-21T21:00:00Z,2025-11-21T22:00:00+01:00
37.677,,,False,1,pm10,µg/m³,,raw,01:00:00,2025-11-21T21:00:00Z,2025-11-21T22:00:00+01:00,2025-11-21T22:00:00Z,2025-11-21T23:00:00+01:00,1,01:00:00,1,01:00:00,100.0,100.0,2025-11-21T21:00:00Z,2025-11-21T22:00:00+01:00,2025-11-21T22:00:00Z,2025-11-21T23:00:00+01:00
38.069,,,False,1,pm10,µg/m³,,raw,01:00:00,2025-11-21T22:00:00Z,2025-11-21T23:00:00+01:00,2025-11-21T23:00:00Z,2025-11-22T00:00:00+01:00,1,01:00:00,1,01:00:00,100.0,100.0,2025-11-21T22:00:00Z,2025-11-21T23:00:00+01:00,2025-11-21T23:00:00Z,2025-11-22T00:00:00+01:00
34.105,,,False,1,pm10,µg/m³,,raw,01:00:00,2025-11-21T23:00:00Z,2025-11-22T00:00:00+01:00,2025-11-22T00:00:00Z,2025-11-22T01:00:00+01:00,1,01:00:00,1,01:00:00,100.0,100.0,2025-11-21T23:00:00Z,2025-11-22T00:00:00+01:00,2025-11-22T00:00:00Z,2025-11-22T01:00:00+01:00
30.527,,,False,1,pm10,µg/m³,,raw,01:00:00,2025-11-22T00:00:00Z,2025-11-22T01:00:00+01:00,2025-11-22T01:00:00Z,2025-11-22T02:00:00+01:00,1,01:00:00,1,01:00:00,100.0,100.0,2025-11-22T00:00:00Z,2025-11-22T01:00:00+01:00,2025-11-22T01:00:00Z,2025-11-22T02:00:00+01:00
25.034,,,False,1,pm10,µg/m³,,raw,01:00:00,2025-11-22T01:00:00Z,2025-11-22T02:00:00+01:00,2025-11-22T02:00:00Z,2025-11-22T03:00:00+01:00,1,01:00:00,1,01:00:00,100.0,100.0,2025-11-22T01:00:00Z,2025-11-22T02:00:00+01:00,2025-11-22T02:00:00Z,2025-11-22T03:00:00+01:00
24.492,,,False,1,pm10,µg/m³,,raw,01:00:00,2025-11-22T02:00:00Z,2025-11-22T03:00:00+01:00,2025-11-22T03:00:00Z,2025-11-22T04:00:00+01:00,1,01:00:00,1,01:00:00,100.0,100.0,2025-11-22T02:00:00Z,2025-11-22T03:00:00+01:00,2025-11-22T03:00:00Z,2025-11-22T04:00:00+01:00
24.401,,,False,1,pm10,µg/m³,,raw,01:00:00,2025-11-22T03:00:00Z,2025-11-22T04:00:00+01:00,2025-11-22T04:00:00Z,2025-11-22T05:00:00+01:00,1,01:00:00,1,01:00:00,100.0,100.0,2025-11-22T03:00:00Z,2025-11-22T04:00:00+01:00,2025-11-22T04:00:00Z,2025-11-22T05:00:00+01:00
24.123,,,False,1,pm10,µg/m³,,raw,01:00:00,2025-11-22T04:00:00Z,2025-11-22T05:00:00+01:00,2025-11-22T05:00:00Z,2025-11-22T06:00:00+01:00,1,01:00:00,1,01:00:00,100.0,100.0,2025-11-22T04:00:00Z,2025-11-22T05:00:00+01:00,2025-11-22T05:00:00Z,2025-11-22T06:00:00+01:00
23.331,,,False,1,pm10,µg/m³,,raw,01:00:00,2025-11-22T05:00:00Z,2025-11-22T06:00:00+01:00,2025-11-22T06:00:00Z,2025-11-22T07:00:00+01:00,1,01:00:00,1,01:00:00,100.0,100.0,2025-11-22T05:00:00Z,2025-11-22T06:00:00+01:00,2025-11-22T06:00:00Z,2025-11-22T07:00:00+01:00
21.374,,,False,1,pm10,µg/m³,,raw,01:00:00,2025-11-22T06:00:00Z,2025-11-22T07:00:00+01:00,2025-11-22T07:00:00Z,2025-11-22T08:00:00+01:00,1,01:00:00,1,01:00:00,100.0,100.0,2025-11-22T06:00:00Z,2025-11-22T07:00:00+01:00,2025-11-22T07:00:00Z,2025-11-22T08:00:00+01:00
23.732,,,False,1,pm10,µg/m³,,raw,01:00:00,2025-11-22T07:00:00Z,2025-11-22T08:00:00+01:00,2025-11-22T08:00:00Z,2025-11-22T09:00:00+01:00,1,01:00:00,1,01:00:00,100.0,100.0,2025-11-22T07:00:00Z,2025-11-22T08:00:00+01:00,2025-11-22T08:00:00Z,2025-11-22T09:00:00+01:00
19.844,,,False,1,pm10,µg/m³,,raw,01:00:00,2025-11-22T08:00:00Z,2025-11-22T09:00:00+01:00,2025-11-22T09:00:00Z,2025-11-22T10:00:00+01:00,1,01:00:00,1,01:00:00,100.0,100.0,2025-11-22T08:00:00Z,2025-11-22T09:00:00+01:00,2025-11-22T09:00:00Z,2025-11-22T10:00:00+01:00
24.626,,,False,1,pm10,µg/m³,,raw,01:00:00,2025-11-22T09:00:00Z,2025-11-22T10:00:00+01:00,2025-11-22T10:00:00Z,2025-11-22T11:00:00+01:00,1,01:00:00,1,01:00:00,100.0,100.0,2025-11-22T09:00:00Z,2025-11-22T10:00:00+01:00,2025-11-22T10:00:00Z,2025-11-22T11:00:00+01:00
22.054,,,False,1,pm10,µg/m³,,raw,01:00:00,2025-11-22T10:00:00Z,2025-11-22T11:00:00+01:00,2025-11-22T11:00:00Z,2025-11-22T12:00:00+01:00,1,01:00:00,1,01:00:00,100.0,100.0,2025-11-22T10:00:00Z,2025-11-22T11:00:00+01:00,2025-11-22T11:00:00Z,2025-11-22T12:00:00+01:00
21.36,,,False,1,pm10,µg/m³,,raw,01:00:00,2025-11-22T11:00:00Z,2025-11-22T12:00:00+01:00,2025-11-22T12:00:00Z,2025-11-22T13:00:00+01:00,1,01:00:00,1,01:00:00,100.0,100.0,2025-11-22T11:00:00Z,2025-11-22T12:00:00+01:00,2025-11-22T12:00:00Z,2025-11-22T13:00:00+01:00
15.398,,,False,1,pm10,µg/m³,,raw,01:00:00,2025-11-22T12:00:00Z,2025-11-22T13:00:00+01:00,2025-11-22T13:00:00Z,2025-11-22T14:00:00+01:00,1,01:00:00,1,01:00:00,100.0,100.0,2025-11-22T12:00:00Z,2025-11-22T13:00:00+01:00,2025-11-22T13:00:00Z,2025-11-22T14:00:00+01:00
15.558,,,False,1,pm10,µg/m³,,raw,01:00:00,2025-11-22T13:00:00Z,2025-11-22T14:00:00+01:00,2025-11-22T14:00:00Z,2025-11-22T15:00:00+01:00,1,01:00:00,1,01:00:00,100.0,100.0,2025-11-22T13:00:00Z,2025-11-22T14:00:00+01:00,2025-11-22T14:00:00Z,2025-11-22T15:00:00+01:00
19.929,,,False,1,pm10,µg/m³,,raw,01:00:00,2025-11-22T14:00:00Z,2025-11-22T15:00:00+01:00,2025-11-22T15:00:00Z,2025-11-22T16:00:00+01:00,1,01:00:00,1,01:00:00,100.0,100.0,2025-11-22T14:00:00Z,2025-11-22T15:00:00+01:00,2025-11-22T15:00:00Z,2025-11-22T16:00:00+01:00
19.603,,,False,1,pm10,µg/m³,,raw,01:00:00,2025-11-22T15:00:00Z,2025-11-22T16:00:00+01:00,2025-11-22T16:00:00Z,2025-11-22T17:00:00+01:00,1,01:00:00,1,01:00:00,100.0,100.0,2025-11-22T15:00:00Z,2025-11-22T16:00:00+01:00,2025-11-22T16:00:00Z,2025-11-22T17:00:00+01:00
14.128,,,False,1,pm10,µg/m³,,raw,01:00:00,2025-11-22T16:00:00Z,2025-11-22T17:00:00+01:00,2025-11-22T17:00:00Z,2025-11-22T18:00:00+01:00,1,01:00:00,1,01:00:00,100.0,100.0,2025-11-22T16:00:00Z,2025-11-22T17:00:00+01:00,2025-11-22T17:00:00Z,2025-11-22T18:00:00+01:00
23.632,,,False,1,pm10,µg/m³,,raw,01:00:00,2025-11-22T17:00:00Z,2025-11-22T18:00:00+01:00,2025-11-22T18:00:00Z,2025-11-22T19:00:00+01:00,1,01:00:00,1,01:00:00,100.0,100.0,2025-11-22T17:00:00Z,2025-11-22T18:00:00+01:00,2025-11-22T18:00:00Z,2025-11-22T19:00:00+01:00
28.486,,,False,1,pm10,µg/m³,,raw,01:00:00,2025-11-22T18:00:00Z,2025-11-22T19:00:00+01:00,2025-11-22T19:00:00Z,2025-11-22T20:00:00+01:00,1,01:00:00,1,01:00:00,100.0,100.0,2025-11-22T18:00:00Z,2025-11-22T19:00:00+01:00,2025-11-22T19:00:00Z,2025-11-22T20:00:00+01:00
33.787,,,False,1,pm10,µg/m³,,raw,01:00:00,2025-11-22T20:00:00Z,2025-11-22T21:00:00+01:00,2025-11-22T21:00:00Z,2025-11-22T22:00:00+01:00,1,01:00:00,1,01:00:00,100.0,100.0,2025-11-22T20:00:00Z,2025-11-22T21:00:00+01:00,2025-11-22T21:00:00Z,2025-11-22T22:00:00+01:00
19.521,,,False,1,pm10,µg/m³,,raw,01:00:00,2025-11-22T21:00:00Z,2025-11-22T22:00:00+01:00,2025-11-22T22:00:00Z,2025-11-22T23:00:00+01:00,1,01:00:00,1,01:00:00,100.0,100.0,2025-11-22T21:00:00Z,2025-11-22T22:00:00+01:00,2025-11-22T22:00:00Z,2025-11-22T23:00:00+01:00
28.041,,,False,1,pm10,µg/m³,,raw,01:00:00,2025-11-22T22:00:00Z,2025-11-22T23:00:00+01:00,2025-11-22T23:00:00Z,2025-11-23T00:00:00+01:00,1,01:00:00,1,01:00:00,100.0,100.0,2025-11-22T22:00:00Z,2025-11-22T23:00:00+01:00,2025-11-22T23:00:00Z,2025-11-23T00:00:00+01:00
26.559,,,False,1,pm10,µg/m³,,raw,01:00:00,2025-11-22T23:00:00Z,2025-11-23T00:00:00+01:00,2025-11-23T00:00:00Z,2025-11-23T01:00:00+01:00,1,01:00:00,1,01:00:00,100.0,100.0,2025-11-22T23:00:00Z,2025-11-23T00:00:00+01:00,2025-11-23T00:00:00Z,2025-11-23T01:00:00+01:00
25.495,,,False,1,pm10,µg/m³,,raw,01:00:00,2025-11-23T00:00:00Z,2025-11-23T01:00:00+01:00,2025-11-23T01:00:00Z,2025-11-23T02:00:00+01:00,1,01:00:00,1,01:00:00,100.0,100.0,2025-11-23T00:00:00Z,2025-11-23T01:00:00+01:00,2025-11-23T01:00:00Z,2025-11-23T02:00:00+01:00
23.256,,,False,1,pm10,µg/m³,,raw,01:00:00,2025-11-23T01:00:00Z,2025-11-23T02:00:00+01:00,2025-11-23T02:00:00Z,2025-11-23T03:00:00+01:00,1,01:00:00,1,01:00:00,100.0,100.0,2025-11-23T01:00:00Z,2025-11-23T02:00:00+01:00,2025-11-23T02:00:00Z,2025-11-23T03:00:00+01:00
17.138,,,False,1,pm10,µg/m³,,raw,01:00:00,2025-11-23T02:00:00Z,2025-11-23T03:00:00+01:00,2025-11-23T03:00:00Z,2025-11-23T04:00:00+01:00,1,01:00:00,1,01:00:00,100.0,100.0,2025-11-23T02:00:00Z,2025-11-23T03:00:00+01:00,2025-11-23T03:00:00Z,2025-11-23T04:00:00+01:00
17.587,,,False,1,pm10,µg/m³,,raw,01:00:00,2025-11-23T03:00:00Z,2025-11-23T04:00:00+01:00,2025-11-23T04:00:00Z,2025-11-23T05:00:00+01:00,1,01:00:00,1,01:00:00,100.0,100.0,2025-11-23T03:00:00Z,2025-11-23T04:00:00+01:00,2025-11-23T04:00:00Z,2025-11-23T05:00:00+01:00
15.867,,,False,1,pm10,µg/m³,,raw,01:00:00,2025-11-23T04:00:00Z,2025-11-23T05:00:00+01:00,2025-11-23T05:00:00Z,2025-11-23T06:00:00+01:00,1,01:00:00,1,01:00:00,100.0,100.0,2025-11-23T04:00:00Z,2025-11-23T05:00:00+01:00,2025-11-23T05:00:00Z,2025-11-23T06:00:00+01:00
2.121,,,False,1,pm10,µg/m³,,raw,01:00:00,2025-11-23T05:00:00Z,2025-11-23T06:00:00+01:00,2025-11-23T06:00:00Z,2025-11-23T07:00:00+01:00,1,01:00:00,1,01:00:00,100.0,100.0,2025-11-23T05:00:00Z,2025-11-23T06:00:00+01:00,2025-11-23T06:00:00Z,2025-11-23T07:00:00+01:00
11.376,,,False,1,pm10,µg/m³,,raw,01:00:00,2025-11-23T06:00:00Z,2025-11-23T07:00:00+01:00,2025-11-23T07:00:00Z,2025-11-23T08:00:00+01:00,1,01:00:00,1,01:00:00,100.0,100.0,2025-11-23T06:00:00Z,2025-11-23T07:00:00+01:00,2025-11-23T07:00:00Z,2025-11-23T08:00:00+01:00
8.99,,,False,1,pm10,µg/m³,,raw,01:00:00,2025-11-23T07:00:00Z,2025-11-23T08:00:00+01:00,2025-11-23T08:00:00Z,2025-11-23T09:00:00+01:00,1,01:00:00,1,01:00:00,100.0,100.0,2025-11-23T07:00:00Z,2025-11-23T08:00:00+01:00,2025-11-23T08:00:00Z,2025-11-23T09:00:00+01:00
11.024,,,False,1,pm10,µg/m³,,raw,01:00:00,2025-11-23T08:00:00Z,2025-11-23T09:00:00+01:00,2025-11-23T09:00:00Z,2025-11-23T10:00:00+01:00,1,01:00:00,1,01:00:00,100.0,100.0,2025-11-23T08:00:00Z,2025-11-23T09:00:00+01:00,2025-11-23T09:00:00Z,2025-11-23T10:00:00+01:00
14.104,,,False,1,pm10,µg/m³,,raw,01:00:00,2025-11-23T09:00:00Z,2025-11-23T10:00:00+01:00,2025-11-23T10:00:00Z,2025-11-23T11:00:00+01:00,1,01:00:00,1,01:00:00,100.0,100.0,2025-11-23T09:00:00Z,2025-11-23T10:00:00+01:00,2025-11-23T10:00:00Z,2025-11-23T11:00:00+01:00
31.122,,,False,1,pm10,µg/m³,,raw,01:00:00,2025-11-23T10:00:00Z,2025-11-23T11:00:00+01:00,2025-11-23T11:00:00Z,2025-11-23T12:00:00+01:00,1,01:00:00,1,01:00:00,100.0,100.0,2025-11-23T10:00:00Z,2025-11-23T11:00:00+01:00,2025-11-23T11:00:00Z,2025-11-23T12:00:00+01:00
44.27,,,False,1,pm10,µg/m³,,raw,01:00:00,2025-11-23T11:00:00Z,2025-11-23T12:00:00+01:00,2025-11-23T12:00:00Z,2025-11-23T13:00:00+01:00,1,01:00:00,1,01:00:00,100.0,100.0,2025-11-23T11:00:00Z,2025-11-23T12:00:00+01:00,2025-11-23T12:00:00Z,2025-11-23T13:00:00+01:00
59.188,,,False,1,pm10,µg/m³,,raw,01:00:00,2025-11-23T12:00:00Z,2025-11-23T13:00:00+01:00,2025-11-23T13:00:00Z,2025-11-23T14:00:00+01:00,1,01:00:00,1,01:00:00,100.0,100.0,2025-11-23T12:00:00Z,2025-11-23T13:00:00+01:00,2025-11-23T13:00:00Z,2025-11-23T14:00:00+01:00
60.993,,,False,1,pm10,µg/m³,,raw,01:00:00,2025-11-23T13:00:00Z,2025-11-23T14:00:00+01:00,2025-11-23T14:00:00Z,2025-11-23T15:00:00+01:00,1,01:00:00,1,01:00:00,100.0,100.0,2025-11-23T13:00:00Z,2025-11-23T14:00:00+01:00,2025-11-23T14:00:00Z,2025-11-23T15:00:00+01:00
71.801,,,False,1,pm10,µg/m³,,raw,01:00:00,2025-11-23T14:00:00Z,2025-11-23T15:00:00+01:00,2025-11-23T15:00:00Z,2025-11-23T16:00:00+01:00,1,01:00:00,1,01:00:00,100.0,100.0,2025-11-23T14:00:00Z,2025-11-23T15:00:00+01:00,2025-11-23T15:00:00Z,2025-11-23T16:00:00+01:00
60.148,,,False,1,pm10,µg/m³,,raw,01:00:00,2025-11-23T15:00:00Z,2025-11-23T16:00:00+01:00,2025-11-23T16:00:00Z,2025-11-23T17:00:00+01:00,1,01:00:00,1,01:00:00,100.0,100.0,2025-11-23T15:00:00Z,2025-11-23T16:00:00+01:00,2025-11-23T16:00:00Z,2025-11-23T17:00:00+01:00
59.461,,,False,1,pm10,µg/m³,,raw,01:00:00,2025-11-23T16:00:00Z,2025-11-23T17:00:00+01:00,2025-11-23T17:00:00Z,2025-11-23T18:00:00+01:00,1,01:00:00,1,01:00:00,100.0,100.0,2025-11-23T16:00:00Z,2025-11-23T17:00:00+01:00,2025-11-23T17:00:00Z,2025-11-23T18:00:00+01:00
51.307,,,False,1,pm10,µg/m³,,raw,01:00:00,2025-11-23T17:00:00Z,2025-11-23T18:00:00+01:00,2025-11-23T18:00:00Z,2025-11-23T19:00:00+01:00,1,01:00:00,1,01:00:00,100.0,100.0,2025-11-23T17:00:00Z,2025-11-23T18:00:00+01:00,2025-11-23T18:00:00Z,2025-11-23T19:00:00+01:00
24.254,,,False,1,pm10,µg/m³,,raw,01:00:00,2025-11-23T20:00:00Z,2025-11-23T21:00:00+01:00,2025-11-23T21:00:00Z,2025-11-23T22:00:00+01:00,1,01:00:00,1,01:00:00,100.0,100.0,2025-11-23T20:00:00Z,2025-11-23T21:00:00+01:00,2025-11-23T21:00:00Z,2025-11-23T22:00:00+01:00
21.038,,,False,1,pm10,µg/m³,,raw,01:00:00,2025-11-23T21:00:00Z,2025-11-23T22:00:00+01:00,2025-11-23T22:00:00Z,2025-11-23T23:00:00+01:00,1,01:00:00,1,01:00:00,100.0,100.0,2025-11-23T21:00:00Z,2025-11-23T22:00:00+01:00,2025-11-23T22:00:00Z,2025-11-23T23:00:00+01:00
18.792,,,False,1,pm10,µg/m³,,raw,01:00:00,2025-11-23T22:00:00Z,2025-11-23T23:00:00+01:00,2025-11-23T23:00:00Z,2025-11-24T00:00:00+01:00,1,01:00:00,1,01:00:00,100.0,100.0,2025-11-23T22:00:00Z,2025-11-23T23:00:00+01:00,2025-11-23T23:00:00Z,2025-11-24T00:00:00+01:00
16.126,,,False,1,pm10,µg/m³,,raw,01:00:00,2025-11-23T23:00:00Z,2025-11-24T00:00:00+01:00,2025-11-24T00:00:00Z,2025-11-24T01:00:00+01:00,1,01:00:00,1,01:00:00,100.0,100.0,2025-11-23T23:00:00Z,2025-11-24T00:00:00+01:00,2025-11-24T00:00:00Z,2025-11-24T01:00:00+01:00
8.798,,,False,1,pm10,µg/m³,,raw,01:00:00,2025-11-24T00:00:00Z,2025-11-24T01:00:00+01:00,2025-11-24T01:00:00Z,2025-11-24T02:00:00+01:00,1,01:00:00,1,01:00:00,100.0,100.0,2025-11-24T00:00:00Z,2025-11-24T01:00:00+01:00,2025-11-24T01:00:00Z,2025-11-24T02:00:00+01:00
9.327,,,False,1,pm10,µg/m³,,raw,01:00:00,2025-11-24T01:00:00Z,2025-11-24T02:00:00+01:00,2025-11-24T02:00:00Z,2025-11-24T03:00:00+01:00,1,01:00:00,1,01:00:00,100.0,100.0,2025-11-24T01:00:00Z,2025-11-24T02:00:00+01:00,2025-11-24T02:00:00Z,2025-11-24T03:00:00+01:00
3.998,,,False,1,pm10,µg/m³,,raw,01:00:00,2025-11-24T02:00:00Z,2025-11-24T03:00:00+01:00,2025-11-24T03:00:00Z,2025-11-24T04:00:00+01:00,1,01:00:00,1,01:00:00,100.0,100.0,2025-11-24T02:00:00Z,2025-11-24T03:00:00+01:00,2025-11-24T03:00:00Z,2025-11-24T04:00:00+01:00
1.938,,,False,1,pm10,µg/m³,,raw,01:00:00,2025-11-24T03:00:00Z,2025-11-24T04:00:00+01:00,2025-11-24T04:00:00Z,2025-11-24T05:00:00+01:00,1,01:00:00,1,01:00:00,100.0,100.0,2025-11-24T03:00:00Z,2025-11-24T04:00:00+01:00,2025-11-24T04:00:00Z,2025-11-24T05:00:00+01:00
17.441,,,False,1,pm10,µg/m³,,raw,01:00:00,2025-11-24T04:00:00Z,2025-11-24T05:00:00+01:00,2025-11-24T05:00:00Z,2025-11-24T06:00:00+01:00,1,01:00:00,1,01:00:00,100.0,100.0,2025-11-24T04:00:00Z,2025-11-24T05:00:00+01:00,2025-11-24T05:00:00Z,2025-11-24T06:00:00+01:00
42.855,,,False,1,pm10,µg/m³,,raw,01:00:00,2025-11-24T05:00:00Z,2025-11-24T06:00:00+01:00,2025-11-24T06:00:00Z,2025-11-24T07:00:00+01:00,1,01:00:00,1,01:00:00,100.0,100.0,2025-11-24T05:00:00Z,2025-11-24T06:00:00+01:00,2025-11-24T06:00:00Z,2025-11-24T07:00:00+01:00
20.834,,,False,1,pm10,µg/m³,,raw,01:00:00,2025-11-24T06:00:00Z,2025-11-24T07:00:00+01:00,2025-11-24T07:00:00Z,2025-11-24T08:00:00+01:00,1,01:00:00,1,01:00:00,100.0,100.0,2025-11-24T06:00:00Z,2025-11-24T07:00:00+01:00,2025-11-24T07:00:00Z,2025-11-24T08:00:00+01:00
17.249,,,False,1,pm10,µg/m³,,raw,01:00:00,2025-11-24T07:00:00Z,2025-11-24T08:00:00+01:00,2025-11-24T08:00:00Z,2025-11-24T09:00:00+01:00,1,01:00:00,1,01:00:00,100.0,100.0,2025-11-24T07:00:00Z,2025-11-24T08:00:00+01:00,2025-11-24T08:00:00Z,2025-11-24T09:00:00+01:00
11.872,,,False,1,pm10,µg/m³,,raw,01:00:00,2025-11-24T08:00:00Z,2025-11-24T09:00:00+01:00,2025-11-24T09:00:00Z,2025-11-24T10:00:00+01:00,1,01:00:00,1,01:00:00,100.0,100.0,2025-11-24T08:00:00Z,2025-11-24T09:00:00+01:00,2025-11-24T09:00:00Z,2025-11-24T10:00:00+01:00
20.106,,,False,1,pm10,µg/m³,,raw,01:00:00,2025-11-24T09:00:00Z,2025-11-24T10:00:00+01:00,2025-11-24T10:00:00Z,2025-11-24T11:00:00+01:00,1,01:00:00,1,01:00:00,100.0,100.0,2025-11-24T09:00:00Z,2025-11-24T10:00:00+01:00,2025-11-24T10:00:00Z,2025-11-24T11:00:00+01:00
18.802,,,False,1,pm10,µg/m³,,raw,01:00:00,2025-11-24T10:00:00Z,2025-11-24T11:00:00+01:00,2025-11-24T11:00:00Z,2025-11-24T12:00:00+01:00,1,01:00:00,1,01:00:00,100.0,100.0,2025-11-24T10:00:00Z,2025-11-24T11:00:00+01:00,2025-11-24T11:00:00Z,2025-11-24T12:00:00+01:00
10.981,,,False,1,pm10,µg/m³,,raw,01:00:00,2025-11-24T11:00:00Z,2025-11-24T12:00:00+01:00,2025-11-24T12:00:00Z,2025-11-24T13:00:00+01:00,1,01:00:00,1,01:00:00,100.0,100.0,2025-11-24T11:00:00Z,2025-11-24T12:00:00+01:00,2025-11-24T12:00:00Z,2025-11-24T13:00:00+01:00
8.093,,,False,1,pm10,µg/m³,,raw,01:00:00,2025-11-24T12:00:00Z,2025-11-24T13:00:00+01:00,2025-11-24T13:00:00Z,2025-11-24T14:00:00+01:00,1,01:00:00,1,01:00:00,100.0,100.0,2025-11-24T12:00:00Z,2025-11-24T13:00:00+01:00,2025-11-24T13:00:00Z,2025-11-24T14:00:00+01:00
5.79,,,False,1,pm10,µg/m³,,raw,01:00:00,2025-11-24T13:00:00Z,2025-11-24T14:00:00+01:00,2025-11-24T14:00:00Z,2025-11-24T15:00:00+01:00,1,01:00:00,1,01:00:00,100.0,100.0,2025-11-24T13:00:00Z,2025-11-24T14:00:00+01:00,2025-11-24T14:00:00Z,2025-11-24T15:00:00+01:00
8.295,,,False,1,pm10,µg/m³,,raw,01:00:00,2025-11-24T14:00:00Z,2025-11-24T15:00:00+01:00,2025-11-24T15:00:00Z,2025-11-24T16:00:00+01:00,1,01:00:00,1,01:00:00,100.0,100.0,2025-11-24T14:00:00Z,2025-11-24T15:00:00+01:00,2025-11-24T15:00:00Z,2025-11-24T16:00:00+01:00
12.869,,,False,1,pm10,µg/m³,,raw,01:00:00,2025-11-24T15:00:00Z,2025-11-24T16:00:00+01:00,2025-11-24T16:00:00Z,2025-11-24T17:00:00+01:00,1,01:00:00,1,01:00:00,100.0,100.0,2025-11-24T15:00:00Z,2025-11-24T16:00:00+01:00,2025-11-24T16:00:00Z,2025-11-24T17:00:00+01:00
13.931,,,False,1,pm10,µg/m³,,raw,01:00:00,2025-11-24T16:00:00Z,2025-11-24T17:00:00+01:00,2025-11-24T17:00:00Z,2025-11-24T18:00:00+01:00,1,01:00:00,1,01:00:00,100.0,100.0,2025-11-24T16:00:00Z,2025-11-24T17:00:00+01:00,2025-11-24T17:00:00Z,2025-11-24T18:00:00+01:00
15.354,,,False,1,pm10,µg/m³,,raw,01:00:00,2025-11-24T17:00:00Z,2025-11-24T18:00:00+01:00,2025-11-24T18:00:00Z,2025-11-24T19:00:00+01:00,1,01:00:00,1,01:00:00,100.0,100.0,2025-11-24T17:00:00Z,2025-11-24T18:00:00+01:00,2025-11-24T18:00:00Z,2025-11-24T19:00:00+01:00
16.824,,,False,1,pm10,µg/m³,,raw,01:00:00,2025-11-24T18:00:00Z,2025-11-24T19:00:00+01:00,2025-11-24T19:00:00Z,2025-11-24T20:00:00+01:00,1,01:00:00,1,01:00:00,100.0,100.0,2025-11-24T18:00:00Z,2025-11-24T19:00:00+01:00,2025-11-24T19:00:00Z,2025-11-24T20:00:00+01:00
12.152,,,False,1,pm10,µg/m³,,raw,01:00:00,2025-11-24T20:00:00Z,2025-11-24T21:00:00+01:00,2025-11-24T21:00:00Z,2025-11-24T22:00:00+01:00,1,01:00:00,1,01:00:00,100.0,100.0,2025-11-24T20:00:00Z,2025-11-24T21:00:00+01:00,2025-11-24T21:00:00Z,2025-11-24T22:00:00+01:00
13.624,,,False,1,pm10,µg/m³,,raw,01:00:00,2025-11-24T21:00:00Z,2025-11-24T22:00:00+01:00,2025-11-24T22:00:00Z,2025-11-24T23:00:00+01:00,1,01:00:00,1,01:00:00,100.0,100.0,2025-11-24T21:00:00Z,2025-11-24T22:00:00+01:00,2025-11-24T22:00:00Z,2025-11-24T23:00:00+01:00
11.883,,,False,1,pm10,µg/m³,,raw,01:00:00,2025-11-24T22:00:00Z,2025-11-24T23:00:00+01:00,2025-11-24T23:00:00Z,2025-11-25T00:00:00+01:00,1,01:00:00,1,01:00:00,100.0,100.0,2025-11-24T22:00:00Z,2025-11-24T23:00:00+01:00,2025-11-24T23:00:00Z,2025-11-25T00:00:00+01:00
11.043,,,False,1,pm10,µg/m³,,raw,01:00:00,2025-11-24T23:00:00Z,2025-11-25T00:00:00+01:00,2025-11-25T00:00:00Z,2025-11-25T01:00:00+01:00,1,01:00:00,1,01:00:00,100.0,100.0,2025-11-24T23:00:00Z,2025-11-25T00:00:00+01:00,2025-11-25T00:00:00Z,2025-11-25T01:00:00+01:00
8.739,,,False,1,pm10,µg/m³,,raw,01:00:00,2025-11-25T00:00:00Z,2025-11-25T01:00:00+01:00,2025-11-25T01:00:00Z,2025-11-25T02:00:00+01:00,1,01:00:00,1,01:00:00,100.0,100.0,2025-11-25T00:00:00Z,2025-11-25T01:00:00+01:00,2025-11-25T01:00:00Z,2025-11-25T02:00:00+01:00
8.101,,,False,1,pm10,µg/m³,,raw,01:00:00,2025-11-25T01:00:00Z,2025-11-25T02:00:00+01:00,2025-11-25T02:00:00Z,2025-11-25T03:00:00+01:00,1,01:00:00,1,01:00:00,100.0,100.0,2025-11-25T01:00:00Z,2025-11-25T02:00:00+01:00,2025-11-25T02:00:00Z,2025-11-25T03:00:00+01:00
7.79,,,False,1,pm10,µg/m³,,raw,01:00:00,2025-11-25T02:00:00Z,2025-11-25T03:00:00+01:00,2025-11-25T03:00:00Z,2025-11-25T04:00:00+01:00,1,01:00:00,1,01:00:00,100.0,100.0,2025-11-25T02:00:00Z,2025-11-25T03:00:00+01:00,2025-11-25T03:00:00Z,2025-11-25T04:00:00+01:00
9.039,,,False,1,pm10,µg/m³,,raw,01:00:00,2025-11-25T03:00:00Z,2025-11-25T04:00:00+01:00,2025-11-25T04:00:00Z,2025-11-25T05:00:00+01:00,1,01:00:00,1,01:00:00,100.0,100.0,2025-11-25T03:00:00Z,2025-11-25T04:00:00+01:00,2025-11-25T04:00:00Z,2025-11-25T05:00:00+01:00
11.129,,,False,1,pm10,µg/m³,,raw,01:00:00,2025-11-25T05:00:00Z,2025-11-25T06:00:00+01:00,2025-11-25T06:00:00Z,2025-11-25T07:00:00+01:00,1,01:00:00,1,01:00:00,100.0,100.0,2025-11-25T05:00:00Z,2025-11-25T06:00:00+01:00,2025-11-25T06:00:00Z,2025-11-25T07:00:00+01:00
11.585,,,False,1,pm10,µg/m³,,raw,01:00:00,2025-11-25T06:00:00Z,2025-11-25T07:00:00+01:00,2025-11-25T07:00:00Z,2025-11-25T08:00:00+01:00,1,01:00:00,1,01:00:00,100.0,100.0,2025-11-25T06:00:00Z,2025-11-25T07:00:00+01:00,2025-11-25T07:00:00Z,2025-11-25T08:00:00+01:00
14.215,,,False,1,pm10,µg/m³,,raw,01:00:00,2025-11-25T07:00:00Z,2025-11-25T08:00:00+01:00,2025-11-25T08:00:00Z,2025-11-25T09:00:00+01:00,1,01:00:00,1,01:00:00,100.0,100.0,2025-11-25T07:00:00Z,2025-11-25T08:00:00+01:00,2025-11-25T08:00:00Z,2025-11-25T09:00:00+01:00
16.8,,,False,1,pm10,µg/m³,,raw,01:00:00,2025-11-25T08:00:00Z,2025-11-25T09:00:00+01:00,2025-11-25T09:00:00Z,2025-11-25T10:00:00+01:00,1,01:00:00,1,01:00:00,100.0,100.0,2025-11-25T08:00:00Z,2025-11-25T09:00:00+01:00,2025-11-25T09:00:00Z,2025-11-25T10:00:00+01:00
19.465,,,False,1,pm10,µg/m³,,raw,01:00:00,2025-11-25T09:00:00Z,2025-11-25T10:00:00+01:00,2025-11-25T10:00:00Z,2025-11-25T11:00:00+01:00,1,01:00:00,1,01:00:00,100.0,100.0,2025-11-25T09:00:00Z,2025-11-25T10:00:00+01:00,2025-11-25T10:00:00Z,2025-11-25T11:00:00+01:00
18.198,,,False,1,pm10,µg/m³,,raw,01:00:00,2025-11-25T10:00:00Z,2025-11-25T11:00:00+01:00,2025-11-25T11:00:00Z,2025-11-25T12:00:00+01:00,1,01:00:00,1,01:00:00,100.0,100.0,2025-11-25T10:00:00Z,2025-11-25T11:00:00+01:00,2025-11-25T11:00:00Z,2025-11-25T12:00:00+01:00
20.272,,,False,1,pm10,µg/m³,,raw,01:00:00,2025-11-25T11:00:00Z,2025-11-25T12:00:00+01:00,2025-11-25T12:00:00Z,2025-11-25T13:00:00+01:00,1,01:00:00,1,01:00:00,100.0,100.0,2025-11-25T11:00:00Z,2025-11-25T12:00:00+01:00,2025-11-25T12:00:00Z,2025-11-25T13:00:00+01:00
14.091,,,False,1,pm10,µg/m³,,raw,01:00:00,2025-11-25T12:00:00Z,2025-11-25T13:00:00+01:00,2025-11-25T13:00:00Z,2025-11-25T14:00:00+01:00,1,01:00:00,1,01:00:00,100.0,100.0,2025-11-25T12:00:00Z,2025-11-25T13:00:00+01:00,2025-11-25T13:00:00Z,2025-11-25T14:00:00+01:00
6.723,,,False,1,pm10,µg/m³,,raw,01:00:00,2025-11-25T13:00:00Z,2025-11-25T14:00:00+01:00,2025-11-25T14:00:00Z,2025-11-25T15:00:00+01:00,1,01:00:00,1,01:00:00,100.0,100.0,2025-11-25T13:00:00Z,2025-11-25T14:00:00+01:00,2025-11-25T14:00:00Z,2025-11-25T15:00:00+01:00
9.712,,,False,1,pm10,µg/m³,,raw,01:00:00,2025-11-25T14:00:00Z,2025-11-25T15:00:00+01:00,2025-11-25T15:00:00Z,2025-11-25T16:00:00+01:00,1,01:00:00,1,01:00:00,100.0,100.0,2025-11-25T14:00:00Z,2025-11-25T15:00:00+01:00,2025-11-25T15:00:00Z,2025-11-25T16:00:00+01:00
13.519,,,False,1,pm10,µg/m³,,raw,01:00:00,2025-11-25T15:00:00Z,2025-11-25T16:00:00+01:00,2025-11-25T16:00:00Z,2025-11-25T17:00:00+01:00,1,01:00:00,1,01:00:00,100.0,100.0,2025-11-25T15:00:00Z,2025-11-25T16:00:00+01:00,2025-11-25T16:00:00Z,2025-11-25T17:00:00+01:00
15.122,,,False,1,pm10,µg/m³,,raw,01:00:00,2025-11-25T16:00:00Z,2025-11-25T17:00:00+01:00,2025-11-25T17:00:00Z,2025-11-25T18:00:00+01:00,1,01:00:00,1,01:00:00,100.0,100.0,2025-11-25T16:00:00Z,2025-11-25T17:00:00+01:00,2025-11-25T17:00:00Z,2025-11-25T18:00:00+01:00
14.784,,,False,1,pm10,µg/m³,,raw,01:00:00,2025-11-25T17:00:00Z,2025-11-25T18:00:00+01:00,2025-11-25T18:00:00Z,2025-11-25T19:00:00+01:00,1,01:00:00,1,01:00:00,100.0,100.0,2025-11-25T17:00:00Z,2025-11-25T18:00:00+01:00,2025-11-25T18:00:00Z,2025-11-25T19:00:00+01:00
21.694,,,False,1,pm10,µg/m³,,raw,01:00:00,2025-11-25T18:00:00Z,2025-11-25T19:00:00+01:00,2025-11-25T19:00:00Z,2025-11-25T20:00:00+01:00,1,01:00:00,1,01:00:00,100.0,100.0,2025-11-25T18:00:00Z,2025-11-25T19:00:00+01:00,2025-11-25T19:00:00Z,2025-11-25T20:00:00+01:00
21.814,,,False,1,pm10,µg/m³,,raw,01:00:00,2025-11-26T01:00:00Z,2025-11-26T02:00:00+01:00,2025-11-26T02:00:00Z,2025-11-26T03:00:00+01:00,1,01:00:00,1,01:00:00,100.0,100.0,2025-11-26T01:00:00Z,2025-11-26T02:00:00+01:00,2025-11-26T02:00:00Z,2025-11-26T03:00:00+01:00
18.378,,,False,1,pm10,µg/m³,,raw,01:00:00,2025-11-26T02:00:00Z,2025-11-26T03:00:00+01:00,2025-11-26T03:00:00Z,2025-11-26T04:00:00+01:00,1,01:00:00,1,01:00:00,100.0,100.0,2025-11-26T02:00:00Z,2025-11-26T03:00:00+01:00,2025-11-26T03:00:00Z,2025-11-26T04:00:00+01:00
21.301,,,False,1,pm10,µg/m³,,raw,01:00:00,2025-11-26T04:00:00Z,2025-11-26T05:00:00+01:00,2025-11-26T05:00:00Z,2025-11-26T06:00:00+01:00,1,01:00:00,1,01:00:00,100.0,100.0,2025-11-26T04:00:00Z,2025-11-26T05:00:00+01:00,2025-11-26T05:00:00Z,2025-11-26T06:00:00+01:00
29.87,,,False,1,pm10,µg/m³,,raw,01:00:00,2025-11-26T07:00:00Z,2025-11-26T08:00:00+01:00,2025-11-26T08:00:00Z,2025-11-26T09:00:00+01:00,1,01:00:00,1,01:00:00,100.0,100.0,2025-11-26T07:00:00Z,2025-11-26T08:00:00+01:00,2025-11-26T08:00:00Z,2025-11-26T09:00:00+01:00
29.671,,,False,1,pm10,µg/m³,,raw,01:00:00,2025-11-26T08:00:00Z,2025-11-26T09:00:00+01:00,2025-11-26T09:00:00Z,2025-11-26T10:00:00+01:00,1,01:00:00,1,01:00:00,100.0,100.0,2025-11-26T08:00:00Z,2025-11-26T09:00:00+01:00,2025-11-26T09:00:00Z,2025-11-26T10:00:00+01:00
27.994,,,False,1,pm10,µg/m³,,raw,01:00:00,2025-11-26T09:00:00Z,2025-11-26T10:00:00+01:00,2025-11-26T10:00:00Z,2025-11-26T11:00:00+01:00,1,01:00:00,1,01:00:00,100.0,100.0,2025-11-26T09:00:00Z,2025-11-26T10:00:00+01:00,2025-11-26T10:00:00Z,2025-11-26T11:00:00+01:00
25.143,,,False,1,pm10,µg/m³,,raw,01:00:00,2025-11-26T10:00:00Z,2025-11-26T11:00:00+01:00,2025-11-26T11:00:00Z,2025-11-26T12:00:00+01:00,1,01:00:00,1,01:00:00,100.0,100.0,2025-11-26T10:00:00Z,2025-11-26T11:00:00+01:00,2025-11-26T11:00:00Z,2025-11-26T12:00:00+01:00
23.383,,,False,1,pm10,µg/m³,,raw,01:00:00,2025-11-26T11:00:00Z,2025-11-26T12:00:00+01:00,2025-11-26T12:00:00Z,2025-11-26T13:00:00+01:00,1,01:00:00,1,01:00:00,100.0,100.0,2025-11-26T11:00:00Z,2025-11-26T12:00:00+01:00,2025-11-26T12:00:00Z,2025-11-26T13:00:00+01:00
22.083,,,False,1,pm10,µg/m³,,raw,01:00:00,2025-11-26T12:00:00Z,2025-11-26T13:00:00+01:00,2025-11-26T13:00:00Z,2025-11-26T14:00:00+01:00,1,01:00:00,1,01:00:00,100.0,100.0,2025-11-26T12:00:00Z,2025-11-26T13:00:00+01:00,2025-11-26T13:00:00Z,2025-11-26T14:00:00+01:00
22.521,,,False,1,pm10,µg/m³,,raw,01:00:00,2025-11-26T13:00:00Z,2025-11-26T14:00:00+01:00,2025-11-26T14:00:00Z,2025-11-26T15:00:00+01:00,1,01:00:00,1,01:00:00,100.0,100.0,2025-11-26T13:00:00Z,2025-11-26T14:00:00+01:00,2025-11-26T14:00:00Z,2025-11-26T15:00:00+01:00
21.862,,,False,1,pm10,µg/m³,,raw,01:00:00,2025-11-26T14:00:00Z,2025-11-26T15:00:00+01:00,2025-11-26T15:00:00Z,2025-11-26T16:00:00+01:00,1,01:00:00,1,01:00:00,100.0,100.0,2025-11-26T14:00:00Z,2025-11-26T15:00:00+01:00,2025-11-26T15:00:00Z,2025-11-26T16:00:00+01:00
25.731,,,False,1,pm10,µg/m³,,raw,01:00:00,2025-11-26T15:00:00Z,2025-11-26T16:00:00+01:00,2025-11-26T16:00:00Z,2025-11-26T17:00:00+01:00,1,01:00:00,1,01:00:00,100.0,100.0,2025-11-26T15:00:00Z,2025-11-26T16:00:00+01:00,2025-11-26T16:00:00Z,2025-11-26T17:00:00+01:00
22.637,,,False,1,pm10,µg/m³,,raw,01:00:00,2025-11-26T16:00:00Z,2025-11-26T17:00:00+01:00,2025-11-26T17:00:00Z,2025-11-26T18:00:00+01:00,1,01:00:00,1,01:00:00,100.0,100.0,2025-11-26T16:00:00Z,2025-11-26T17:00:00+01:00,2025-11-26T17:00:00Z,2025-11-26T18:00:00+01:00
26.918,,,False,1,pm10,µg/m³,,raw,01:00:00,2025-11-26T17:00:00Z,2025-11-26T18:00:00+01:00,2025-11-26T18:00:00Z,2025-11-26T19:00:00+01:00,1,01:00:00,1,01:00:00,100.0,100.0,2025-11-26T17:00:00Z,2025-11-26T18:00:00+01:00,2025-11-26T18:00:00Z,2025-11-26T19:00:00+01:00
28.186,,,False,1,pm10,µg/m³,,raw,01:00:00,2025-11-26T18:00:00Z,2025-11-26T19:00:00+01:00,2025-11-26T19:00:00Z,2025-11-26T20:00:00+01:00,1,01:00:00,1,01:00:00,100.0,100.0,2025-11-26T18:00:00Z,2025-11-26T19:00:00+01:00,2025-11-26T19:00:00Z,2025-11-26T20:00:00+01:00
22.484,,,False,1,pm10,µg/m³,,raw,01:00:00,2025-11-26T20:00:00Z,2025-11-26T21:00:00+01:00,2025-11-26T21:00:00Z,2025-11-26T22:00:00+01:00,1,01:00:00,1,01:00:00,100.0,100.0,2025-11-26T20:00:00Z,2025-11-26T21:00:00+01:00,2025-11-26T21:00:00Z,2025-11-26T22:00:00+01:00
15.942,,,False,1,pm10,µg/m³,,raw,01:00:00,2025-11-26T21:00:00Z,2025-11-26T22:00:00+01:00,2025-11-26T22:00:00Z,2025-11-26T23:00:00+01:00,1,01:00:00,1,01:00:00,100.0,100.0,2025-11-26T21:00:00Z,2025-11-26T22:00:00+01:00,2025-11-26T22:00:00Z,2025-11-26T23:00:00+01:00
20.886,,,False,1,pm10,µg/m³,,raw,01:00:00,2025-11-26T22:00:00Z,2025-11-26T23:00:00+01:00,2025-11-26T23:00:00Z,2025-11-27T00:00:00+01:00,1,01:00:00,1,01:00:00,100.0,100.0,2025-11-26T22:00:00Z,2025-11-26T23:00:00+01:00,2025-11-26T23:00:00Z,2025-11-27T00:00:00+01:00
16.263,,,False,1,pm10,µg/m³,,raw,01:00:00,2025-11-26T23:00:00Z,2025-11-27T00:00:00+01:00,2025-11-27T00:00:00Z,2025-11-27T01:00:00+01:00,1,01:00:00,1,01:00:00,100.0,100.0,2025-11-26T23:00:00Z,2025-11-27T00:00:00+01:00,2025-11-27T00:00:00Z,2025-11-27T01:00:00+01:00
15.977,,,False,1,pm10,µg/m³,,raw,01:00:00,2025-11-27T00:00:00Z,2025-11-27T01:00:00+01:00,2025-11-27T01:00:00Z,2025-11-27T02:00:00+01:00,1,01:00:00,1,01:00:00,100.0,100.0,2025-11-27T00:00:00Z,2025-11-27T01:00:00+01:00,2025-11-27T01:00:00Z,2025-11-27T02:00:00+01:00
13.981,,,False,1,pm10,µg/m³,,raw,01:00:00,2025-11-27T01:00:00Z,2025-11-27T02:00:00+01:00,2025-11-27T02:00:00Z,2025-11-27T03:00:00+01:00,1,01:00:00,1,01:00:00,100.0,100.0,2025-11-27T01:00:00Z,2025-11-27T02:00:00+01:00,2025-11-27T02:00:00Z,2025-11-27T03:00:00+01:00
11.575,,,False,1,pm10,µg/m³,,raw,01:00:00,2025-11-27T02:00:00Z,2025-11-27T03:00:00+01:00,2025-11-27T03:00:00Z,2025-11-27T04:00:00+01:00,1,01:00:00,1,01:00:00,100.0,100.0,2025-11-27T02:00:00Z,2025-11-27T03:00:00+01:00,2025-11-27T03:00:00Z,2025-11-27T04:00:00+01:00
12.966,,,False,1,pm10,µg/m³,,raw,01:00:00,2025-11-27T03:00:00Z,2025-11-27T04:00:00+01:00,2025-11-27T04:00:00Z,2025-11-27T05:00:00+01:00,1,01:00:00,1,01:00:00,100.0,100.0,2025-11-27T03:00:00Z,2025-11-27T04:00:00+01:00,2025-11-27T04:00:00Z,2025-11-27T05:00:00+01:00
9.769,,,False,1,pm10,µg/m³,,raw,01:00:00,2025-11-27T05:00:00Z,2025-11-27T06:00:00+01:00,2025-11-27T06:00:00Z,2025-11-27T07:00:00+01:00,1,01:00:00,1,01:00:00,100.0,100.0,2025-11-27T05:00:00Z,2025-11-27T06:00:00+01:00,2025-11-27T06:00:00Z,2025-11-27T07:00:00+01:00
10.22,,,False,1,pm10,µg/m³,,raw,01:00:00,2025-11-27T06:00:00Z,2025-11-27T07:00:00+01:00,2025-11-27T07:00:00Z,2025-11-27T08:00:00+01:00,1,01:00:00,1,01:00:00,100.0,100.0,2025-11-27T06:00:00Z,2025-11-27T07:00:00+01:00,2025-11-27T07:00:00Z,2025-11-27T08:00:00+01:00
15.999,,,False,1,pm10,µg/m³,,raw,01:00:00,2025-11-27T07:00:00Z,2025-11-27T08:00:00+01:00,2025-11-27T08:00:00Z,2025-11-27T09:00:00+01:00,1,01:00:00,1,01:00:00,100.0,100.0,2025-11-27T07:00:00Z,2025-11-27T08:00:00+01:00,2025-11-27T08:00:00Z,2025-11-27T09:00:00+01:00
18.298,,,False,1,pm10,µg/m³,,raw,01:00:00,2025-11-27T08:00:00Z,2025-11-27T09:00:00+01:00,2025-11-27T09:00:00Z,2025-11-27T10:00:00+01:00,1,01:00:00,1,01:00:00,100.0,100.0,2025-11-27T08:00:00Z,2025-11-27T09:00:00+01:00,2025-11-27T09:00:00Z,2025-11-27T10:00:00+01:00
15.454,,,False,1,pm10,µg/m³,,raw,01:00:00,2025-11-27T09:00:00Z,2025-11-27T10:00:00+01:00,2025-11-27T10:00:00Z,2025-11-27T11:00:00+01:00,1,01:00:00,1,01:00:00,100.0,100.0,2025-11-27T09:00:00Z,2025-11-27T10:00:00+01:00,2025-11-27T10:00:00Z,2025-11-27T11:00:00+01:00
11.818,,,False,1,pm10,µg/m³,,raw,01:00:00,2025-11-27T10:00:00Z,2025-11-27T11:00:00+01:00,2025-11-27T11:00:00Z,2025-11-27T12:00:00+01:00,1,01:00:00,1,01:00:00,100.0,100.0,2025-11-27T10:00:00Z,2025-11-27T11:00:00+01:00,2025-11-27T11:00:00Z,2025-11-27T12:00:00+01:00
14.114,,,False,1,pm10,µg/m³,,raw,01:00:00,2025-11-27T11:00:00Z,2025-11-27T12:00:00+01:00,2025-11-27T12:00:00Z,2025-11-27T13:00:00+01:00,1,01:00:00,1,01:00:00,100.0,100.0,2025-11-27T11:00:00Z,2025-11-27T12:00:00+01:00,2025-11-27T12:00:00Z,2025-11-27T13:00:00+01:00
17.305,,,False,1,pm10,µg/m³,,raw,01:00:00,2025-11-27T12:00:00Z,2025-11-27T13:00:00+01:00,2025-11-27T13:00:00Z,2025-11-27T14:00:00+01:00,1,01:00:00,1,01:00:00,100.0,100.0,2025-11-27T12:00:00Z,2025-11-27T13:00:00+01:00,2025-11-27T13:00:00Z,2025-11-27T14:00:00+01:00
18.935,,,False,1,pm10,µg/m³,,raw,01:00:00,2025-11-27T13:00:00Z,2025-11-27T14:00:00+01:00,2025-11-27T14:00:00Z,2025-11-27T15:00:00+01:00,1,01:00:00,1,01:00:00,100.0,100.0,2025-11-27T13:00:00Z,2025-11-27T14:00:00+01:00,2025-11-27T14:00:00Z,2025-11-27T15:00:00+01:00
21.022,,,False,1,pm10,µg/m³,,raw,01:00:00,2025-11-27T14:00:00Z,2025-11-27T15:00:00+01:00,2025-11-27T15:00:00Z,2025-11-27T16:00:00+01:00,1,01:00:00,1,01:00:00,100.0,100.0,2025-11-27T14:00:00Z,2025-11-27T15:00:00+01:00,2025-11-27T15:00:00Z,2025-11-27T16:00:00+01:00
30.311,,,False,1,pm10,µg/m³,,raw,01:00:00,2025-11-27T15:00:00Z,2025-11-27T16:00:00+01:00,2025-11-27T16:00:00Z,2025-11-27T17:00:00+01:00,1,01:00:00,1,01:00:00,100.0,100.0,2025-11-27T15:00:00Z,2025-11-27T16:00:00+01:00,2025-11-27T16:00:00Z,2025-11-27T17:00:00+01:00
20.617,,,False,1,pm10,µg/m³,,raw,01:00:00,2025-11-27T16:00:00Z,2025-11-27T17:00:00+01:00,2025-11-27T17:00:00Z,2025-11-27T18:00:00+01:00,1,01:00:00,1,01:00:00,100.0,100.0,2025-11-27T16:00:00Z,2025-11-27T17:00:00+01:00,2025-11-27T17:00:00Z,2025-11-27T18:00:00+01:00
18.857,,,False,1,pm10,µg/m³,,raw,01:00:00,2025-11-27T17:00:00Z,2025-11-27T18:00:00+01:00,2025-11-27T18:00:00Z,2025-11-27T19:00:00+01:00,1,01:00:00,1,01:00:00,100.0,100.0,2025-11-27T17:00:00Z,2025-11-27T18:00:00+01:00,2025-11-27T18:00:00Z,2025-11-27T19:00:00+01:00
10.217,,,False,1,pm10,µg/m³,,raw,01:00:00,2025-11-28T01:00:00Z,2025-11-28T02:00:00+01:00,2025-11-28T02:00:00Z,2025-11-28T03:00:00+01:00,1,01:00:00,1,01:00:00,100.0,100.0,2025-11-28T01:00:00Z,2025-11-28T02:00:00+01:00,2025-11-28T02:00:00Z,2025-11-28T03:00:00+01:00
13.932,,,False,1,pm10,µg/m³,,raw,01:00:00,2025-11-28T03:00:00Z,2025-11-28T04:00:00+01:00,2025-11-28T04:00:00Z,2025-11-28T05:00:00+01:00,1,01:00:00,1,01:00:00,100.0,100.0,2025-11-28T03:00:00Z,2025-11-28T04:00:00+01:00,2025-11-28T04:00:00Z,2025-11-28T05:00:00+01:00
12.445,,,False,1,pm10,µg/m³,,raw,01:00:00,2025-11-28T04:00:00Z,2025-11-28T05:00:00+01:00,2025-11-28T05:00:00Z,2025-11-28T06:00:00+01:00,1,01:00:00,1,01:00:00,100.0,100.0,2025-11-28T04:00:00Z,2025-11-28T05:00:00+01:00,2025-11-28T05:00:00Z,2025-11-28T06:00:00+01:00
8.236,,,False,1,pm10,µg/m³,,raw,01:00:00,2025-11-28T06:00:00Z,2025-11-28T07:00:00+01:00,2025-11-28T07:00:00Z,2025-11-28T08:00:00+01:00,1,01:00:00,1,01:00:00,100.0,100.0,2025-11-28T06:00:00Z,2025-11-28T07:00:00+01:00,2025-11-28T07:00:00Z,2025-11-28T08:00:00+01:00
9.628,,,False,1,pm10,µg/m³,,raw,01:00:00,2025-11-28T07:00:00Z,2025-11-28T08:00:00+01:00,2025-11-28T08:00:00Z,2025-11-28T09:00:00+01:00,1,01:00:00,1,01:00:00,100.0,100.0,2025-11-28T07:00:00Z,2025-11-28T08:00:00+01:00,2025-11-28T08:00:00Z,2025-11-28T09:00:00+01:00
13.471,,,False,1,pm10,µg/m³,,raw,01:00:00,2025-11-28T14:00:00Z,2025-11-28T15:00:00+01:00,2025-11-28T15:00:00Z,2025-11-28T16:00:00+01:00,1,01:00:00,1,01:00:00,100.0,100.0,2025-11-28T14:00:00Z,2025-11-28T15:00:00+01:00,2025-11-28T15:00:00Z,2025-11-28T16:00:00+01:00
12.145,,,False,1,pm10,µg/m³,,raw,01:00:00,2025-11-28T15:00:00Z,2025-11-28T16:00:00+01:00,2025-11-28T16:00:00Z,2025-11-28T17:00:00+01:00,1,01:00:00,1,01:00:00,100.0,100.0,2025-11-28T15:00:00Z,2025-11-28T16:00:00+01:00,2025-11-28T16:00:00Z,2025-11-28T17:00:00+01:00
24.297,,,False,1,pm10,µg/m³,,raw,01:00:00,2025-11-28T17:00:00Z,2025-11-28T18:00:00+01:00,2025-11-28T18:00:00Z,2025-11-28T19:00:00+01:00,1,01:00:00,1,01:00:00,100.0,100.0,2025-11-28T17:00:00Z,2025-11-28T18:00:00+01:00,2025-11-28T18:00:00Z,2025-11-28T19:00:00+01:00
7.343,,,False,1,pm10,µg/m³,,raw,01:00:00,2025-11-29T08:00:00Z,2025-11-29T09:00:00+01:00,2025-11-29T09:00:00Z,2025-11-29T10:00:00+01:00,1,01:00:00,1,01:00:00,100.0,100.0,2025-11-29T08:00:00Z,2025-11-29T09:00:00+01:00,2025-11-29T09:00:00Z,2025-11-29T10:00:00+01:00
20.023,,,False,1,pm10,µg/m³,,raw,01:00:00,2025-11-29T22:00:00Z,2025-11-29T23:00:00+01:00,2025-11-29T23:00:00Z,2025-11-30T00:00:00+01:00,1,01:00:00,1,01:00:00,100.0,100.0,2025-11-29T22:00:00Z,2025-11-29T23:00:00+01:00,2025-11-29T23:00:00Z,2025-11-30T00:00:00+01:00
6.758,,,False,1,pm10,µg/m³,,raw,01:00:00,2025-11-30T13:00:00Z,2025-11-30T14:00:00+01:00,2025-11-30T14:00:00Z,2025-11-30T15:00:00+01:00,1,01:00:00,1,01:00:00,100.0,100.0,2025-11-30T13:00:00Z,2025-11-30T14:00:00+01:00,2025-11-30T14:00:00Z,2025-11-30T15:00:00+01:00
17.818,,,False,1,pm10,µg/m³,,raw,01:00:00,2025-11-30T16:00:00Z,2025-11-30T17:00:00+01:00,2025-11-30T17:00:00Z,2025-11-30T18:00:00+01:00,1,01:00:00,1,01:00:00,100.0,100.0,2025-11-30T16:00:00Z,2025-11-30T17:00:00+01:00,2025-11-30T17:00:00Z,2025-11-30T18:00:00+01:00
12.639,,,False,1,pm10,µg/m³,,raw,01:00:00,2025-11-30T17:00:00Z,2025-11-30T18:00:00+01:00,2025-11-30T18:00:00Z,2025-11-30T19:00:00+01:00,1,01:00:00,1,01:00:00,100.0,100.0,2025-11-30T17:00:00Z,2025-11-30T18:00:00+01:00,2025-11-30T18:00:00Z,2025-11-30T19:00:00+01:00
4.986,,,False,1,pm10,µg/m³,,raw,01:00:00,2025-12-01T01:00:00Z,2025-12-01T02:00:00+01:00,2025-12-01T02:00:00Z,2025-12-01T03:00:00+01:00,1,01:00:00,1,01:00:00,100.0,100.0,2025-12-01T01:00:00Z,2025-12-01T02:00:00+01:00,2025-12-01T02:00:00Z,2025-12-01T03:00:00+01:00
8.273,,,False,1,pm10,µg/m³,,raw,01:00:00,2025-12-01T02:00:00Z,2025-12-01T03:00:00+01:00,2025-12-01T03:00:00Z,2025-12-01T04:00:00+01:00,1,01:00:00,1,01:00:00,100.0,100.0,2025-12-01T02:00:00Z,2025-12-01T03:00:00+01:00,2025-12-01T03:00:00Z,2025-12-01T04:00:00+01:00
9.241,,,False,1,pm10,µg/m³,,raw,01:00:00,2025-12-01T03:00:00Z,2025-12-01T04:00:00+01:00,2025-12-01T04:00:00Z,2025-12-01T05:00:00+01:00,1,01:00:00,1,01:00:00,100.0,100.0,2025-12-01T03:00:00Z,2025-12-01T04:00:00+01:00,2025-12-01T04:00:00Z,2025-12-01T05:00:00+01:00
1.844,,,False,1,pm10,µg/m³,,raw,01:00:00,2025-12-01T04:00:00Z,2025-12-01T05:00:00+01:00,2025-12-01T05:00:00Z,2025-12-01T06:00:00+01:00,1,01:00:00,1,01:00:00,100.0,100.0,2025-12-01T04:00:00Z,2025-12-01T05:00:00+01:00,2025-12-01T05:00:00Z,2025-12-01T06:00:00+01:00
17.36,,,False,1,pm10,µg/m³,,raw,01:00:00,2025-12-01T06:00:00Z,2025-12-01T07:00:00+01:00,2025-12-01T07:00:00Z,2025-12-01T08:00:00+01:00,1,01:00:00,1,01:00:00,100.0,100.0,2025-12-01T06:00:00Z,2025-12-01T07:00:00+01:00,2025-12-01T07:00:00Z,2025-12-01T08:00:00+01:00
15.214,,,False,1,pm10,µg/m³,,raw,01:00:00,2025-12-01T07:00:00Z,2025-12-01T08:00:00+01:00,2025-12-01T08:00:00Z,2025-12-01T09:00:00+01:00,1,01:00:00,1,01:00:00,100.0,100.0,2025-12-01T07:00:00Z,2025-12-01T08:00:00+01:00,2025-12-01T08:00:00Z,2025-12-01T09:00:00+01:00
17.889,,,False,1,pm10,µg/m³,,raw,01:00:00,2025-12-01T08:00:00Z,2025-12-01T09:00:00+01:00,2025-12-01T09:00:00Z,2025-12-01T10:00:00+01:00,1,01:00:00,1,01:00:00,100.0,100.0,2025-12-01T08:00:00Z,2025-12-01T09:00:00+01:00,2025-12-01T09:00:00Z,2025-12-01T10:00:00+01:00
8.831,,,False,1,pm10,µg/m³,,raw,01:00:00,2025-12-01T09:00:00Z,2025-12-01T10:00:00+01:00,2025-12-01T10:00:00Z,2025-12-01T11:00:00+01:00,1,01:00:00,1,01:00:00,100.0,100.0,2025-12-01T09:00:00Z,2025-12-01T10:00:00+01:00,2025-12-01T10:00:00Z,2025-12-01T11:00:00+01:00
8.976,,,False,1,pm10,µg/m³,,raw,01:00:00,2025-12-01T10:00:00Z,2025-12-01T11:00:00+01:00,2025-12-01T11:00:00Z,2025-12-01T12:00:00+01:00,1,01:00:00,1,01:00:00,100.0,100.0,2025-12-01T10:00:00Z,2025-12-01T11:00:00+01:00,2025-12-01T11:00:00Z,2025-12-01T12:00:00+01:00
16.606,,,False,1,pm10,µg/m³,,raw,01:00:00,2025-12-01T11:00:00Z,2025-12-01T12:00:00+01:00,2025-12-01T12:00:00Z,2025-12-01T13:00:00+01:00,1,01:00:00,1,01:00:00,100.0,100.0,2025-12-01T11:00:00Z,2025-12-01T12:00:00+01:00,2025-12-01T12:00:00Z,2025-12-01T13:00:00+01:00
17.436,,,False,1,pm10,µg/m³,,raw,01:00:00,2025-12-01T12:00:00Z,2025-12-01T13:00:00+01:00,2025-12-01T13:00:00Z,2025-12-01T14:00:00+01:00,1,01:00:00,1,01:00:00,100.0,100.0,2025-12-01T12:00:00Z,2025-12-01T13:00:00+01:00,2025-12-01T13:00:00Z,2025-12-01T14:00:00+01:00
20.906,,,False,1,pm10,µg/m³,,raw,01:00:00,2025-12-01T13:00:00Z,2025-12-01T14:00:00+01:00,2025-12-01T14:00:00Z,2025-12-01T15:00:00+01:00,1,01:00:00,1,01:00:00,100.0,100.0,2025-12-01T13:00:00Z,2025-12-01T14:00:00+01:00,2025-12-01T14:00:00Z,2025-12-01T15:00:00+01:00
20.687,,,False,1,pm10,µg/m³,,raw,01:00:00,2025-12-01T14:00:00Z,2025-12-01T15:00:00+01:00,2025-12-01T15:00:00Z,2025-12-01T16:00:00+01:00,1,01:00:00,1,01:00:00,100.0,100.0,2025-12-01T14:00:00Z,2025-12-01T15:00:00+01:00,2025-12-01T15:00:00Z,2025-12-01T16:00:00+01:00
30.379,,,False,1,pm10,µg/m³,,raw,01:00:00,2025-12-01T15:00:00Z,2025-12-01T16:00:00+01:00,2025-12-01T16:00:00Z,2025-12-01T17:00:00+01:00,1,01:00:00,1,01:00:00,100.0,100.0,2025-12-01T15:00:00Z,2025-12-01T16:00:00+01:00,2025-12-01T16:00:00Z,2025-12-01T17:00:00+01:00
43.989,,,False,1,pm10,µg/m³,,raw,01:00:00,2025-12-01T16:00:00Z,2025-12-01T17:00:00+01:00,2025-12-01T17:00:00Z,2025-12-01T18:00:00+01:00,1,01:00:00,1,01:00:00,100.0,100.0,2025-12-01T16:00:00Z,2025-12-01T17:00:00+01:00,2025-12-01T17:00:00Z,2025-12-01T18:00:00+01:00
32.483,,,False,1,pm10,µg/m³,,raw,01:00:00,2025-12-01T18:00:00Z,2025-12-01T19:00:00+01:00,2025-12-01T19:00:00Z,2025-12-01T20:00:00+01:00,1,01:00:00,1,01:00:00,100.0,100.0,2025-12-01T18:00:00Z,2025-12-01T19:00:00+01:00,2025-12-01T19:00:00Z,2025-12-01T20:00:00+01:00
16.007,,,False,1,pm10,µg/m³,,raw,01:00:00,2025-12-02T00:00:00Z,2025-12-02T01:00:00+01:00,2025-12-02T01:00:00Z,2025-12-02T02:00:00+01:00,1,01:00:00,1,01:00:00,100.0,100.0,2025-12-02T00:00:00Z,2025-12-02T01:00:00+01:00,2025-12-02T01:00:00Z,2025-12-02T02:00:00+01:00
28.6,,,False,1,pm10,µg/m³,,raw,01:00:00,2025-12-02T05:00:00Z,2025-12-02T06:00:00+01:00,2025-12-02T06:00:00Z,2025-12-02T07:00:00+01:00,1,01:00:00,1,01:00:00,100.0,100.0,2025-12-02T05:00:00Z,2025-12-02T06:00:00+01:00,2025-12-02T06:00:00Z,2025-12-02T07:00:00+01:00
22.748,,,False,1,pm10,µg/m³,,raw,01:00:00,2025-12-02T06:00:00Z,2025-12-02T07:00:00+01:00,2025-12-02T07:00:00Z,2025-12-02T08:00:00+01:00,1,01:00:00,1,01:00:00,100.0,100.0,2025-12-02T06:00:00Z,2025-12-02T07:00:00+01:00,2025-12-02T07:00:00Z,2025-12-02T08:00:00+01:00
15.984,,,False,1,pm10,µg/m³,,raw,01:00:00,2025-12-02T07:00:00Z,2025-12-02T08:00:00+01:00,2025-12-02T08:00:00Z,2025-12-02T09:00:00+01:00,1,01:00:00,1,01:00:00,100.0,100.0,2025-12-02T07:00:00Z,2025-12-02T08:00:00+01:00,2025-12-02T08:00:00Z,2025-12-02T09:00:00+01:00
20.673,,,False,1,pm10,µg/m³,,raw,01:00:00,2025-12-02T08:00:00Z,2025-12-02T09:00:00+01:00,2025-12-02T09:00:00Z,2025-12-02T10:00:00+01:00,1,01:00:00,1,01:00:00,100.0,100.0,2025-12-02T08:00:00Z,2025-12-02T09:00:00+01:00,2025-12-02T09:00:00Z,2025-12-02T10:00:00+01:00
25.674,,,False,1,pm10,µg/m³,,raw,01:00:00,2025-12-02T09:00:00Z,2025-12-02T10:00:00+01:00,2025-12-02T10:00:00Z,2025-12-02T11:00:00+01:00,1,01:00:00,1,01:00:00,100.0,100.0,2025-12-02T09:00:00Z,2025-12-02T10:00:00+01:00,2025-12-02T10:00:00Z,2025-12-02T11:00:00+01:00
20.797,,,False,1,pm10,µg/m³,,raw,01:00:00,2025-12-02T10:00:00Z,2025-12-02T11:00:00+01:00,2025-12-02T11:00:00Z,2025-12-02T12:00:00+01:00,1,01:00:00,1,01:00:00,100.0,100.0,2025-12-02T10:00:00Z,2025-12-02T11:00:00+01:00,2025-12-02T11:00:00Z,2025-12-02T12:00:00+01:00
26.946,,,False,1,pm10,µg/m³,,raw,01:00:00,2025-12-02T11:00:00Z,2025-12-02T12:00:00+01:00,2025-12-02T12:00:00Z,2025-12-02T13:00:00+01:00,1,01:00:00,1,01:00:00,100.0,100.0,2025-12-02T11:00:00Z,2025-12-02T12:00:00+01:00,2025-12-02T12:00:00Z,2025-12-02T13:00:00+01:00
26.571,,,False,1,pm10,µg/m³,,raw,01:00:00,2025-12-02T12:00:00Z,2025-12-02T13:00:00+01:00,2025-12-02T13:00:00Z,2025-12-02T14:00:00+01:00,1,01:00:00,1,01:00:00,100.0,100.0,2025-12-02T12:00:00Z,2025-12-02T13:00:00+01:00,2025-12-02T13:00:00Z,2025-12-02T14:00:00+01:00
23.922,,,False,1,pm10,µg/m³,,raw,01:00:00,2025-12-02T13:00:00Z,2025-12-02T14:00:00+01:00,2025-12-02T14:00:00Z,2025-12-02T15:00:00+01:00,1,01:00:00,1,01:00:00,100.0,100.0,2025-12-02T13:00:00Z,2025-12-02T14:00:00+01:00,2025-12-02T14:00:00Z,2025-12-02T15:00:00+01:00
24.154,,,False,1,pm10,µg/m³,,raw,01:00:00,2025-12-02T14:00:00Z,2025-12-02T15:00:00+01:00,2025-12-02T15:00:00Z,2025-12-02T16:00:00+01:00,1,01:00:00,1,01:00:00,100.0,100.0,2025-12-02T14:00:00Z,2025-12-02T15:00:00+01:00,2025-12-02T15:00:00Z,2025-12-02T16:00:00+01:00
36.089,,,False,1,pm10,µg/m³,,raw,01:00:00,2025-12-02T15:00:00Z,2025-12-02T16:00:00+01:00,2025-12-02T16:00:00Z,2025-12-02T17:00:00+01:00,1,01:00:00,1,01:00:00,100.0,100.0,2025-12-02T15:00:00Z,2025-12-02T16:00:00+01:00,2025-12-02T16:00:00Z,2025-12-02T17:00:00+01:00
47.144,,,False,1,pm10,µg/m³,,raw,01:00:00,2025-12-02T16:00:00Z,2025-12-02T17:00:00+01:00,2025-12-02T17:00:00Z,2025-12-02T18:00:00+01:00,1,01:00:00,1,01:00:00,100.0,100.0,2025-12-02T16:00:00Z,2025-12-02T17:00:00+01:00,2025-12-02T17:00:00Z,2025-12-02T18:00:00+01:00
45.797,,,False,1,pm10,µg/m³,,raw,01:00:00,2025-12-02T17:00:00Z,2025-12-02T18:00:00+01:00,2025-12-02T18:00:00Z,2025-12-02T19:00:00+01:00,1,01:00:00,1,01:00:00,100.0,100.0,2025-12-02T17:00:00Z,2025-12-02T18:00:00+01:00,2025-12-02T18:00:00Z,2025-12-02T19:00:00+01:00
29.982,,,False,1,pm10,µg/m³,,raw,01:00:00,2025-12-02T18:00:00Z,2025-12-02T19:00:00+01:00,2025-12-02T19:00:00Z,2025-12-02T20:00:00+01:00,1,01:00:00,1,01:00:00,100.0,100.0,2025-12-02T18:00:00Z,2025-12-02T19:00:00+01:00,2025-12-02T19:00:00Z,2025-12-02T20:00:00+01:00
29.129,,,False,1,pm10,µg/m³,,raw,01:00:00,2025-12-02T19:00:00Z,2025-12-02T20:00:00+01:00,2025-12-02T20:00:00Z,2025-12-02T21:00:00+01:00,1,01:00:00,1,01:00:00,100.0,100.0,2025-12-02T19:00:00Z,2025-12-02T20:00:00+01:00,2025-12-02T20:00:00Z,2025-12-02T21:00:00+01:00
22.581,,,False,1,pm10,µg/m³,,raw,01:00:00,2025-12-02T20:00:00Z,2025-12-02T21:00:00+01:00,2025-12-02T21:00:00Z,2025-12-02T22:00:00+01:00,1,01:00:00,1,01:00:00,100.0,100.0,2025-12-02T20:00:00Z,2025-12-02T21:00:00+01:00,2025-12-02T21:00:00Z,2025-12-02T22:00:00+01:00
19.713,,,False,1,pm10,µg/m³,,raw,01:00:00,2025-12-02T21:00:00Z,2025-12-02T22:00:00+01:00,2025-12-02T22:00:00Z,2025-12-02T23:00:00+01:00,1,01:00:00,1,01:00:00,100.0,100.0,2025-12-02T21:00:00Z,2025-12-02T22:00:00+01:00,2025-12-02T22:00:00Z,2025-12-02T23:00:00+01:00
17.563,,,False,1,pm10,µg/m³,,raw,01:00:00,2025-12-02T22:00:00Z,2025-12-02T23:00:00+01:00,2025-12-02T23:00:00Z,2025-12-03T00:00:00+01:00,1,01:00:00,1,01:00:00,100.0,100.0,2025-12-02T22:00:00Z,2025-12-02T23:00:00+01:00,2025-12-02T23:00:00Z,2025-12-03T00:00:00+01:00
14.781,,,False,1,pm10,µg/m³,,raw,01:00:00,2025-12-02T23:00:00Z,2025-12-03T00:00:00+01:00,2025-12-03T00:00:00Z,2025-12-03T01:00:00+01:00,1,01:00:00,1,01:00:00,100.0,100.0,2025-12-02T23:00:00Z,2025-12-03T00:00:00+01:00,2025-12-03T00:00:00Z,2025-12-03T01:00:00+01:00
10.98,,,False,1,pm10,µg/m³,,raw,01:00:00,2025-12-03T00:00:00Z,2025-12-03T01:00:00+01:00,2025-12-03T01:00:00Z,2025-12-03T02:00:00+01:00,1,01:00:00,1,01:00:00,100.0,100.0,2025-12-03T00:00:00Z,2025-12-03T01:00:00+01:00,2025-12-03T01:00:00Z,2025-12-03T02:00:00+01:00
12.605,,,False,1,pm10,µg/m³,,raw,01:00:00,2025-12-03T01:00:00Z,2025-12-03T02:00:00+01:00,2025-12-03T02:00:00Z,2025-12-03T03:00:00+01:00,1,01:00:00,1,01:00:00,100.0,100.0,2025-12-03T01:00:00Z,2025-12-03T02:00:00+01:00,2025-12-03T02:00:00Z,2025-12-03T03:00:00+01:00
13.59,,,False,1,pm10,µg/m³,,raw,01:00:00,2025-12-03T02:00:00Z,2025-12-03T03:00:00+01:00,2025-12-03T03:00:00Z,2025-12-03T04:00:00+01:00,1,01:00:00,1,01:00:00,100.0,100.0,2025-12-03T02:00:00Z,2025-12-03T03:00:00+01:00,2025-12-03T03:00:00Z,2025-12-03T04:00:00+01:00
12.292,,,False,1,pm10,µg/m³,,raw,01:00:00,2025-12-03T03:00:00Z,2025-12-03T04:00:00+01:00,2025-12-03T04:00:00Z,2025-12-03T05:00:00+01:00,1,01:00:00,1,01:00:00,100.0,100.0,2025-12-03T03:00:00Z,2025-12-03T04:00:00+01:00,2025-12-03T04:00:00Z,2025-12-03T05:00:00+01:00
13.59,,,False,1,pm10,µg/m³,,raw,01:00:00,2025-12-03T04:00:00Z,2025-12-03T05:00:00+01:00,2025-12-03T05:00:00Z,2025-12-03T06:00:00+01:00,1,01:00:00,1,01:00:00,100.0,100.0,2025-12-03T04:00:00Z,2025-12-03T05:00:00+01:00,2025-12-03T05:00:00Z,2025-12-03T06:00:00+01:00
12.54,,,False,1,pm10,µg/m³,,raw,01:00:00,2025-12-03T05:00:00Z,2025-12-03T06:00:00+01:00,2025-12-03T06:00:00Z,2025-12-03T07:00:00+01:00,1,01:00:00,1,01:00:00,100.0,100.0,2025-12-03T05:00:00Z,2025-12-03T06:00:00+01:00,2025-12-03T06:00:00Z,2025-12-03T07:00:00+01:00
16.38,,,False,1,pm10,µg/m³,,raw,01:00:00,2025-12-03T06:00:00Z,2025-12-03T07:00:00+01:00,2025-12-03T07:00:00Z,2025-12-03T08:00:00+01:00,1,01:00:00,1,01:00:00,100.0,100.0,2025-12-03T06:00:00Z,2025-12-03T07:00:00+01:00,2025-12-03T07:00:00Z,2025-12-03T08:00:00+01:00
20.299,,,False,1,pm10,µg/m³,,raw,01:00:00,2025-12-03T07:00:00Z,2025-12-03T08:00:00+01:00,2025-12-03T08:00:00Z,2025-12-03T09:00:00+01:00,1,01:00:00,1,01:00:00,100.0,100.0,2025-12-03T07:00:00Z,2025-12-03T08:00:00+01:00,2025-12-03T08:00:00Z,2025-12-03T09:00:00+01:00
25.993,,,False,1,pm10,µg/m³,,raw,01:00:00,2025-12-03T08:00:00Z,2025-12-03T09:00:00+01:00,2025-12-03T09:00:00Z,2025-12-03T10:00:00+01:00,1,01:00:00,1,01:00:00,100.0,100.0,2025-12-03T08:00:00Z,2025-12-03T09:00:00+01:00,2025-12-03T09:00:00Z,2025-12-03T10:00:00+01:00
28.266,,,False,1,pm10,µg/m³,,raw,01:00:00,2025-12-03T09:00:00Z,2025-12-03T10:00:00+01:00,2025-12-03T10:00:00Z,2025-12-03T11:00:00+01:00,1,01:00:00,1,01:00:00,100.0,100.0,2025-12-03T09:00:00Z,2025-12-03T10:00:00+01:00,2025-12-03T10:00:00Z,2025-12-03T11:00:00+01:00
23.892,,,False,1,pm10,µg/m³,,raw,01:00:00,2025-12-03T10:00:00Z,2025-12-03T11:00:00+01:00,2025-12-03T11:00:00Z,2025-12-03T12:00:00+01:00,1,01:00:00,1,01:00:00,100.0,100.0,2025-12-03T10:00:00Z,2025-12-03T11:00:00+01:00,2025-12-03T11:00:00Z,2025-12-03T12:00:00+01:00
21.153,,,False,1,pm10,µg/m³,,raw,01:00:00,2025-12-03T11:00:00Z,2025-12-03T12:00:00+01:00,2025-12-03T12:00:00Z,2025-12-03T13:00:00+01:00,1,01:00:00,1,01:00:00,100.0,100.0,2025-12-03T11:00:00Z,2025-12-03T12:00:00+01:00,2025-12-03T12:00:00Z,2025-12-03T13:00:00+01:00
20.57,,,False,1,pm10,µg/m³,,raw,01:00:00,2025-12-03T12:00:00Z,2025-12-03T13:00:00+01:00,2025-12-03T13:00:00Z,2025-12-03T14:00:00+01:00,1,01:00:00,1,01:00:00,100.0,100.0,2025-12-03T12:00:00Z,2025-12-03T13:00:00+01:00,2025-12-03T13:00:00Z,2025-12-03T14:00:00+01:00
24.905,,,False,1,pm10,µg/m³,,raw,01:00:00,2025-12-03T13:00:00Z,2025-12-03T14:00:00+01:00,2025-12-03T14:00:00Z,2025-12-03T15:00:00+01:00,1,01:00:00,1,01:00:00,100.0,100.0,2025-12-03T13:00:00Z,2025-12-03T14:00:00+01:00,2025-12-03T14:00:00Z,2025-12-03T15:00:00+01:00
23.992,,,False,1,pm10,µg/m³,,raw,01:00:00,2025-12-03T14:00:00Z,2025-12-03T15:00:00+01:00,2025-12-03T15:00:00Z,2025-12-03T16:00:00+01:00,1,01:00:00,1,01:00:00,100.0,100.0,2025-12-03T14:00:00Z,2025-12-03T15:00:00+01:00,2025-12-03T15:00:00Z,2025-12-03T16:00:00+01:00
26.698,,,False,1,pm10,µg/m³,,raw,01:00:00,2025-12-03T15:00:00Z,2025-12-03T16:00:00+01:00,2025-12-03T16:00:00Z,2025-12-03T17:00:00+01:00,1,01:00:00,1,01:00:00,100.0,100.0,2025-12-03T15:00:00Z,2025-12-03T16:00:00+01:00,2025-12-03T16:00:00Z,2025-12-03T17:00:00+01:00
26.692,,,False,1,pm10,µg/m³,,raw,01:00:00,2025-12-03T16:00:00Z,2025-12-03T17:00:00+01:00,2025-12-03T17:00:00Z,2025-12-03T18:00:00+01:00,1,01:00:00,1,01:00:00,100.0,100.0,2025-12-03T16:00:00Z,2025-12-03T17:00:00+01:00,2025-12-03T17:00:00Z,2025-12-03T18:00:00+01:00
32.925,,,False,1,pm10,µg/m³,,raw,01:00:00,2025-12-03T17:00:00Z,2025-12-03T18:00:00+01:00,2025-12-03T18:00:00Z,2025-12-03T19:00:00+01:00,1,01:00:00,1,01:00:00,100.0,100.0,2025-12-03T17:00:00Z,2025-12-03T18:00:00+01:00,2025-12-03T18:00:00Z,2025-12-03T19:00:00+01:00
38.799,,,False,1,pm10,µg/m³,,raw,01:00:00,2025-12-03T18:00:00Z,2025-12-03T19:00:00+01:00,2025-12-03T19:00:00Z,2025-12-03T20:00:00+01:00,1,01:00:00,1,01:00:00,100.0,100.0,2025-12-03T18:00:00Z,2025-12-03T19:00:00+01:00,2025-12-03T19:00:00Z,2025-12-03T20:00:00+01:00
24.607,,,False,1,pm10,µg/m³,,raw,01:00:00,2025-12-03T19:00:00Z,2025-12-03T20:00:00+01:00,2025-12-03T20:00:00Z,2025-12-03T21:00:00+01:00,1,01:00:00,1,01:00:00,100.0,100.0,2025-12-03T19:00:00Z,2025-12-03T20:00:00+01:00,2025-12-03T20:00:00Z,2025-12-03T21:00:00+01:00
21.811,,,False,1,pm10,µg/m³,,raw,01:00:00,2025-12-03T20:00:00Z,2025-12-03T21:00:00+01:00,2025-12-03T21:00:00Z,2025-12-03T22:00:00+01:00,1,01:00:00,1,01:00:00,100.0,100.0,2025-12-03T20:00:00Z,2025-12-03T21:00:00+01:00,2025-12-03T21:00:00Z,2025-12-03T22:00:00+01:00
19.255,,,False,1,pm10,µg/m³,,raw,01:00:00,2025-12-03T21:00:00Z,2025-12-03T22:00:00+01:00,2025-12-03T22:00:00Z,2025-12-03T23:00:00+01:00,1,01:00:00,1,01:00:00,100.0,100.0,2025-12-03T21:00:00Z,2025-12-03T22:00:00+01:00,2025-12-03T22:00:00Z,2025-12-03T23:00:00+01:00
13.02,,,False,1,pm10,µg/m³,,raw,01:00:00,2025-12-03T22:00:00Z,2025-12-03T23:00:00+01:00,2025-12-03T23:00:00Z,2025-12-04T00:00:00+01:00,1,01:00:00,1,01:00:00,100.0,100.0,2025-12-03T22:00:00Z,2025-12-03T23:00:00+01:00,2025-12-03T23:00:00Z,2025-12-04T00:00:00+01:00
15.498,,,False,1,pm10,µg/m³,,raw,01:00:00,2025-12-03T23:00:00Z,2025-12-04T00:00:00+01:00,2025-12-04T00:00:00Z,2025-12-04T01:00:00+01:00,1,01:00:00,1,01:00:00,100.0,100.0,2025-12-03T23:00:00Z,2025-12-04T00:00:00+01:00,2025-12-04T00:00:00Z,2025-12-04T01:00:00+01:00
16.5,,,False,1,pm10,µg/m³,,raw,01:00:00,2025-12-04T00:00:00Z,2025-12-04T01:00:00+01:00,2025-12-04T01:00:00Z,2025-12-04T02:00:00+01:00,1,01:00:00,1,01:00:00,100.0,100.0,2025-12-04T00:00:00Z,2025-12-04T01:00:00+01:00,2025-12-04T01:00:00Z,2025-12-04T02:00:00+01:00
23.858,,,False,1,pm10,µg/m³,,raw,01:00:00,2025-12-04T01:00:00Z,2025-12-04T02:00:00+01:00,2025-12-04T02:00:00Z,2025-12-04T03:00:00+01:00,1,01:00:00,1,01:00:00,100.0,100.0,2025-12-04T01:00:00Z,2025-12-04T02:00:00+01:00,2025-12-04T02:00:00Z,2025-12-04T03:00:00+01:00
19.811,,,False,1,pm10,µg/m³,,raw,01:00:00,2025-12-04T02:00:00Z,2025-12-04T03:00:00+01:00,2025-12-04T03:00:00Z,2025-12-04T04:00:00+01:00,1,01:00:00,1,01:00:00,100.0,100.0,2025-12-04T02:00:00Z,2025-12-04T03:00:00+01:00,2025-12-04T03:00:00Z,2025-12-04T04:00:00+01:00
18.142,,,False,1,pm10,µg/m³,,raw,01:00:00,2025-12-04T03:00:00Z,2025-12-04T04:00:00+01:00,2025-12-04T04:00:00Z,2025-12-04T05:00:00+01:00,1,01:00:00,1,01:00:00,100.0,100.0,2025-12-04T03:00:00Z,2025-12-04T04:00:00+01:00,2025-12-04T04:00:00Z,2025-12-04T05:00:00+01:00
21.921,,,False,1,pm10,µg/m³,,raw,01:00:00,2025-12-04T05:00:00Z,2025-12-04T06:00:00+01:00,2025-12-04T06:00:00Z,2025-12-04T07:00:00+01:00,1,01:00:00,1,01:00:00,100.0,100.0,2025-12-04T05:00:00Z,2025-12-04T06:00:00+01:00,2025-12-04T06:00:00Z,2025-12-04T07:00:00+01:00
28.066,,,False,1,pm10,µg/m³,,raw,01:00:00,2025-12-04T06:00:00Z,2025-12-04T07:00:00+01:00,2025-12-04T07:00:00Z,2025-12-04T08:00:00+01:00,1,01:00:00,1,01:00:00,100.0,100.0,2025-12-04T06:00:00Z,2025-12-04T07:00:00+01:00,2025-12-04T07:00:00Z,2025-12-04T08:00:00+01:00
28.535,,,False,1,pm10,µg/m³,,raw,01:00:00,2025-12-04T07:00:00Z,2025-12-04T08:00:00+01:00,2025-12-04T08:00:00Z,2025-12-04T09:00:00+01:00,1,01:00:00,1,01:00:00,100.0,100.0,2025-12-04T07:00:00Z,2025-12-04T08:00:00+01:00,2025-12-04T08:00:00Z,2025-12-04T09:00:00+01:00
17.866,,,False,1,pm10,µg/m³,,raw,01:00:00,2025-12-04T08:00:00Z,2025-12-04T09:00:00+01:00,2025-12-04T09:00:00Z,2025-12-04T10:00:00+01:00,1,01:00:00,1,01:00:00,100.0,100.0,2025-12-04T08:00:00Z,2025-12-04T09:00:00+01:00,2025-12-04T09:00:00Z,2025-12-04T10:00:00+01:00
12.514,,,False,1,pm10,µg/m³,,raw,01:00:00,2025-12-04T09:00:00Z,2025-12-04T10:00:00+01:00,2025-12-04T10:00:00Z,2025-12-04T11:00:00+01:00,1,01:00:00,1,01:00:00,100.0,100.0,2025-12-04T09:00:00Z,2025-12-04T10:00:00+01:00,2025-12-04T10:00:00Z,2025-12-04T11:00:00+01:00
24.579,,,False,1,pm10,µg/m³,,raw,01:00:00,2025-12-04T10:00:00Z,2025-12-04T11:00:00+01:00,2025-12-04T11:00:00Z,2025-12-04T12:00:00+01:00,1,01:00:00,1,01:00:00,100.0,100.0,2025-12-04T10:00:00Z,2025-12-04T11:00:00+01:00,2025-12-04T11:00:00Z,2025-12-04T12:00:00+01:00
12.999,,,False,1,pm10,µg/m³,,raw,01:00:00,2025-12-04T13:00:00Z,2025-12-04T14:00:00+01:00,2025-12-04T14:00:00Z,2025-12-04T15:00:00+01:00,1,01:00:00,1,01:00:00,100.0,100.0,2025-12-04T13:00:00Z,2025-12-04T14:00:00+01:00,2025-12-04T14:00:00Z,2025-12-04T15:00:00+01:00
20.024,,,False,1,pm10,µg/m³,,raw,01:00:00,2025-12-04T15:00:00Z,2025-12-04T16:00:00+01:00,2025-12-04T16:00:00Z,2025-12-04T17:00:00+01:00,1,01:00:00,1,01:00:00,100.0,100.0,2025-12-04T15:00:00Z,2025-12-04T16:00:00+01:00,2025-12-04T16:00:00Z,2025-12-04T17:00:00+01:00
20.109,,,False,1,pm10,µg/m³,,raw,01:00:00,2025-12-04T16:00:00Z,2025-12-04T17:00:00+01:00,2025-12-04T17:00:00Z,2025-12-04T18:00:00+01:00,1,01:00:00,1,01:00:00,100.0,100.0,2025-12-04T16:00:00Z,2025-12-04T17:00:00+01:00,2025-12-04T17:00:00Z,2025-12-04T18:00:00+01:00
23.246,,,False,1,pm10,µg/m³,,raw,01:00:00,2025-12-04T17:00:00Z,2025-12-04T18:00:00+01:00,2025-12-04T18:00:00Z,2025-12-04T19:00:00+01:00,1,01:00:00,1,01:00:00,100.0,100.0,2025-12-04T17:00:00Z,2025-12-04T18:00:00+01:00,2025-12-04T18:00:00Z,2025-12-04T19:00:00+01:00
24.185,,,False,1,pm10,µg/m³,,raw,01:00:00,2025-12-04T18:00:00Z,2025-12-04T19:00:00+01:00,2025-12-04T19:00:00Z,2025-12-04T20:00:00+01:00,1,01:00:00,1,01:00:00,100.0,100.0,2025-12-04T18:00:00Z,2025-12-04T19:00:00+01:00,2025-12-04T19:00:00Z,2025-12-04T20:00:00+01:00
19.845,,,False,1,pm10,µg/m³,,raw,01:00:00,2025-12-04T19:00:00Z,2025-12-04T20:00:00+01:00,2025-12-04T20:00:00Z,2025-12-04T21:00:00+01:00,1,01:00:00,1,01:00:00,100.0,100.0,2025-12-04T19:00:00Z,2025-12-04T20:00:00+01:00,2025-12-04T20:00:00Z,2025-12-04T21:00:00+01:00
20.766,,,False,1,pm10,µg/m³,,raw,01:00:00,2025-12-04T20:00:00Z,2025-12-04T21:00:00+01:00,2025-12-04T21:00:00Z,2025-12-04T22:00:00+01:00,1,01:00:00,1,01:00:00,100.0,100.0,2025-12-04T20:00:00Z,2025-12-04T21:00:00+01:00,2025-12-04T21:00:00Z,2025-12-04T22:00:00+01:00
16.756,,,False,1,pm10,µg/m³,,raw,01:00:00,2025-12-04T21:00:00Z,2025-12-04T22:00:00+01:00,2025-12-04T22:00:00Z,2025-12-04T23:00:00+01:00,1,01:00:00,1,01:00:00,100.0,100.0,2025-12-04T21:00:00Z,2025-12-04T22:00:00+01:00,2025-12-04T22:00:00Z,2025-12-04T23:00:00+01:00
15.834,,,False,1,pm10,µg/m³,,raw,01:00:00,2025-12-04T22:00:00Z,2025-12-04T23:00:00+01:00,2025-12-04T23:00:00Z,2025-12-05T00:00:00+01:00,1,01:00:00,1,01:00:00,100.0,100.0,2025-12-04T22:00:00Z,2025-12-04T23:00:00+01:00,2025-12-04T23:00:00Z,2025-12-05T00:00:00+01:00
19.922,,,False,1,pm10,µg/m³,,raw,01:00:00,2025-12-04T23:00:00Z,2025-12-05T00:00:00+01:00,2025-12-05T00:00:00Z,2025-12-05T01:00:00+01:00,1,01:00:00,1,01:00:00,100.0,100.0,2025-12-04T23:00:00Z,2025-12-05T00:00:00+01:00,2025-12-05T00:00:00Z,2025-12-05T01:00:00+01:00
22.031,,,False,1,pm10,µg/m³,,raw,01:00:00,2025-12-05T00:00:00Z,2025-12-05T01:00:00+01:00,2025-12-05T01:00:00Z,2025-12-05T02:00:00+01:00,1,01:00:00,1,01:00:00,100.0,100.0,2025-12-05T00:00:00Z,2025-12-05T01:00:00+01:00,2025-12-05T01:00:00Z,2025-12-05T02:00:00+01:00
22.446,,,False,1,pm10,µg/m³,,raw,01:00:00,2025-12-05T01:00:00Z,2025-12-05T02:00:00+01:00,2025-12-05T02:00:00Z,2025-12-05T03:00:00+01:00,1,01:00:00,1,01:00:00,100.0,100.0,2025-12-05T01:00:00Z,2025-12-05T02:00:00+01:00,2025-12-05T02:00:00Z,2025-12-05T03:00:00+01:00
20.33,,,False,1,pm10,µg/m³,,raw,01:00:00,2025-12-05T02:00:00Z,2025-12-05T03:00:00+01:00,2025-12-05T03:00:00Z,2025-12-05T04:00:00+01:00,1,01:00:00,1,01:00:00,100.0,100.0,2025-12-05T02:00:00Z,2025-12-05T03:00:00+01:00,2025-12-05T03:00:00Z,2025-12-05T04:00:00+01:00
20.352,,,False,1,pm10,µg/m³,,raw,01:00:00,2025-12-05T03:00:00Z,2025-12-05T04:00:00+01:00,2025-12-05T04:00:00Z,2025-12-05T05:00:00+01:00,1,01:00:00,1,01:00:00,100.0,100.0,2025-12-05T03:00:00Z,2025-12-05T04:00:00+01:00,2025-12-05T04:00:00Z,2025-12-05T05:00:00+01:00
17.73,,,False,1,pm10,µg/m³,,raw,01:00:00,2025-12-05T05:00:00Z,2025-12-05T06:00:00+01:00,2025-12-05T06:00:00Z,2025-12-05T07:00:00+01:00,1,01:00:00,1,01:00:00,100.0,100.0,2025-12-05T05:00:00Z,2025-12-05T06:00:00+01:00,2025-12-05T06:00:00Z,2025-12-05T07:00:00+01:00
22.873,,,False,1,pm10,µg/m³,,raw,01:00:00,2025-12-05T06:00:00Z,2025-12-05T07:00:00+01:00,2025-12-05T07:00:00Z,2025-12-05T08:00:00+01:00,1,01:00:00,1,01:00:00,100.0,100.0,2025-12-05T06:00:00Z,2025-12-05T07:00:00+01:00,2025-12-05T07:00:00Z,2025-12-05T08:00:00+01:00
24.296,,,False,1,pm10,µg/m³,,raw,01:00:00,2025-12-05T07:00:00Z,2025-12-05T08:00:00+01:00,2025-12-05T08:00:00Z,2025-12-05T09:00:00+01:00,1,01:00:00,1,01:00:00,100.0,100.0,2025-12-05T07:00:00Z,2025-12-05T08:00:00+01:00,2025-12-05T08:00:00Z,2025-12-05T09:00:00+01:00
24.749,,,False,1,pm10,µg/m³,,raw,01:00:00,2025-12-05T08:00:00Z,2025-12-05T09:00:00+01:00,2025-12-05T09:00:00Z,2025-12-05T10:00:00+01:00,1,01:00:00,1,01:00:00,100.0,100.0,2025-12-05T08:00:00Z,2025-12-05T09:00:00+01:00,2025-12-05T09:00:00Z,2025-12-05T10:00:00+01:00
25.623,,,False,1,pm10,µg/m³,,raw,01:00:00,2025-12-05T09:00:00Z,2025-12-05T10:00:00+01:00,2025-12-05T10:00:00Z,2025-12-05T11:00:00+01:00,1,01:00:00,1,01:00:00,100.0,100.0,2025-12-05T09:00:00Z,2025-12-05T10:00:00+01:00,2025-12-05T10:00:00Z,2025-12-05T11:00:00+01:00
26.172,,,False,1,pm10,µg/m³,,raw,01:00:00,2025-12-05T10:00:00Z,2025-12-05T11:00:00+01:00,2025-12-05T11:00:00Z,2025-12-05T12:00:00+01:00,1,01:00:00,1,01:00:00,100.0,100.0,2025-12-05T10:00:00Z,2025-12-05T11:00:00+01:00,2025-12-05T11:00:00Z,2025-12-05T12:00:00+01:00
20.8,,,False,1,pm10,µg/m³,,raw,01:00:00,2025-12-05T11:00:00Z,2025-12-05T12:00:00+01:00,2025-12-05T12:00:00Z,2025-12-05T13:00:00+01:00,1,01:00:00,1,01:00:00,100.0,100.0,2025-12-05T11:00:00Z,2025-12-05T12:00:00+01:00,2025-12-05T12:00:00Z,2025-12-05T13:00:00+01:00
23.473,,,False,1,pm10,µg/m³,,raw,01:00:00,2025-12-05T12:00:00Z,2025-12-05T13:00:00+01:00,2025-12-05T13:00:00Z,2025-12-05T14:00:00+01:00,1,01:00:00,1,01:00:00,100.0,100.0,2025-12-05T12:00:00Z,2025-12-05T13:00:00+01:00,2025-12-05T13:00:00Z,2025-12-05T14:00:00+01:00
29.64,,,False,1,pm10,µg/m³,,raw,01:00:00,2025-12-05T13:00:00Z,2025-12-05T14:00:00+01:00,2025-12-05T14:00:00Z,2025-12-05T15:00:00+01:00,1,01:00:00,1,01:00:00,100.0,100.0,2025-12-05T13:00:00Z,2025-12-05T14:00:00+01:00,2025-12-05T14:00:00Z,2025-12-05T15:00:00+01:00
27.449,,,False,1,pm10,µg/m³,,raw,01:00:00,2025-12-05T14:00:00Z,2025-12-05T15:00:00+01:00,2025-12-05T15:00:00Z,2025-12-05T16:00:00+01:00,1,01:00:00,1,01:00:00,100.0,100.0,2025-12-05T14:00:00Z,2025-12-05T15:00:00+01:00,2025-12-05T15:00:00Z,2025-12-05T16:00:00+01:00
22.676,,,False,1,pm10,µg/m³,,raw,01:00:00,2025-12-05T15:00:00Z,2025-12-05T16:00:00+01:00,2025-12-05T16:00:00Z,2025-12-05T17:00:00+01:00,1,01:00:00,1,01:00:00,100.0,100.0,2025-12-05T15:00:00Z,2025-12-05T16:00:00+01:00,2025-12-05T16:00:00Z,2025-12-05T17:00:00+01:00
21.617,,,False,1,pm10,µg/m³,,raw,01:00:00,2025-12-05T16:00:00Z,2025-12-05T17:00:00+01:00,2025-12-05T17:00:00Z,2025-12-05T18:00:00+01:00,1,01:00:00,1,01:00:00,100.0,100.0,2025-12-05T16:00:00Z,2025-12-05T17:00:00+01:00,2025-12-05T17:00:00Z,2025-12-05T18:00:00+01:00
24.116,,,False,1,pm10,µg/m³,,raw,01:00:00,2025-12-05T17:00:00Z,2025-12-05T18:00:00+01:00,2025-12-05T18:00:00Z,2025-12-05T19:00:00+01:00,1,01:00:00,1,01:00:00,100.0,100.0,2025-12-05T17:00:00Z,2025-12-05T18:00:00+01:00,2025-12-05T18:00:00Z,2025-12-05T19:00:00+01:00
29.857,,,False,1,pm10,µg/m³,,raw,01:00:00,2025-12-05T18:00:00Z,2025-12-05T19:00:00+01:00,2025-12-05T19:00:00Z,2025-12-05T20:00:00+01:00,1,01:00:00,1,01:00:00,100.0,100.0,2025-12-05T18:00:00Z,2025-12-05T19:00:00+01:00,2025-12-05T19:00:00Z,2025-12-05T20:00:00+01:00
19.351,,,False,1,pm10,µg/m³,,raw,01:00:00,2025-12-05T19:00:00Z,2025-12-05T20:00:00+01:00,2025-12-05T20:00:00Z,2025-12-05T21:00:00+01:00,1,01:00:00,1,01:00:00,100.0,100.0,2025-12-05T19:00:00Z,2025-12-05T20:00:00+01:00,2025-12-05T20:00:00Z,2025-12-05T21:00:00+01:00
15.469,,,False,1,pm10,µg/m³,,raw,01:00:00,2025-12-05T20:00:00Z,2025-12-05T21:00:00+01:00,2025-12-05T21:00:00Z,2025-12-05T22:00:00+01:00,1,01:00:00,1,01:00:00,100.0,100.0,2025-12-05T20:00:00Z,2025-12-05T21:00:00+01:00,2025-12-05T21:00:00Z,2025-12-05T22:00:00+01:00
15.278,,,False,1,pm10,µg/m³,,raw,01:00:00,2025-12-05T21:00:00Z,2025-12-05T22:00:00+01:00,2025-12-05T22:00:00Z,2025-12-05T23:00:00+01:00,1,01:00:00,1,01:00:00,100.0,100.0,2025-12-05T21:00:00Z,2025-12-05T22:00:00+01:00,2025-12-05T22:00:00Z,2025-12-05T23:00:00+01:00
18.904,,,False,1,pm10,µg/m³,,raw,01:00:00,2025-12-05T22:00:00Z,2025-12-05T23:00:00+01:00,2025-12-05T23:00:00Z,2025-12-06T00:00:00+01:00,1,01:00:00,1,01:00:00,100.0,100.0,2025-12-05T22:00:00Z,2025-12-05T23:00:00+01:00,2025-12-05T23:00:00Z,2025-12-06T00:00:00+01:00
16.755,,,False,1,pm10,µg/m³,,raw,01:00:00,2025-12-05T23:00:00Z,2025-12-06T00:00:00+01:00,2025-12-06T00:00:00Z,2025-12-06T01:00:00+01:00,1,01:00:00,1,01:00:00,100.0,100.0,2025-12-05T23:00:00Z,2025-12-06T00:00:00+01:00,2025-12-06T00:00:00Z,2025-12-06T01:00:00+01:00
16.985,,,False,1,pm10,µg/m³,,raw,01:00:00,2025-12-06T00:00:00Z,2025-12-06T01:00:00+01:00,2025-12-06T01:00:00Z,2025-12-06T02:00:00+01:00,1,01:00:00,1,01:00:00,100.0,100.0,2025-12-06T00:00:00Z,2025-12-06T01:00:00+01:00,2025-12-06T01:00:00Z,2025-12-06T02:00:00+01:00
14.378,,,False,1,pm10,µg/m³,,raw,01:00:00,2025-12-06T01:00:00Z,2025-12-06T02:00:00+01:00,2025-12-06T02:00:00Z,2025-12-06T03:00:00+01:00,1,01:00:00,1,01:00:00,100.0,100.0,2025-12-06T01:00:00Z,2025-12-06T02:00:00+01:00,2025-12-06T02:00:00Z,2025-12-06T03:00:00+01:00
14.628,,,False,1,pm10,µg/m³,,raw,01:00:00,2025-12-06T02:00:00Z,2025-12-06T03:00:00+01:00,2025-12-06T03:00:00Z,2025-12-06T04:00:00+01:00,1,01:00:00,1,01:00:00,100.0,100.0,2025-12-06T02:00:00Z,2025-12-06T03:00:00+01:00,2025-12-06T03:00:00Z,2025-12-06T04:00:00+01:00
12.016,,,False,1,pm10,µg/m³,,raw,01:00:00,2025-12-06T03:00:00Z,2025-12-06T04:00:00+01:00,2025-12-06T04:00:00Z,2025-12-06T05:00:00+01:00,1,01:00:00,1,01:00:00,100.0,100.0,2025-12-06T03:00:00Z,2025-12-06T04:00:00+01:00,2025-12-06T04:00:00Z,2025-12-06T05:00:00+01:00
7.34,,,False,1,pm10,µg/m³,,raw,01:00:00,2025-12-06T04:00:00Z,2025-12-06T05:00:00+01:00,2025-12-06T05:00:00Z,2025-12-06T06:00:00+01:00,1,01:00:00,1,01:00:00,100.0,100.0,2025-12-06T04:00:00Z,2025-12-06T05:00:00+01:00,2025-12-06T05:00:00Z,2025-12-06T06:00:00+01:00
4.621,,,False,1,pm10,µg/m³,,raw,01:00:00,2025-12-06T05:00:00Z,2025-12-06T06:00:00+01:00,2025-12-06T06:00:00Z,2025-12-06T07:00:00+01:00,1,01:00:00,1,01:00:00,100.0,100.0,2025-12-06T05:00:00Z,2025-12-06T06:00:00+01:00,2025-12-06T06:00:00Z,2025-12-06T07:00:00+01:00
5.268,,,False,1,pm10,µg/m³,,raw,01:00:00,2025-12-06T06:00:00Z,2025-12-06T07:00:00+01:00,2025-12-06T07:00:00Z,2025-12-06T08:00:00+01:00,1,01:00:00,1,01:00:00,100.0,100.0,2025-12-06T06:00:00Z,2025-12-06T07:00:00+01:00,2025-12-06T07:00:00Z,2025-12-06T08:00:00+01:00
10.062,,,False,1,pm10,µg/m³,,raw,01:00:00,2025-12-06T07:00:00Z,2025-12-06T08:00:00+01:00,2025-12-06T08:00:00Z,2025-12-06T09:00:00+01:00,1,01:00:00,1,01:00:00,100.0,100.0,2025-12-06T07:00:00Z,2025-12-06T08:00:00+01:00,2025-12-06T08:00:00Z,2025-12-06T09:00:00+01:00
18.828,,,False,1,pm10,µg/m³,,raw,01:00:00,2025-12-06T08:00:00Z,2025-12-06T09:00:00+01:00,2025-12-06T09:00:00Z,2025-12-06T10:00:00+01:00,1,01:00:00,1,01:00:00,100.0,100.0,2025-12-06T08:00:00Z,2025-12-06T09:00:00+01:00,2025-12-06T09:00:00Z,2025-12-06T10:00:00+01:00
14.042,,,False,1,pm10,µg/m³,,raw,01:00:00,2025-12-06T09:00:00Z,2025-12-06T10:00:00+01:00,2025-12-06T10:00:00Z,2025-12-06T11:00:00+01:00,1,01:00:00,1,01:00:00,100.0,100.0,2025-12-06T09:00:00Z,2025-12-06T10:00:00+01:00,2025-12-06T10:00:00Z,2025-12-06T11:00:00+01:00
11.479,,,False,1,pm10,µg/m³,,raw,01:00:00,2025-12-06T10:00:00Z,2025-12-06T11:00:00+01:00,2025-12-06T11:00:00Z,2025-12-06T12:00:00+01:00,1,01:00:00,1,01:00:00,100.0,100.0,2025-12-06T10:00:00Z,2025-12-06T11:00:00+01:00,2025-12-06T11:00:00Z,2025-12-06T12:00:00+01:00
9.52,,,False,1,pm10,µg/m³,,raw,01:00:00,2025-12-06T11:00:00Z,2025-12-06T12:00:00+01:00,2025-12-06T12:00:00Z,2025-12-06T13:00:00+01:00,1,01:00:00,1,01:00:00,100.0,100.0,2025-12-06T11:00:00Z,2025-12-06T12:00:00+01:00,2025-12-06T12:00:00Z,2025-12-06T13:00:00+01:00
8.843,,,False,1,pm10,µg/m³,,raw,01:00:00,2025-12-06T12:00:00Z,2025-12-06T13:00:00+01:00,2025-12-06T13:00:00Z,2025-12-06T14:00:00+01:00,1,01:00:00,1,01:00:00,100.0,100.0,2025-12-06T12:00:00Z,2025-12-06T13:00:00+01:00,2025-12-06T13:00:00Z,2025-12-06T14:00:00+01:00
13.12,,,False,1,pm10,µg/m³,,raw,01:00:00,2025-12-06T13:00:00Z,2025-12-06T14:00:00+01:00,2025-12-06T14:00:00Z,2025-12-06T15:00:00+01:00,1,01:00:00,1,01:00:00,100.0,100.0,2025-12-06T13:00:00Z,2025-12-06T14:00:00+01:00,2025-12-06T14:00:00Z,2025-12-06T15:00:00+01:00
16.018,,,False,1,pm10,µg/m³,,raw,01:00:00,2025-12-06T14:00:00Z,2025-12-06T15:00:00+01:00,2025-12-06T15:00:00Z,2025-12-06T16:00:00+01:00,1,01:00:00,1,01:00:00,100.0,100.0,2025-12-06T14:00:00Z,2025-12-06T15:00:00+01:00,2025-12-06T15:00:00Z,2025-12-06T16:00:00+01:00
17.145,,,False,1,pm10,µg/m³,,raw,01:00:00,2025-12-06T15:00:00Z,2025-12-06T16:00:00+01:00,2025-12-06T16:00:00Z,2025-12-06T17:00:00+01:00,1,01:00:00,1,01:00:00,100.0,100.0,2025-12-06T15:00:00Z,2025-12-06T16:00:00+01:00,2025-12-06T16:00:00Z,2025-12-06T17:00:00+01:00
19.166,,,False,1,pm10,µg/m³,,raw,01:00:00,2025-12-06T16:00:00Z,2025-12-06T17:00:00+01:00,2025-12-06T17:00:00Z,2025-12-06T18:00:00+01:00,1,01:00:00,1,01:00:00,100.0,100.0,2025-12-06T16:00:00Z,2025-12-06T17:00:00+01:00,2025-12-06T17:00:00Z,2025-12-06T18:00:00+01:00
19.621,,,False,1,pm10,µg/m³,,raw,01:00:00,2025-12-06T17:00:00Z,2025-12-06T18:00:00+01:00,2025-12-06T18:00:00Z,2025-12-06T19:00:00+01:00,1,01:00:00,1,01:00:00,100.0,100.0,2025-12-06T17:00:00Z,2025-12-06T18:00:00+01:00,2025-12-06T18:00:00Z,2025-12-06T19:00:00+01:00
13.925,,,False,1,pm10,µg/m³,,raw,01:00:00,2025-12-06T18:00:00Z,2025-12-06T19:00:00+01:00,2025-12-06T19:00:00Z,2025-12-06T20:00:00+01:00,1,01:00:00,1,01:00:00,100.0,100.0,2025-12-06T18:00:00Z,2025-12-06T19:00:00+01:00,2025-12-06T19:00:00Z,2025-12-06T20:00:00+01:00
16.332,,,False,1,pm10,µg/m³,,raw,01:00:00,2025-12-06T19:00:00Z,2025-12-06T20:00:00+01:00,2025-12-06T20:00:00Z,2025-12-06T21:00:00+01:00,1,01:00:00,1,01:00:00,100.0,100.0,2025-12-06T19:00:00Z,2025-12-06T20:00:00+01:00,2025-12-06T20:00:00Z,2025-12-06T21:00:00+01:00
11.659,,,False,1,pm10,µg/m³,,raw,01:00:00,2025-12-06T20:00:00Z,2025-12-06T21:00:00+01:00,2025-12-06T21:00:00Z,2025-12-06T22:00:00+01:00,1,01:00:00,1,01:00:00,100.0,100.0,2025-12-06T20:00:00Z,2025-12-06T21:00:00+01:00,2025-12-06T21:00:00Z,2025-12-06T22:00:00+01:00
6.917,,,False,1,pm10,µg/m³,,raw,01:00:00,2025-12-06T21:00:00Z,2025-12-06T22:00:00+01:00,2025-12-06T22:00:00Z,2025-12-06T23:00:00+01:00,1,01:00:00,1,01:00:00,100.0,100.0,2025-12-06T21:00:00Z,2025-12-06T22:00:00+01:00,2025-12-06T22:00:00Z,2025-12-06T23:00:00+01:00
9.001,,,False,1,pm10,µg/m³,,raw,01:00:00,2025-12-06T22:00:00Z,2025-12-06T23:00:00+01:00,2025-12-06T23:00:00Z,2025-12-07T00:00:00+01:00,1,01:00:00,1,01:00:00,100.0,100.0,2025-12-06T22:00:00Z,2025-12-06T23:00:00+01:00,2025-12-06T23:00:00Z,2025-12-07T00:00:00+01:00
9.286,,,False,1,pm10,µg/m³,,raw,01:00:00,2025-12-06T23:00:00Z,2025-12-07T00:00:00+01:00,2025-12-07T00:00:00Z,2025-12-07T01:00:00+01:00,1,01:00:00,1,01:00:00,100.0,100.0,2025-12-06T23:00:00Z,2025-12-07T00:00:00+01:00,2025-12-07T00:00:00Z,2025-12-07T01:00:00+01:00
6.239,,,False,1,pm10,µg/m³,,raw,01:00:00,2025-12-07T00:00:00Z,2025-12-07T01:00:00+01:00,2025-12-07T01:00:00Z,2025-12-07T02:00:00+01:00,1,01:00:00,1,01:00:00,100.0,100.0,2025-12-07T00:00:00Z,2025-12-07T01:00:00+01:00,2025-12-07T01:00:00Z,2025-12-07T02:00:00+01:00
9.403,,,False,1,pm10,µg/m³,,raw,01:00:00,2025-12-07T01:00:00Z,2025-12-07T02:00:00+01:00,2025-12-07T02:00:00Z,2025-12-07T03:00:00+01:00,1,01:00:00,1,01:00:00,100.0,100.0,2025-12-07T01:00:00Z,2025-12-07T02:00:00+01:00,2025-12-07T02:00:00Z,2025-12-07T03:00:00+01:00
6.536,,,False,1,pm10,µg/m³,,raw,01:00:00,2025-12-07T02:00:00Z,2025-12-07T03:00:00+01:00,2025-12-07T03:00:00Z,2025-12-07T04:00:00+01:00,1,01:00:00,1,01:00:00,100.0,100.0,2025-12-07T02:00:00Z,2025-12-07T03:00:00+01:00,2025-12-07T03:00:00Z,2025-12-07T04:00:00+01:00
6.302,,,False,1,pm10,µg/m³,,raw,01:00:00,2025-12-07T03:00:00Z,2025-12-07T04:00:00+01:00,2025-12-07T04:00:00Z,2025-12-07T05:00:00+01:00,1,01:00:00,1,01:00:00,100.0,100.0,2025-12-07T03:00:00Z,2025-12-07T04:00:00+01:00,2025-12-07T04:00:00Z,2025-12-07T05:00:00+01:00
6.891,,,False,1,pm10,µg/m³,,raw,01:00:00,2025-12-07T04:00:00Z,2025-12-07T05:00:00+01:00,2025-12-07T05:00:00Z,2025-12-07T06:00:00+01:00,1,01:00:00,1,01:00:00,100.0,100.0,2025-12-07T04:00:00Z,2025-12-07T05:00:00+01:00,2025-12-07T05:00:00Z,2025-12-07T06:00:00+01:00
6.244,,,False,1,pm10,µg/m³,,raw,01:00:00,2025-12-07T05:00:00Z,2025-12-07T06:00:00+01:00,2025-12-07T06:00:00Z,2025-12-07T07:00:00+01:00,1,01:00:00,1,01:00:00,100.0,100.0,2025-12-07T05:00:00Z,2025-12-07T06:00:00+01:00,2025-12-07T06:00:00Z,2025-12-07T07:00:00+01:00
1.833,,,False,1,pm10,µg/m³,,raw,01:00:00,2025-12-07T06:00:00Z,2025-12-07T07:00:00+01:00,2025-12-07T07:00:00Z,2025-12-07T08:00:00+01:00,1,01:00:00,1,01:00:00,100.0,100.0,2025-12-07T06:00:00Z,2025-12-07T07:00:00+01:00,2025-12-07T07:00:00Z,2025-12-07T08:00:00+01:00
6.723,,,False,1,pm10,µg/m³,,raw,01:00:00,2025-12-07T07:00:00Z,2025-12-07T08:00:00+01:00,2025-12-07T08:00:00Z,2025-12-07T09:00:00+01:00,1,01:00:00,1,01:00:00,100.0,100.0,2025-12-07T07:00:00Z,2025-12-07T08:00:00+01:00,2025-12-07T08:00:00Z,2025-12-07T09:00:00+01:00
7.502,,,False,1,pm10,µg/m³,,raw,01:00:00,2025-12-07T08:00:00Z,2025-12-07T09:00:00+01:00,2025-12-07T09:00:00Z,2025-12-07T10:00:00+01:00,1,01:00:00,1,01:00:00,100.0,100.0,2025-12-07T08:00:00Z,2025-12-07T09:00:00+01:00,2025-12-07T09:00:00Z,2025-12-07T10:00:00+01:00
8.781,,,False,1,pm10,µg/m³,,raw,01:00:00,2025-12-07T09:00:00Z,2025-12-07T10:00:00+01:00,2025-12-07T10:00:00Z,2025-12-07T11:00:00+01:00,1,01:00:00,1,01:00:00,100.0,100.0,2025-12-07T09:00:00Z,2025-12-07T10:00:00+01:00,2025-12-07T10:00:00Z,2025-12-07T11:00:00+01:00
7.308,,,False,1,pm10,µg/m³,,raw,01:00:00,2025-12-07T10:00:00Z,2025-12-07T11:00:00+01:00,2025-12-07T11:00:00Z,2025-12-07T12:00:00+01:00,1,01:00:00,1,01:00:00,100.0,100.0,2025-12-07T10:00:00Z,2025-12-07T11:00:00+01:00,2025-12-07T11:00:00Z,2025-12-07T12:00:00+01:00
8.577,,,False,1,pm10,µg/m³,,raw,01:00:00,2025-12-07T11:00:00Z,2025-12-07T12:00:00+01:00,2025-12-07T12:00:00Z,2025-12-07T13:00:00+01:00,1,01:00:00,1,01:00:00,100.0,100.0,2025-12-07T11:00:00Z,2025-12-07T12:00:00+01:00,2025-12-07T12:00:00Z,2025-12-07T13:00:00+01:00
10.504,,,False,1,pm10,µg/m³,,raw,01:00:00,2025-12-07T12:00:00Z,2025-12-07T13:00:00+01:00,2025-12-07T13:00:00Z,2025-12-07T14:00:00+01:00,1,01:00:00,1,01:00:00,100.0,100.0,2025-12-07T12:00:00Z,2025-12-07T13:00:00+01:00,2025-12-07T13:00:00Z,2025-12-07T14:00:00+01:00
10.125,,,False,1,pm10,µg/m³,,raw,01:00:00,2025-12-07T13:00:00Z,2025-12-07T14:00:00+01:00,2025-12-07T14:00:00Z,2025-12-07T15:00:00+01:00,1,01:00:00,1,01:00:00,100.0,100.0,2025-12-07T13:00:00Z,2025-12-07T14:00:00+01:00,2025-12-07T14:00:00Z,2025-12-07T15:00:00+01:00
9.941,,,False,1,pm10,µg/m³,,raw,01:00:00,2025-12-07T14:00:00Z,2025-12-07T15:00:00+01:00,2025-12-07T15:00:00Z,2025-12-07T16:00:00+01:00,1,01:00:00,1,01:00:00,100.0,100.0,2025-12-07T14:00:00Z,2025-12-07T15:00:00+01:00,2025-12-07T15:00:00Z,2025-12-07T16:00:00+01:00
11.619,,,False,1,pm10,µg/m³,,raw,01:00:00,2025-12-07T15:00:00Z,2025-12-07T16:00:00+01:00,2025-12-07T16:00:00Z,2025-12-07T17:00:00+01:00,1,01:00:00,1,01:00:00,100.0,100.0,2025-12-07T15:00:00Z,2025-12-07T16:00:00+01:00,2025-12-07T16:00:00Z,2025-12-07T17:00:00+01:00
12.721,,,False,1,pm10,µg/m³,,raw,01:00:00,2025-12-07T16:00:00Z,2025-12-07T17:00:00+01:00,2025-12-07T17:00:00Z,2025-12-07T18:00:00+01:00,1,01:00:00,1,01:00:00,100.0,100.0,2025-12-07T16:00:00Z,2025-12-07T17:00:00+01:00,2025-12-07T17:00:00Z,2025-12-07T18:00:00+01:00
11.241,,,False,1,pm10,µg/m³,,raw,01:00:00,2025-12-07T17:00:00Z,2025-12-07T18:00:00+01:00,2025-12-07T18:00:00Z,2025-12-07T19:00:00+01:00,1,01:00:00,1,01:00:00,100.0,100.0,2025-12-07T17:00:00Z,2025-12-07T18:00:00+01:00,2025-12-07T18:00:00Z,2025-12-07T19:00:00+01:00
15.16,,,False,1,pm10,µg/m³,,raw,01:00:00,2025-12-07T18:00:00Z,2025-12-07T19:00:00+01:00,2025-12-07T19:00:00Z,2025-12-07T20:00:00+01:00,1,01:00:00,1,01:00:00,100.0,100.0,2025-12-07T18:00:00Z,2025-12-07T19:00:00+01:00,2025-12-07T19:00:00Z,2025-12-07T20:00:00+01:00
8.427,,,False,1,pm10,µg/m³,,raw,01:00:00,2025-12-07T19:00:00Z,2025-12-07T20:00:00+01:00,2025-12-07T20:00:00Z,2025-12-07T21:00:00+01:00,1,01:00:00,1,01:00:00,100.0,100.0,2025-12-07T19:00:00Z,2025-12-07T20:00:00+01:00,2025-12-07T20:00:00Z,2025-12-07T21:00:00+01:00
4.101,,,False,1,pm10,µg/m³,,raw,01:00:00,2025-12-07T20:00:00Z,2025-12-07T21:00:00+01:00,2025-12-07T21:00:00Z,2025-12-07T22:00:00+01:00,1,01:00:00,1,01:00:00,100.0,100.0,2025-12-07T20:00:00Z,2025-12-07T21:00:00+01:00,2025-12-07T21:00:00Z,2025-12-07T22:00:00+01:00
5.59,,,False,1,pm10,µg/m³,,raw,01:00:00,2025-12-07T21:00:00Z,2025-12-07T22:00:00+01:00,2025-12-07T22:00:00Z,2025-12-07T23:00:00+01:00,1,01:00:00,1,01:00:00,100.0,100.0,2025-12-07T21:00:00Z,2025-12-07T22:00:00+01:00,2025-12-07T22:00:00Z,2025-12-07T23:00:00+01:00
3.758,,,False,1,pm10,µg/m³,,raw,01:00:00,2025-12-07T22:00:00Z,2025-12-07T23:00:00+01:00,2025-12-07T23:00:00Z,2025-12-08T00:00:00+01:00,1,01:00:00,1,01:00:00,100.0,100.0,2025-12-07T22:00:00Z,2025-12-07T23:00:00+01:00,2025-12-07T23:00:00Z,2025-12-08T00:00:00+01:00
6.318,,,False,1,pm10,µg/m³,,raw,01:00:00,2025-12-07T23:00:00Z,2025-12-08T00:00:00+01:00,2025-12-08T00:00:00Z,2025-12-08T01:00:00+01:00,1,01:00:00,1,01:00:00,100.0,100.0,2025-12-07T23:00:00Z,2025-12-08T00:00:00+01:00,2025-12-08T00:00:00Z,2025-12-08T01:00:00+01:00
5.997,,,False,1,pm10,µg/m³,,raw,01:00:00,2025-12-08T00:00:00Z,2025-12-08T01:00:00+01:00,2025-12-08T01:00:00Z,2025-12-08T02:00:00+01:00,1,01:00:00,1,01:00:00,100.0,100.0,2025-12-08T00:00:00Z,2025-12-08T01:00:00+01:00,2025-12-08T01:00:00Z,2025-12-08T02:00:00+01:00
4.775,,,False,1,pm10,µg/m³,,raw,01:00:00,2025-12-08T01:00:00Z,2025-12-08T02:00:00+01:00,2025-12-08T02:00:00Z,2025-12-08T03:00:00+01:00,1,01:00:00,1,01:00:00,100.0,100.0,2025-12-08T01:00:00Z,2025-12-08T02:00:00+01:00,2025-12-08T02:00:00Z,2025-12-08T03:00:00+01:00
3.611,,,False,1,pm10,µg/m³,,raw,01:00:00,2025-12-08T02:00:00Z,2025-12-08T03:00:00+01:00,2025-12-08T03:00:00Z,2025-12-08T04:00:00+01:00,1,01:00:00,1,01:00:00,100.0,100.0,2025-12-08T02:00:00Z,2025-12-08T03:00:00+01:00,2025-12-08T03:00:00Z,2025-12-08T04:00:00+01:00
1.772,,,False,1,pm10,µg/m³,,raw,01:00:00,2025-12-08T05:00:00Z,2025-12-08T06:00:00+01:00,2025-12-08T06:00:00Z,2025-12-08T07:00:00+01:00,1,01:00:00,1,01:00:00,100.0,100.0,2025-12-08T05:00:00Z,2025-12-08T06:00:00+01:00,2025-12-08T06:00:00Z,2025-12-08T07:00:00+01:00
5.886,,,False,1,pm10,µg/m³,,raw,01:00:00,2025-12-08T06:00:00Z,2025-12-08T07:00:00+01:00,2025-12-08T07:00:00Z,2025-12-08T08:00:00+01:00,1,01:00:00,1,01:00:00,100.0,100.0,2025-12-08T06:00:00Z,2025-12-08T07:00:00+01:00,2025-12-08T07:00:00Z,2025-12-08T08:00:00+01:00
8.459,,,False,1,pm10,µg/m³,,raw,01:00:00,2025-12-08T07:00:00Z,2025-12-08T08:00:00+01:00,2025-12-08T08:00:00Z,2025-12-08T09:00:00+01:00,1,01:00:00,1,01:00:00,100.0,100.0,2025-12-08T07:00:00Z,2025-12-08T08:00:00+01:00,2025-12-08T08:00:00Z,2025-12-08T09:00:00+01:00
1.772,,,False,1,pm10,µg/m³,,raw,01:00:00,2025-12-08T08:00:00Z,2025-12-08T09:00:00+01:00,2025-12-08T09:00:00Z,2025-12-08T10:00:00+01:00,1,01:00:00,1,01:00:00,100.0,100.0,2025-12-08T08:00:00Z,2025-12-08T09:00:00+01:00,2025-12-08T09:00:00Z,2025-12-08T10:00:00+01:00
11.631,,,False,1,pm10,µg/m³,,raw,01:00:00,2025-12-08T09:00:00Z,2025-12-08T10:00:00+01:00,2025-12-08T10:00:00Z,2025-12-08T11:00:00+01:00,1,01:00:00,1,01:00:00,100.0,100.0,2025-12-08T09:00:00Z,2025-12-08T10:00:00+01:00,2025-12-08T10:00:00Z,2025-12-08T11:00:00+01:00
11.036,,,False,1,pm10,µg/m³,,raw,01:00:00,2025-12-08T10:00:00Z,2025-12-08T11:00:00+01:00,2025-12-08T11:00:00Z,2025-12-08T12:00:00+01:00,1,01:00:00,1,01:00:00,100.0,100.0,2025-12-08T10:00:00Z,2025-12-08T11:00:00+01:00,2025-12-08T11:00:00Z,2025-12-08T12:00:00+01:00
10.908,,,False,1,pm10,µg/m³,,raw,01:00:00,2025-12-08T11:00:00Z,2025-12-08T12:00:00+01:00,2025-12-08T12:00:00Z,2025-12-08T13:00:00+01:00,1,01:00:00,1,01:00:00,100.0,100.0,2025-12-08T11:00:00Z,2025-12-08T12:00:00+01:00,2025-12-08T12:00:00Z,2025-12-08T13:00:00+01:00
6.866,,,False,1,pm10,µg/m³,,raw,01:00:00,2025-12-08T12:00:00Z,2025-12-08T13:00:00+01:00,2025-12-08T13:00:00Z,2025-12-08T14:00:00+01:00,1,01:00:00,1,01:00:00,100.0,100.0,2025-12-08T12:00:00Z,2025-12-08T13:00:00+01:00,2025-12-08T13:00:00Z,2025-12-08T14:00:00+01:00
5.016,,,False,1,pm10,µg/m³,,raw,01:00:00,2025-12-08T13:00:00Z,2025-12-08T14:00:00+01:00,2025-12-08T14:00:00Z,2025-12-08T15:00:00+01:00,1,01:00:00,1,01:00:00,100.0,100.0,2025-12-08T13:00:00Z,2025-12-08T14:00:00+01:00,2025-12-08T14:00:00Z,2025-12-08T15:00:00+01:00
4.614,,,False,1,pm10,µg/m³,,raw,01:00:00,2025-12-08T14:00:00Z,2025-12-08T15:00:00+01:00,2025-12-08T15:00:00Z,2025-12-08T16:00:00+01:00,1,01:00:00,1,01:00:00,100.0,100.0,2025-12-08T14:00:00Z,2025-12-08T15:00:00+01:00,2025-12-08T15:00:00Z,2025-12-08T16:00:00+01:00
4.973,,,False,1,pm10,µg/m³,,raw,01:00:00,2025-12-08T15:00:00Z,2025-12-08T16:00:00+01:00,2025-12-08T16:00:00Z,2025-12-08T17:00:00+01:00,1,01:00:00,1,01:00:00,100.0,100.0,2025-12-08T15:00:00Z,2025-12-08T16:00:00+01:00,2025-12-08T16:00:00Z,2025-12-08T17:00:00+01:00
4.818,,,False,1,pm10,µg/m³,,raw,01:00:00,2025-12-08T16:00:00Z,2025-12-08T17:00:00+01:00,2025-12-08T17:00:00Z,2025-12-08T18:00:00+01:00,1,01:00:00,1,01:00:00,100.0,100.0,2025-12-08T16:00:00Z,2025-12-08T17:00:00+01:00,2025-12-08T17:00:00Z,2025-12-08T18:00:00+01:00
7.902,,,False,1,pm10,µg/m³,,raw,01:00:00,2025-12-08T17:00:00Z,2025-12-08T18:00:00+01:00,2025-12-08T18:00:00Z,2025-12-08T19:00:00+01:00,1,01:00:00,1,01:00:00,100.0,100.0,2025-12-08T17:00:00Z,2025-12-08T18:00:00+01:00,2025-12-08T18:00:00Z,2025-12-08T19:00:00+01:00
9.617,,,False,1,pm10,µg/m³,,raw,01:00:00,2025-12-08T18:00:00Z,2025-12-08T19:00:00+01:00,2025-12-08T19:00:00Z,2025-12-08T20:00:00+01:00,1,01:00:00,1,01:00:00,100.0,100.0,2025-12-08T18:00:00Z,2025-12-08T19:00:00+01:00,2025-12-08T19:00:00Z,2025-12-08T20:00:00+01:00
4.075,,,False,1,pm10,µg/m³,,raw,01:00:00,2025-12-08T19:00:00Z,2025-12-08T20:00:00+01:00,2025-12-08T20:00:00Z,2025-12-08T21:00:00+01:00,1,01:00:00,1,01:00:00,100.0,100.0,2025-12-08T19:00:00Z,2025-12-08T20:00:00+01:00,2025-12-08T20:00:00Z,2025-12-08T21:00:00+01:00
3.974,,,False,1,pm10,µg/m³,,raw,01:00:00,2025-12-08T20:00:00Z,2025-12-08T21:00:00+01:00,2025-12-08T21:00:00Z,2025-12-08T22:00:00+01:00,1,01:00:00,1,01:00:00,100.0,100.0,2025-12-08T20:00:00Z,2025-12-08T21:00:00+01:00,2025-12-08T21:00:00Z,2025-12-08T22:00:00+01:00
4.652,,,False,1,pm10,µg/m³,,raw,01:00:00,2025-12-08T21:00:00Z,2025-12-08T22:00:00+01:00,2025-12-08T22:00:00Z,2025-12-08T23:00:00+01:00,1,01:00:00,1,01:00:00,100.0,100.0,2025-12-08T21:00:00Z,2025-12-08T22:00:00+01:00,2025-12-08T22:00:00Z,2025-12-08T23:00:00+01:00
1.745,,,False,1,pm10,µg/m³,,raw,01:00:00,2025-12-08T22:00:00Z,2025-12-08T23:00:00+01:00,2025-12-08T23:00:00Z,2025-12-09T00:00:00+01:00,1,01:00:00,1,01:00:00,100.0,100.0,2025-12-08T22:00:00Z,2025-12-08T23:00:00+01:00,2025-12-08T23:00:00Z,2025-12-09T00:00:00+01:00
6.82,,,False,1,pm10,µg/m³,,raw,01:00:00,2025-12-09T00:00:00Z,2025-12-09T01:00:00+01:00,2025-12-09T01:00:00Z,2025-12-09T02:00:00+01:00,1,01:00:00,1,01:00:00,100.0,100.0,2025-12-09T00:00:00Z,2025-12-09T01:00:00+01:00,2025-12-09T01:00:00Z,2025-12-09T02:00:00+01:00
5.226,,,False,1,pm10,µg/m³,,raw,01:00:00,2025-12-09T01:00:00Z,2025-12-09T02:00:00+01:00,2025-12-09T02:00:00Z,2025-12-09T03:00:00+01:00,1,01:00:00,1,01:00:00,100.0,100.0,2025-12-09T01:00:00Z,2025-12-09T02:00:00+01:00,2025-12-09T02:00:00Z,2025-12-09T03:00:00+01:00
3.845,,,False,1,pm10,µg/m³,,raw,01:00:00,2025-12-09T02:00:00Z,2025-12-09T03:00:00+01:00,2025-12-09T03:00:00Z,2025-12-09T04:00:00+01:00,1,01:00:00,1,01:00:00,100.0,100.0,2025-12-09T02:00:00Z,2025-12-09T03:00:00+01:00,2025-12-09T03:00:00Z,2025-12-09T04:00:00+01:00
5.066,,,False,1,pm10,µg/m³,,raw,01:00:00,2025-12-09T03:00:00Z,2025-12-09T04:00:00+01:00,2025-12-09T04:00:00Z,2025-12-09T05:00:00+01:00,1,01:00:00,1,01:00:00,100.0,100.0,2025-12-09T03:00:00Z,2025-12-09T04:00:00+01:00,2025-12-09T04:00:00Z,2025-12-09T05:00:00+01:00
7.789,,,False,1,pm10,µg/m³,,raw,01:00:00,2025-12-09T05:00:00Z,2025-12-09T06:00:00+01:00,2025-12-09T06:00:00Z,2025-12-09T07:00:00+01:00,1,01:00:00,1,01:00:00,100.0,100.0,2025-12-09T05:00:00Z,2025-12-09T06:00:00+01:00,2025-12-09T06:00:00Z,2025-12-09T07:00:00+01:00
12.496,,,False,1,pm10,µg/m³,,raw,01:00:00,2025-12-09T06:00:00Z,2025-12-09T07:00:00+01:00,2025-12-09T07:00:00Z,2025-12-09T08:00:00+01:00,1,01:00:00,1,01:00:00,100.0,100.0,2025-12-09T06:00:00Z,2025-12-09T07:00:00+01:00,2025-12-09T07:00:00Z,2025-12-09T08:00:00+01:00
11.786,,,False,1,pm10,µg/m³,,raw,01:00:00,2025-12-09T07:00:00Z,2025-12-09T08:00:00+01:00,2025-12-09T08:00:00Z,2025-12-09T09:00:00+01:00,1,01:00:00,1,01:00:00,100.0,100.0,2025-12-09T07:00:00Z,2025-12-09T08:00:00+01:00,2025-12-09T08:00:00Z,2025-12-09T09:00:00+01:00
12.74,,,False,1,pm10,µg/m³,,raw,01:00:00,2025-12-09T08:00:00Z,2025-12-09T09:00:00+01:00,2025-12-09T09:00:00Z,2025-12-09T10:00:00+01:00,1,01:00:00,1,01:00:00,100.0,100.0,2025-12-09T08:00:00Z,2025-12-09T09:00:00+01:00,2025-12-09T09:00:00Z,2025-12-09T10:00:00+01:00
10.349,,,False,1,pm10,µg/m³,,raw,01:00:00,2025-12-09T09:00:00Z,2025-12-09T10:00:00+01:00,2025-12-09T10:00:00Z,2025-12-09T11:00:00+01:00,1,01:00:00,1,01:00:00,100.0,100.0,2025-12-09T09:00:00Z,2025-12-09T10:00:00+01:00,2025-12-09T10:00:00Z,2025-12-09T11:00:00+01:00
5.828,,,False,1,pm10,µg/m³,,raw,01:00:00,2025-12-09T10:00:00Z,2025-12-09T11:00:00+01:00,2025-12-09T11:00:00Z,2025-12-09T12:00:00+01:00,1,01:00:00,1,01:00:00,100.0,100.0,2025-12-09T10:00:00Z,2025-12-09T11:00:00+01:00,2025-12-09T11:00:00Z,2025-12-09T12:00:00+01:00
8.853,,,False,1,pm10,µg/m³,,raw,01:00:00,2025-12-09T11:00:00Z,2025-12-09T12:00:00+01:00,2025-12-09T12:00:00Z,2025-12-09T13:00:00+01:00,1,01:00:00,1,01:00:00,100.0,100.0,2025-12-09T11:00:00Z,2025-12-09T12:00:00+01:00,2025-12-09T12:00:00Z,2025-12-09T13:00:00+01:00
12.232,,,False,1,pm10,µg/m³,,raw,01:00:00,2025-12-09T12:00:00Z,2025-12-09T13:00:00+01:00,2025-12-09T13:00:00Z,2025-12-09T14:00:00+01:00,1,01:00:00,1,01:00:00,100.0,100.0,2025-12-09T12:00:00Z,2025-12-09T13:00:00+01:00,2025-12-09T13:00:00Z,2025-12-09T14:00:00+01:00
14.148,,,False,1,pm10,µg/m³,,raw,01:00:00,2025-12-09T13:00:00Z,2025-12-09T14:00:00+01:00,2025-12-09T14:00:00Z,2025-12-09T15:00:00+01:00,1,01:00:00,1,01:00:00,100.0,100.0,2025-12-09T13:00:00Z,2025-12-09T14:00:00+01:00,2025-12-09T14:00:00Z,2025-12-09T15:00:00+01:00
13.391,,,False,1,pm10,µg/m³,,raw,01:00:00,2025-12-09T14:00:00Z,2025-12-09T15:00:00+01:00,2025-12-09T15:00:00Z,2025-12-09T16:00:00+01:00,1,01:00:00,1,01:00:00,100.0,100.0,2025-12-09T14:00:00Z,2025-12-09T15:00:00+01:00,2025-12-09T15:00:00Z,2025-12-09T16:00:00+01:00
20.803,,,False,1,pm10,µg/m³,,raw,01:00:00,2025-12-09T15:00:00Z,2025-12-09T16:00:00+01:00,2025-12-09T16:00:00Z,2025-12-09T17:00:00+01:00,1,01:00:00,1,01:00:00,100.0,100.0,2025-12-09T15:00:00Z,2025-12-09T16:00:00+01:00,2025-12-09T16:00:00Z,2025-12-09T17:00:00+01:00
28.27,,,False,1,pm10,µg/m³,,raw,01:00:00,2025-12-09T16:00:00Z,2025-12-09T17:00:00+01:00,2025-12-09T17:00:00Z,2025-12-09T18:00:00+01:00,1,01:00:00,1,01:00:00,100.0,100.0,2025-12-09T16:00:00Z,2025-12-09T17:00:00+01:00,2025-12-09T17:00:00Z,2025-12-09T18:00:00+01:00
11.629,,,False,1,pm10,µg/m³,,raw,01:00:00,2025-12-09T17:00:00Z,2025-12-09T18:00:00+01:00,2025-12-09T18:00:00Z,2025-12-09T19:00:00+01:00,1,01:00:00,1,01:00:00,100.0,100.0,2025-12-09T17:00:00Z,2025-12-09T18:00:00+01:00,2025-12-09T18:00:00Z,2025-12-09T19:00:00+01:00
10.836,,,False,1,pm10,µg/m³,,raw,01:00:00,2025-12-09T18:00:00Z,2025-12-09T19:00:00+01:00,2025-12-09T19:00:00Z,2025-12-09T20:00:00+01:00,1,01:00:00,1,01:00:00,100.0,100.0,2025-12-09T18:00:00Z,2025-12-09T19:00:00+01:00,2025-12-09T19:00:00Z,2025-12-09T20:00:00+01:00
11.084,,,False,1,pm10,µg/m³,,raw,01:00:00,2025-12-09T19:00:00Z,2025-12-09T20:00:00+01:00,2025-12-09T20:00:00Z,2025-12-09T21:00:00+01:00,1,01:00:00,1,01:00:00,100.0,100.0,2025-12-09T19:00:00Z,2025-12-09T20:00:00+01:00,2025-12-09T20:00:00Z,2025-12-09T21:00:00+01:00
10.026,,,False,1,pm10,µg/m³,,raw,01:00:00,2025-12-09T20:00:00Z,2025-12-09T21:00:00+01:00,2025-12-09T21:00:00Z,2025-12-09T22:00:00+01:00,1,01:00:00,1,01:00:00,100.0,100.0,2025-12-09T20:00:00Z,2025-12-09T21:00:00+01:00,2025-12-09T21:00:00Z,2025-12-09T22:00:00+01:00
4.605,,,False,1,pm10,µg/m³,,raw,01:00:00,2025-12-09T21:00:00Z,2025-12-09T22:00:00+01:00,2025-12-09T22:00:00Z,2025-12-09T23:00:00+01:00,1,01:00:00,1,01:00:00,100.0,100.0,2025-12-09T21:00:00Z,2025-12-09T22:00:00+01:00,2025-12-09T22:00:00Z,2025-12-09T23:00:00+01:00
6.744,,,False,1,pm10,µg/m³,,raw,01:00:00,2025-12-09T22:00:00Z,2025-12-09T23:00:00+01:00,2025-12-09T23:00:00Z,2025-12-10T00:00:00+01:00,1,01:00:00,1,01:00:00,100.0,100.0,2025-12-09T22:00:00Z,2025-12-09T23:00:00+01:00,2025-12-09T23:00:00Z,2025-12-10T00:00:00+01:00
10.411,,,False,1,pm10,µg/m³,,raw,01:00:00,2025-12-09T23:00:00Z,2025-12-10T00:00:00+01:00,2025-12-10T00:00:00Z,2025-12-10T01:00:00+01:00,1,01:00:00,1,01:00:00,100.0,100.0,2025-12-09T23:00:00Z,2025-12-10T00:00:00+01:00,2025-12-10T00:00:00Z,2025-12-10T01:00:00+01:00
4.56,,,False,1,pm10,µg/m³,,raw,01:00:00,2025-12-10T00:00:00Z,2025-12-10T01:00:00+01:00,2025-12-10T01:00:00Z,2025-12-10T02:00:00+01:00,1,01:00:00,1,01:00:00,100.0,100.0,2025-12-10T00:00:00Z,2025-12-10T01:00:00+01:00,2025-12-10T01:00:00Z,2025-12-10T02:00:00+01:00
1.808,,,False,1,pm10,µg/m³,,raw,01:00:00,2025-12-10T02:00:00Z,2025-12-10T03:00:00+01:00,2025-12-10T03:00:00Z,2025-12-10T04:00:00+01:00,1,01:00:00,1,01:00:00,100.0,100.0,2025-12-10T02:00:00Z,2025-12-10T03:00:00+01:00,2025-12-10T03:00:00Z,2025-12-10T04:00:00+01:00
5.341,,,False,1,pm10,µg/m³,,raw,01:00:00,2025-12-10T03:00:00Z,2025-12-10T04:00:00+01:00,2025-12-10T04:00:00Z,2025-12-10T05:00:00+01:00,1,01:00:00,1,01:00:00,100.0,100.0,2025-12-10T03:00:00Z,2025-12-10T04:00:00+01:00,2025-12-10T04:00:00Z,2025-12-10T05:00:00+01:00
6.553,,,False,1,pm10,µg/m³,,raw,01:00:00,2025-12-10T05:00:00Z,2025-12-10T06:00:00+01:00,2025-12-10T06:00:00Z,2025-12-10T07:00:00+01:00,1,01:00:00,1,01:00:00,100.0,100.0,2025-12-10T05:00:00Z,2025-12-10T06:00:00+01:00,2025-12-10T06:00:00Z,2025-12-10T07:00:00+01:00
6.725,,,False,1,pm10,µg/m³,,raw,01:00:00,2025-12-10T06:00:00Z,2025-12-10T07:00:00+01:00,2025-12-10T07:00:00Z,2025-12-10T08:00:00+01:00,1,01:00:00,1,01:00:00,100.0,100.0,2025-12-10T06:00:00Z,2025-12-10T07:00:00+01:00,2025-12-10T07:00:00Z,2025-12-10T08:00:00+01:00
12.563,,,False,1,pm10,µg/m³,,raw,01:00:00,2025-12-10T07:00:00Z,2025-12-10T08:00:00+01:00,2025-12-10T08:00:00Z,2025-12-10T09:00:00+01:00,1,01:00:00,1,01:00:00,100.0,100.0,2025-12-10T07:00:00Z,2025-12-10T08:00:00+01:00,2025-12-10T08:00:00Z,2025-12-10T09:00:00+01:00
18.859,,,False,1,pm10,µg/m³,,raw,01:00:00,2025-12-10T08:00:00Z,2025-12-10T09:00:00+01:00,2025-12-10T09:00:00Z,2025-12-10T10:00:00+01:00,1,01:00:00,1,01:00:00,100.0,100.0,2025-12-10T08:00:00Z,2025-12-10T09:00:00+01:00,2025-12-10T09:00:00Z,2025-12-10T10:00:00+01:00
17.84,,,False,1,pm10,µg/m³,,raw,01:00:00,2025-12-10T09:00:00Z,2025-12-10T10:00:00+01:00,2025-12-10T10:00:00Z,2025-12-10T11:00:00+01:00,1,01:00:00,1,01:00:00,100.0,100.0,2025-12-10T09:00:00Z,2025-12-10T10:00:00+01:00,2025-12-10T10:00:00Z,2025-12-10T11:00:00+01:00
18.518,,,False,1,pm10,µg/m³,,raw,01:00:00,2025-12-10T10:00:00Z,2025-12-10T11:00:00+01:00,2025-12-10T11:00:00Z,2025-12-10T12:00:00+01:00,1,01:00:00,1,01:00:00,100.0,100.0,2025-12-10T10:00:00Z,2025-12-10T11:00:00+01:00,2025-12-10T11:00:00Z,2025-12-10T12:00:00+01:00
20.895,,,False,1,pm10,µg/m³,,raw,01:00:00,2025-12-10T11:00:00Z,2025-12-10T12:00:00+01:00,2025-12-10T12:00:00Z,2025-12-10T13:00:00+01:00,1,01:00:00,1,01:00:00,100.0,100.0,2025-12-10T11:00:00Z,2025-12-10T12:00:00+01:00,2025-12-10T12:00:00Z,2025-12-10T13:00:00+01:00
22.083,,,False,1,pm10,µg/m³,,raw,01:00:00,2025-12-10T12:00:00Z,2025-12-10T13:00:00+01:00,2025-12-10T13:00:00Z,2025-12-10T14:00:00+01:00,1,01:00:00,1,01:00:00,100.0,100.0,2025-12-10T12:00:00Z,2025-12-10T13:00:00+01:00,2025-12-10T13:00:00Z,2025-12-10T14:00:00+01:00
17.394,,,False,1,pm10,µg/m³,,raw,01:00:00,2025-12-10T13:00:00Z,2025-12-10T14:00:00+01:00,2025-12-10T14:00:00Z,2025-12-10T15:00:00+01:00,1,01:00:00,1,01:00:00,100.0,100.0,2025-12-10T13:00:00Z,2025-12-10T14:00:00+01:00,2025-12-10T14:00:00Z,2025-12-10T15:00:00+01:00
17.652,,,False,1,pm10,µg/m³,,raw,01:00:00,2025-12-10T14:00:00Z,2025-12-10T15:00:00+01:00,2025-12-10T15:00:00Z,2025-12-10T16:00:00+01:00,1,01:00:00,1,01:00:00,100.0,100.0,2025-12-10T14:00:00Z,2025-12-10T15:00:00+01:00,2025-12-10T15:00:00Z,2025-12-10T16:00:00+01:00
16.346,,,False,1,pm10,µg/m³,,raw,01:00:00,2025-12-10T15:00:00Z,2025-12-10T16:00:00+01:00,2025-12-10T16:00:00Z,2025-12-10T17:00:00+01:00,1,01:00:00,1,01:00:00,100.0,100.0,2025-12-10T15:00:00Z,2025-12-10T16:00:00+01:00,2025-12-10T16:00:00Z,2025-12-10T17:00:00+01:00
14.175,,,False,1,pm10,µg/m³,,raw,01:00:00,2025-12-10T16:00:00Z,2025-12-10T17:00:00+01:00,2025-12-10T17:00:00Z,2025-12-10T18:00:00+01:00,1,01:00:00,1,01:00:00,100.0,100.0,2025-12-10T16:00:00Z,2025-12-10T17:00:00+01:00,2025-12-10T17:00:00Z,2025-12-10T18:00:00+01:00
13.823,,,False,1,pm10,µg/m³,,raw,01:00:00,2025-12-10T17:00:00Z,2025-12-10T18:00:00+01:00,2025-12-10T18:00:00Z,2025-12-10T19:00:00+01:00,1,01:00:00,1,01:00:00,100.0,100.0,2025-12-10T17:00:00Z,2025-12-10T18:00:00+01:00,2025-12-10T18:00:00Z,2025-12-10T19:00:00+01:00
13.862,,,False,1,pm10,µg/m³,,raw,01:00:00,2025-12-10T18:00:00Z,2025-12-10T19:00:00+01:00,2025-12-10T19:00:00Z,2025-12-10T20:00:00+01:00,1,01:00:00,1,01:00:00,100.0,100.0,2025-12-10T18:00:00Z,2025-12-10T19:00:00+01:00,2025-12-10T19:00:00Z,2025-12-10T20:00:00+01:00
13.852,,,False,1,pm10,µg/m³,,raw,01:00:00,2025-12-10T19:00:00Z,2025-12-10T20:00:00+01:00,2025-12-10T20:00:00Z,2025-12-10T21:00:00+01:00,1,01:00:00,1,01:00:00,100.0,100.0,2025-12-10T19:00:00Z,2025-12-10T20:00:00+01:00,2025-12-10T20:00:00Z,2025-12-10T21:00:00+01:00
12.19,,,False,1,pm10,µg/m³,,raw,01:00:00,2025-12-10T20:00:00Z,2025-12-10T21:00:00+01:00,2025-12-10T21:00:00Z,2025-12-10T22:00:00+01:00,1,01:00:00,1,01:00:00,100.0,100.0,2025-12-10T20:00:00Z,2025-12-10T21:00:00+01:00,2025-12-10T21:00:00Z,2025-12-10T22:00:00+01:00
11.453,,,False,1,pm10,µg/m³,,raw,01:00:00,2025-12-10T21:00:00Z,2025-12-10T22:00:00+01:00,2025-12-10T22:00:00Z,2025-12-10T23:00:00+01:00,1,01:00:00,1,01:00:00,100.0,100.0,2025-12-10T21:00:00Z,2025-12-10T22:00:00+01:00,2025-12-10T22:00:00Z,2025-12-10T23:00:00+01:00
1.77,,,False,1,pm10,µg/m³,,raw,01:00:00,2025-12-10T22:00:00Z,2025-12-10T23:00:00+01:00,2025-12-10T23:00:00Z,2025-12-11T00:00:00+01:00,1,01:00:00,1,01:00:00,100.0,100.0,2025-12-10T22:00:00Z,2025-12-10T23:00:00+01:00,2025-12-10T23:00:00Z,2025-12-11T00:00:00+01:00
8.18,,,False,1,pm10,µg/m³,,raw,01:00:00,2025-12-10T23:00:00Z,2025-12-11T00:00:00+01:00,2025-12-11T00:00:00Z,2025-12-11T01:00:00+01:00,1,01:00:00,1,01:00:00,100.0,100.0,2025-12-10T23:00:00Z,2025-12-11T00:00:00+01:00,2025-12-11T00:00:00Z,2025-12-11T01:00:00+01:00
5.774,,,False,1,pm10,µg/m³,,raw,01:00:00,2025-12-11T00:00:00Z,2025-12-11T01:00:00+01:00,2025-12-11T01:00:00Z,2025-12-11T02:00:00+01:00,1,01:00:00,1,01:00:00,100.0,100.0,2025-12-11T00:00:00Z,2025-12-11T01:00:00+01:00,2025-12-11T01:00:00Z,2025-12-11T02:00:00+01:00
6.363,,,False,1,pm10,µg/m³,,raw,01:00:00,2025-12-11T01:00:00Z,2025-12-11T02:00:00+01:00,2025-12-11T02:00:00Z,2025-12-11T03:00:00+01:00,1,01:00:00,1,01:00:00,100.0,100.0,2025-12-11T01:00:00Z,2025-12-11T02:00:00+01:00,2025-12-11T02:00:00Z,2025-12-11T03:00:00+01:00
4.887,,,False,1,pm10,µg/m³,,raw,01:00:00,2025-12-11T02:00:00Z,2025-12-11T03:00:00+01:00,2025-12-11T03:00:00Z,2025-12-11T04:00:00+01:00,1,01:00:00,1,01:00:00,100.0,100.0,2025-12-11T02:00:00Z,2025-12-11T03:00:00+01:00,2025-12-11T03:00:00Z,2025-12-11T04:00:00+01:00
6.374,,,False,1,pm10,µg/m³,,raw,01:00:00,2025-12-11T03:00:00Z,2025-12-11T04:00:00+01:00,2025-12-11T04:00:00Z,2025-12-11T05:00:00+01:00,1,01:00:00,1,01:00:00,100.0,100.0,2025-12-11T03:00:00Z,2025-12-11T04:00:00+01:00,2025-12-11T04:00:00Z,2025-12-11T05:00:00+01:00
6.623,,,False,1,pm10,µg/m³,,raw,01:00:00,2025-12-11T04:00:00Z,2025-12-11T05:00:00+01:00,2025-12-11T05:00:00Z,2025-12-11T06:00:00+01:00,1,01:00:00,1,01:00:00,100.0,100.0,2025-12-11T04:00:00Z,2025-12-11T05:00:00+01:00,2025-12-11T05:00:00Z,2025-12-11T06:00:00+01:00
8.732,,,False,1,pm10,µg/m³,,raw,01:00:00,2025-12-11T05:00:00Z,2025-12-11T06:00:00+01:00,2025-12-11T06:00:00Z,2025-12-11T07:00:00+01:00,1,01:00:00,1,01:00:00,100.0,100.0,2025-12-11T05:00:00Z,2025-12-11T06:00:00+01:00,2025-12-11T06:00:00Z,2025-12-11T07:00:00+01:00
12.661,,,False,1,pm10,µg/m³,,raw,01:00:00,2025-12-11T07:00:00Z,2025-12-11T08:00:00+01:00,2025-12-11T08:00:00Z,2025-12-11T09:00:00+01:00,1,01:00:00,1,01:00:00,100.0,100.0,2025-12-11T07:00:00Z,2025-12-11T08:00:00+01:00,2025-12-11T08:00:00Z,2025-12-11T09:00:00+01:00
12.193,,,False,1,pm10,µg/m³,,raw,01:00:00,2025-12-11T08:00:00Z,2025-12-11T09:00:00+01:00,2025-12-11T09:00:00Z,2025-12-11T10:00:00+01:00,1,01:00:00,1,01:00:00,100.0,100.0,2025-12-11T08:00:00Z,2025-12-11T09:00:00+01:00,2025-12-11T09:00:00Z,2025-12-11T10:00:00+01:00
12.496,,,False,1,pm10,µg/m³,,raw,01:00:00,2025-12-11T09:00:00Z,2025-12-11T10:00:00+01:00,2025-12-11T10:00:00Z,2025-12-11T11:00:00+01:00,1,01:00:00,1,01:00:00,100.0,100.0,2025-12-11T09:00:00Z,2025-12-11T10:00:00+01:00,2025-12-11T10:00:00Z,2025-12-11T11:00:00+01:00
17.278,,,False,1,pm10,µg/m³,,raw,01:00:00,2025-12-11T10:00:00Z,2025-12-11T11:00:00+01:00,2025-12-11T11:00:00Z,2025-12-11T12:00:00+01:00,1,01:00:00,1,01:00:00,100.0,100.0,2025-12-11T10:00:00Z,2025-12-11T11:00:00+01:00,2025-12-11T11:00:00Z,2025-12-11T12:00:00+01:00
11.25,,,False,1,pm10,µg/m³,,raw,01:00:00,2025-12-11T11:00:00Z,2025-12-11T12:00:00+01:00,2025-12-11T12:00:00Z,2025-12-11T13:00:00+01:00,1,01:00:00,1,01:00:00,100.0,100.0,2025-12-11T11:00:00Z,2025-12-11T12:00:00+01:00,2025-12-11T12:00:00Z,2025-12-11T13:00:00+01:00
9.225,,,False,1,pm10,µg/m³,,raw,01:00:00,2025-12-11T12:00:00Z,2025-12-11T13:00:00+01:00,2025-12-11T13:00:00Z,2025-12-11T14:00:00+01:00,1,01:00:00,1,01:00:00,100.0,100.0,2025-12-11T12:00:00Z,2025-12-11T13:00:00+01:00,2025-12-11T13:00:00Z,2025-12-11T14:00:00+01:00
12.617,,,False,1,pm10,µg/m³,,raw,01:00:00,2025-12-11T13:00:00Z,2025-12-11T14:00:00+01:00,2025-12-11T14:00:00Z,2025-12-11T15:00:00+01:00,1,01:00:00,1,01:00:00,100.0,100.0,2025-12-11T13:00:00Z,2025-12-11T14:00:00+01:00,2025-12-11T14:00:00Z,2025-12-11T15:00:00+01:00
13.866,,,False,1,pm10,µg/m³,,raw,01:00:00,2025-12-11T14:00:00Z,2025-12-11T15:00:00+01:00,2025-12-11T15:00:00Z,2025-12-11T16:00:00+01:00,1,01:00:00,1,01:00:00,100.0,100.0,2025-12-11T14:00:00Z,2025-12-11T15:00:00+01:00,2025-12-11T15:00:00Z,2025-12-11T16:00:00+01:00
22.391,,,False,1,pm10,µg/m³,,raw,01:00:00,2025-12-11T15:00:00Z,2025-12-11T16:00:00+01:00,2025-12-11T16:00:00Z,2025-12-11T17:00:00+01:00,1,01:00:00,1,01:00:00,100.0,100.0,2025-12-11T15:00:00Z,2025-12-11T16:00:00+01:00,2025-12-11T16:00:00Z,2025-12-11T17:00:00+01:00
23.562,,,False,1,pm10,µg/m³,,raw,01:00:00,2025-12-11T16:00:00Z,2025-12-11T17:00:00+01:00,2025-12-11T17:00:00Z,2025-12-11T18:00:00+01:00,1,01:00:00,1,01:00:00,100.0,100.0,2025-12-11T16:00:00Z,2025-12-11T17:00:00+01:00,2025-12-11T17:00:00Z,2025-12-11T18:00:00+01:00
30.796,,,False,1,pm10,µg/m³,,raw,01:00:00,2025-12-11T17:00:00Z,2025-12-11T18:00:00+01:00,2025-12-11T18:00:00Z,2025-12-11T19:00:00+01:00,1,01:00:00,1,01:00:00,100.0,100.0,2025-12-11T17:00:00Z,2025-12-11T18:00:00+01:00,2025-12-11T18:00:00Z,2025-12-11T19:00:00+01:00
32.467,,,False,1,pm10,µg/m³,,raw,01:00:00,2025-12-11T18:00:00Z,2025-12-11T19:00:00+01:00,2025-12-11T19:00:00Z,2025-12-11T20:00:00+01:00,1,01:00:00,1,01:00:00,100.0,100.0,2025-12-11T18:00:00Z,2025-12-11T19:00:00+01:00,2025-12-11T19:00:00Z,2025-12-11T20:00:00+01:00
33.029,,,False,1,pm10,µg/m³,,raw,01:00:00,2025-12-11T19:00:00Z,2025-12-11T20:00:00+01:00,2025-12-11T20:00:00Z,2025-12-11T21:00:00+01:00,1,01:00:00,1,01:00:00,100.0,100.0,2025-12-11T19:00:00Z,2025-12-11T20:00:00+01:00,2025-12-11T20:00:00Z,2025-12-11T21:00:00+01:00
15.672,,,False,1,pm10,µg/m³,,raw,01:00:00,2025-12-11T20:00:00Z,2025-12-11T21:00:00+01:00,2025-12-11T21:00:00Z,2025-12-11T22:00:00+01:00,1,01:00:00,1,01:00:00,100.0,100.0,2025-12-11T20:00:00Z,2025-12-11T21:00:00+01:00,2025-12-11T21:00:00Z,2025-12-11T22:00:00+01:00
15.184,,,False,1,pm10,µg/m³,,raw,01:00:00,2025-12-11T21:00:00Z,2025-12-11T22:00:00+01:00,2025-12-11T22:00:00Z,2025-12-11T23:00:00+01:00,1,01:00:00,1,01:00:00,100.0,100.0,2025-12-11T21:00:00Z,2025-12-11T22:00:00+01:00,2025-12-11T22:00:00Z,2025-12-11T23:00:00+01:00
23.079,,,False,1,pm10,µg/m³,,raw,01:00:00,2025-12-11T22:00:00Z,2025-12-11T23:00:00+01:00,2025-12-11T23:00:00Z,2025-12-12T00:00:00+01:00,1,01:00:00,1,01:00:00,100.0,100.0,2025-12-11T22:00:00Z,2025-12-11T23:00:00+01:00,2025-12-11T23:00:00Z,2025-12-12T00:00:00+01:00
25.746,,,False,1,pm10,µg/m³,,raw,01:00:00,2025-12-11T23:00:00Z,2025-12-12T00:00:00+01:00,2025-12-12T00:00:00Z,2025-12-12T01:00:00+01:00,1,01:00:00,1,01:00:00,100.0,100.0,2025-12-11T23:00:00Z,2025-12-12T00:00:00+01:00,2025-12-12T00:00:00Z,2025-12-12T01:00:00+01:00
15.97,,,False,1,pm10,µg/m³,,raw,01:00:00,2025-12-12T00:00:00Z,2025-12-12T01:00:00+01:00,2025-12-12T01:00:00Z,2025-12-12T02:00:00+01:00,1,01:00:00,1,01:00:00,100.0,100.0,2025-12-12T00:00:00Z,2025-12-12T01:00:00+01:00,2025-12-12T01:00:00Z,2025-12-12T02:00:00+01:00
13.948,,,False,1,pm10,µg/m³,,raw,01:00:00,2025-12-12T01:00:00Z,2025-12-12T02:00:00+01:00,2025-12-12T02:00:00Z,2025-12-12T03:00:00+01:00,1,01:00:00,1,01:00:00,100.0,100.0,2025-12-12T01:00:00Z,2025-12-12T02:00:00+01:00,2025-12-12T02:00:00Z,2025-12-12T03:00:00+01:00
13.044,,,False,1,pm10,µg/m³,,raw,01:00:00,2025-12-12T02:00:00Z,2025-12-12T03:00:00+01:00,2025-12-12T03:00:00Z,2025-12-12T04:00:00+01:00,1,01:00:00,1,01:00:00,100.0,100.0,2025-12-12T02:00:00Z,2025-12-12T03:00:00+01:00,2025-12-12T03:00:00Z,2025-12-12T04:00:00+01:00
16.778,,,False,1,pm10,µg/m³,,raw,01:00:00,2025-12-12T03:00:00Z,2025-12-12T04:00:00+01:00,2025-12-12T04:00:00Z,2025-12-12T05:00:00+01:00,1,01:00:00,1,01:00:00,100.0,100.0,2025-12-12T03:00:00Z,2025-12-12T04:00:00+01:00,2025-12-12T04:00:00Z,2025-12-12T05:00:00+01:00
12.303,,,False,1,pm10,µg/m³,,raw,01:00:00,2025-12-12T04:00:00Z,2025-12-12T05:00:00+01:00,2025-12-12T05:00:00Z,2025-12-12T06:00:00+01:00,1,01:00:00,1,01:00:00,100.0,100.0,2025-12-12T04:00:00Z,2025-12-12T05:00:00+01:00,2025-12-12T05:00:00Z,2025-12-12T06:00:00+01:00
20.165,,,False,1,pm10,µg/m³,,raw,01:00:00,2025-12-12T05:00:00Z,2025-12-12T06:00:00+01:00,2025-12-12T06:00:00Z,2025-12-12T07:00:00+01:00,1,01:00:00,1,01:00:00,100.0,100.0,2025-12-12T05:00:00Z,2025-12-12T06:00:00+01:00,2025-12-12T06:00:00Z,2025-12-12T07:00:00+01:00
26.172,,,False,1,pm10,µg/m³,,raw,01:00:00,2025-12-12T06:00:00Z,2025-12-12T07:00:00+01:00,2025-12-12T07:00:00Z,2025-12-12T08:00:00+01:00,1,01:00:00,1,01:00:00,100.0,100.0,2025-12-12T06:00:00Z,2025-12-12T07:00:00+01:00,2025-12-12T07:00:00Z,2025-12-12T08:00:00+01:00
23.259,,,False,1,pm10,µg/m³,,raw,01:00:00,2025-12-12T07:00:00Z,2025-12-12T08:00:00+01:00,2025-12-12T08:00:00Z,2025-12-12T09:00:00+01:00,1,01:00:00,1,01:00:00,100.0,100.0,2025-12-12T07:00:00Z,2025-12-12T08:00:00+01:00,2025-12-12T08:00:00Z,2025-12-12T09:00:00+01:00
16.879,,,False,1,pm10,µg/m³,,raw,01:00:00,2025-12-12T08:00:00Z,2025-12-12T09:00:00+01:00,2025-12-12T09:00:00Z,2025-12-12T10:00:00+01:00,1,01:00:00,1,01:00:00,100.0,100.0,2025-12-12T08:00:00Z,2025-12-12T09:00:00+01:00,2025-12-12T09:00:00Z,2025-12-12T10:00:00+01:00
15.643,,,False,1,pm10,µg/m³,,raw,01:00:00,2025-12-12T09:00:00Z,2025-12-12T10:00:00+01:00,2025-12-12T10:00:00Z,2025-12-12T11:00:00+01:00,1,01:00:00,1,01:00:00,100.0,100.0,2025-12-12T09:00:00Z,2025-12-12T10:00:00+01:00,2025-12-12T10:00:00Z,2025-12-12T11:00:00+01:00
16.805,,,False,1,pm10,µg/m³,,raw,01:00:00,2025-12-12T10:00:00Z,2025-12-12T11:00:00+01:00,2025-12-12T11:00:00Z,2025-12-12T12:00:00+01:00,1,01:00:00,1,01:00:00,100.0,100.0,2025-12-12T10:00:00Z,2025-12-12T11:00:00+01:00,2025-12-12T11:00:00Z,2025-12-12T12:00:00+01:00
16.943,,,False,1,pm10,µg/m³,,raw,01:00:00,2025-12-12T13:00:00Z,2025-12-12T14:00:00+01:00,2025-12-12T14:00:00Z,2025-12-12T15:00:00+01:00,1,01:00:00,1,01:00:00,100.0,100.0,2025-12-12T13:00:00Z,2025-12-12T14:00:00+01:00,2025-12-12T14:00:00Z,2025-12-12T15:00:00+01:00
21.535,,,False,1,pm10,µg/m³,,raw,01:00:00,2025-12-12T15:00:00Z,2025-12-12T16:00:00+01:00,2025-12-12T16:00:00Z,2025-12-12T17:00:00+01:00,1,01:00:00,1,01:00:00,100.0,100.0,2025-12-12T15:00:00Z,2025-12-12T16:00:00+01:00,2025-12-12T16:00:00Z,2025-12-12T17:00:00+01:00
26.897,,,False,1,pm10,µg/m³,,raw,01:00:00,2025-12-12T16:00:00Z,2025-12-12T17:00:00+01:00,2025-12-12T17:00:00Z,2025-12-12T18:00:00+01:00,1,01:00:00,1,01:00:00,100.0,100.0,2025-12-12T16:00:00Z,2025-12-12T17:00:00+01:00,2025-12-12T17:00:00Z,2025-12-12T18:00:00+01:00
25.607,,,False,1,pm10,µg/m³,,raw,01:00:00,2025-12-12T17:00:00Z,2025-12-12T18:00:00+01:00,2025-12-12T18:00:00Z,2025-12-12T19:00:00+01:00,1,01:00:00,1,01:00:00,100.0,100.0,2025-12-12T17:00:00Z,2025-12-12T18:00:00+01:00,2025-12-12T18:00:00Z,2025-12-12T19:00:00+01:00
14.227,,,False,1,pm10,µg/m³,,raw,01:00:00,2025-12-12T18:00:00Z,2025-12-12T19:00:00+01:00,2025-12-12T19:00:00Z,2025-12-12T20:00:00+01:00,1,01:00:00,1,01:00:00,100.0,100.0,2025-12-12T18:00:00Z,2025-12-12T19:00:00+01:00,2025-12-12T19:00:00Z,2025-12-12T20:00:00+01:00
10.486,,,False,1,pm10,µg/m³,,raw,01:00:00,2025-12-12T19:00:00Z,2025-12-12T20:00:00+01:00,2025-12-12T20:00:00Z,2025-12-12T21:00:00+01:00,1,01:00:00,1,01:00:00,100.0,100.0,2025-12-12T19:00:00Z,2025-12-12T20:00:00+01:00,2025-12-12T20:00:00Z,2025-12-12T21:00:00+01:00
24.952,,,False,1,pm10,µg/m³,,raw,01:00:00,2025-12-12T20:00:00Z,2025-12-12T21:00:00+01:00,2025-12-12T21:00:00Z,2025-12-12T22:00:00+01:00,1,01:00:00,1,01:00:00,100.0,100.0,2025-12-12T20:00:00Z,2025-12-12T21:00:00+01:00,2025-12-12T21:00:00Z,2025-12-12T22:00:00+01:00
21.346,,,False,1,pm10,µg/m³,,raw,01:00:00,2025-12-12T21:00:00Z,2025-12-12T22:00:00+01:00,2025-12-12T22:00:00Z,2025-12-12T23:00:00+01:00,1,01:00:00,1,01:00:00,100.0,100.0,2025-12-12T21:00:00Z,2025-12-12T22:00:00+01:00,2025-12-12T22:00:00Z,2025-12-12T23:00:00+01:00
29.175,,,False,1,pm10,µg/m³,,raw,01:00:00,2025-12-12T22:00:00Z,2025-12-12T23:00:00+01:00,2025-12-12T23:00:00Z,2025-12-13T00:00:00+01:00,1,01:00:00,1,01:00:00,100.0,100.0,2025-12-12T22:00:00Z,2025-12-12T23:00:00+01:00,2025-12-12T23:00:00Z,2025-12-13T00:00:00+01:00
19.522,,,False,1,pm10,µg/m³,,raw,01:00:00,2025-12-12T23:00:00Z,2025-12-13T00:00:00+01:00,2025-12-13T00:00:00Z,2025-12-13T01:00:00+01:00,1,01:00:00,1,01:00:00,100.0,100.0,2025-12-12T23:00:00Z,2025-12-13T00:00:00+01:00,2025-12-13T00:00:00Z,2025-12-13T01:00:00+01:00
17.444,,,False,1,pm10,µg/m³,,raw,01:00:00,2025-12-13T00:00:00Z,2025-12-13T01:00:00+01:00,2025-12-13T01:00:00Z,2025-12-13T02:00:00+01:00,1,01:00:00,1,01:00:00,100.0,100.0,2025-12-13T00:00:00Z,2025-12-13T01:00:00+01:00,2025-12-13T01:00:00Z,2025-12-13T02:00:00+01:00
17.12,,,False,1,pm10,µg/m³,,raw,01:00:00,2025-12-13T01:00:00Z,2025-12-13T02:00:00+01:00,2025-12-13T02:00:00Z,2025-12-13T03:00:00+01:00,1,01:00:00,1,01:00:00,100.0,100.0,2025-12-13T01:00:00Z,2025-12-13T02:00:00+01:00,2025-12-13T02:00:00Z,2025-12-13T03:00:00+01:00
11.433,,,False,1,pm10,µg/m³,,raw,01:00:00,2025-12-13T02:00:00Z,2025-12-13T03:00:00+01:00,2025-12-13T03:00:00Z,2025-12-13T04:00:00+01:00,1,01:00:00,1,01:00:00,100.0,100.0,2025-12-13T02:00:00Z,2025-12-13T03:00:00+01:00,2025-12-13T03:00:00Z,2025-12-13T04:00:00+01:00
6.392,,,False,1,pm10,µg/m³,,raw,01:00:00,2025-12-13T03:00:00Z,2025-12-13T04:00:00+01:00,2025-12-13T04:00:00Z,2025-12-13T05:00:00+01:00,1,01:00:00,1,01:00:00,100.0,100.0,2025-12-13T03:00:00Z,2025-12-13T04:00:00+01:00,2025-12-13T04:00:00Z,2025-12-13T05:00:00+01:00
6.51,,,False,1,pm10,µg/m³,,raw,01:00:00,2025-12-13T04:00:00Z,2025-12-13T05:00:00+01:00,2025-12-13T05:00:00Z,2025-12-13T06:00:00+01:00,1,01:00:00,1,01:00:00,100.0,100.0,2025-12-13T04:00:00Z,2025-12-13T05:00:00+01:00,2025-12-13T05:00:00Z,2025-12-13T06:00:00+01:00
11.096,,,False,1,pm10,µg/m³,,raw,01:00:00,2025-12-13T06:00:00Z,2025-12-13T07:00:00+01:00,2025-12-13T07:00:00Z,2025-12-13T08:00:00+01:00,1,01:00:00,1,01:00:00,100.0,100.0,2025-12-13T06:00:00Z,2025-12-13T07:00:00+01:00,2025-12-13T07:00:00Z,2025-12-13T08:00:00+01:00
9.474,,,False,1,pm10,µg/m³,,raw,01:00:00,2025-12-13T07:00:00Z,2025-12-13T08:00:00+01:00,2025-12-13T08:00:00Z,2025-12-13T09:00:00+01:00,1,01:00:00,1,01:00:00,100.0,100.0,2025-12-13T07:00:00Z,2025-12-13T08:00:00+01:00,2025-12-13T08:00:00Z,2025-12-13T09:00:00+01:00
14.045,,,False,1,pm10,µg/m³,,raw,01:00:00,2025-12-13T08:00:00Z,2025-12-13T09:00:00+01:00,2025-12-13T09:00:00Z,2025-12-13T10:00:00+01:00,1,01:00:00,1,01:00:00,100.0,100.0,2025-12-13T08:00:00Z,2025-12-13T09:00:00+01:00,2025-12-13T09:00:00Z,2025-12-13T10:00:00+01:00
12.829,,,False,1,pm10,µg/m³,,raw,01:00:00,2025-12-13T10:00:00Z,2025-12-13T11:00:00+01:00,2025-12-13T11:00:00Z,2025-12-13T12:00:00+01:00,1,01:00:00,1,01:00:00,100.0,100.0,2025-12-13T10:00:00Z,2025-12-13T11:00:00+01:00,2025-12-13T11:00:00Z,2025-12-13T12:00:00+01:00
7.947,,,False,1,pm10,µg/m³,,raw,01:00:00,2025-12-13T11:00:00Z,2025-12-13T12:00:00+01:00,2025-12-13T12:00:00Z,2025-12-13T13:00:00+01:00,1,01:00:00,1,01:00:00,100.0,100.0,2025-12-13T11:00:00Z,2025-12-13T12:00:00+01:00,2025-12-13T12:00:00Z,2025-12-13T13:00:00+01:00
9.726,,,False,1,pm10,µg/m³,,raw,01:00:00,2025-12-13T12:00:00Z,2025-12-13T13:00:00+01:00,2025-12-13T13:00:00Z,2025-12-13T14:00:00+01:00,1,01:00:00,1,01:00:00,100.0,100.0,2025-12-13T12:00:00Z,2025-12-13T13:00:00+01:00,2025-12-13T13:00:00Z,2025-12-13T14:00:00+01:00
9.73,,,False,1,pm10,µg/m³,,raw,01:00:00,2025-12-13T13:00:00Z,2025-12-13T14:00:00+01:00,2025-12-13T14:00:00Z,2025-12-13T15:00:00+01:00,1,01:00:00,1,01:00:00,100.0,100.0,2025-12-13T13:00:00Z,2025-12-13T14:00:00+01:00,2025-12-13T14:00:00Z,2025-12-13T15:00:00+01:00
11.879,,,False,1,pm10,µg/m³,,raw,01:00:00,2025-12-13T14:00:00Z,2025-12-13T15:00:00+01:00,2025-12-13T15:00:00Z,2025-12-13T16:00:00+01:00,1,01:00:00,1,01:00:00,100.0,100.0,2025-12-13T14:00:00Z,2025-12-13T15:00:00+01:00,2025-12-13T15:00:00Z,2025-12-13T16:00:00+01:00
15.945,,,False,1,pm10,µg/m³,,raw,01:00:00,2025-12-13T15:00:00Z,2025-12-13T16:00:00+01:00,2025-12-13T16:00:00Z,2025-12-13T17:00:00+01:00,1,01:00:00,1,01:00:00,100.0,100.0,2025-12-13T15:00:00Z,2025-12-13T16:00:00+01:00,2025-12-13T16:00:00Z,2025-12-13T17:00:00+01:00
15.655,,,False,1,pm10,µg/m³,,raw,01:00:00,2025-12-13T16:00:00Z,2025-12-13T17:00:00+01:00,2025-12-13T17:00:00Z,2025-12-13T18:00:00+01:00,1,01:00:00,1,01:00:00,100.0,100.0,2025-12-13T16:00:00Z,2025-12-13T17:00:00+01:00,2025-12-13T17:00:00Z,2025-12-13T18:00:00+01:00
14.055,,,False,1,pm10,µg/m³,,raw,01:00:00,2025-12-13T17:00:00Z,2025-12-13T18:00:00+01:00,2025-12-13T18:00:00Z,2025-12-13T19:00:00+01:00,1,01:00:00,1,01:00:00,100.0,100.0,2025-12-13T17:00:00Z,2025-12-13T18:00:00+01:00,2025-12-13T18:00:00Z,2025-12-13T19:00:00+01:00
18.118,,,False,1,pm10,µg/m³,,raw,01:00:00,2025-12-13T18:00:00Z,2025-12-13T19:00:00+01:00,2025-12-13T19:00:00Z,2025-12-13T20:00:00+01:00,1,01:00:00,1,01:00:00,100.0,100.0,2025-12-13T18:00:00Z,2025-12-13T19:00:00+01:00,2025-12-13T19:00:00Z,2025-12-13T20:00:00+01:00
14.694,,,False,1,pm10,µg/m³,,raw,01:00:00,2025-12-13T19:00:00Z,2025-12-13T20:00:00+01:00,2025-12-13T20:00:00Z,2025-12-13T21:00:00+01:00,1,01:00:00,1,01:00:00,100.0,100.0,2025-12-13T19:00:00Z,2025-12-13T20:00:00+01:00,2025-12-13T20:00:00Z,2025-12-13T21:00:00+01:00
15.406,,,False,1,pm10,µg/m³,,raw,01:00:00,2025-12-13T20:00:00Z,2025-12-13T21:00:00+01:00,2025-12-13T21:00:00Z,2025-12-13T22:00:00+01:00,1,01:00:00,1,01:00:00,100.0,100.0,2025-12-13T20:00:00Z,2025-12-13T21:00:00+01:00,2025-12-13T21:00:00Z,2025-12-13T22:00:00+01:00
10.222,,,False,1,pm10,µg/m³,,raw,01:00:00,2025-12-13T21:00:00Z,2025-12-13T22:00:00+01:00,2025-12-13T22:00:00Z,2025-12-13T23:00:00+01:00,1,01:00:00,1,01:00:00,100.0,100.0,2025-12-13T21:00:00Z,2025-12-13T22:00:00+01:00,2025-12-13T22:00:00Z,2025-12-13T23:00:00+01:00
11.412,,,False,1,pm10,µg/m³,,raw,01:00:00,2025-12-13T22:00:00Z,2025-12-13T23:00:00+01:00,2025-12-13T23:00:00Z,2025-12-14T00:00:00+01:00,1,01:00:00,1,01:00:00,100.0,100.0,2025-12-13T22:00:00Z,2025-12-13T23:00:00+01:00,2025-12-13T23:00:00Z,2025-12-14T00:00:00+01:00
11.322,,,False,1,pm10,µg/m³,,raw,01:00:00,2025-12-13T23:00:00Z,2025-12-14T00:00:00+01:00,2025-12-14T00:00:00Z,2025-12-14T01:00:00+01:00,1,01:00:00,1,01:00:00,100.0,100.0,2025-12-13T23:00:00Z,2025-12-14T00:00:00+01:00,2025-12-14T00:00:00Z,2025-12-14T01:00:00+01:00
7.464,,,False,1,pm10,µg/m³,,raw,01:00:00,2025-12-14T00:00:00Z,2025-12-14T01:00:00+01:00,2025-12-14T01:00:00Z,2025-12-14T02:00:00+01:00,1,01:00:00,1,01:00:00,100.0,100.0,2025-12-14T00:00:00Z,2025-12-14T01:00:00+01:00,2025-12-14T01:00:00Z,2025-12-14T02:00:00+01:00
5.3,,,False,1,pm10,µg/m³,,raw,01:00:00,2025-12-14T01:00:00Z,2025-12-14T02:00:00+01:00,2025-12-14T02:00:00Z,2025-12-14T03:00:00+01:00,1,01:00:00,1,01:00:00,100.0,100.0,2025-12-14T01:00:00Z,2025-12-14T02:00:00+01:00,2025-12-14T02:00:00Z,2025-12-14T03:00:00+01:00
3.895,,,False,1,pm10,µg/m³,,raw,01:00:00,2025-12-14T02:00:00Z,2025-12-14T03:00:00+01:00,2025-12-14T03:00:00Z,2025-12-14T04:00:00+01:00,1,01:00:00,1,01:00:00,100.0,100.0,2025-12-14T02:00:00Z,2025-12-14T03:00:00+01:00,2025-12-14T03:00:00Z,2025-12-14T04:00:00+01:00
12.548,,,False,1,pm10,µg/m³,,raw,01:00:00,2025-12-14T03:00:00Z,2025-12-14T04:00:00+01:00,2025-12-14T04:00:00Z,2025-12-14T05:00:00+01:00,1,01:00:00,1,01:00:00,100.0,100.0,2025-12-14T03:00:00Z,2025-12-14T04:00:00+01:00,2025-12-14T04:00:00Z,2025-12-14T05:00:00+01:00
7.723,,,False,1,pm10,µg/m³,,raw,01:00:00,2025-12-14T04:00:00Z,2025-12-14T05:00:00+01:00,2025-12-14T05:00:00Z,2025-12-14T06:00:00+01:00,1,01:00:00,1,01:00:00,100.0,100.0,2025-12-14T04:00:00Z,2025-12-14T05:00:00+01:00,2025-12-14T05:00:00Z,2025-12-14T06:00:00+01:00
7.798,,,False,1,pm10,µg/m³,,raw,01:00:00,2025-12-14T05:00:00Z,2025-12-14T06:00:00+01:00,2025-12-14T06:00:00Z,2025-12-14T07:00:00+01:00,1,01:00:00,1,01:00:00,100.0,100.0,2025-12-14T05:00:00Z,2025-12-14T06:00:00+01:00,2025-12-14T06:00:00Z,2025-12-14T07:00:00+01:00
6.236,,,False,1,pm10,µg/m³,,raw,01:00:00,2025-12-14T06:00:00Z,2025-12-14T07:00:00+01:00,2025-12-14T07:00:00Z,2025-12-14T08:00:00+01:00,1,01:00:00,1,01:00:00,100.0,100.0,2025-12-14T06:00:00Z,2025-12-14T07:00:00+01:00,2025-12-14T07:00:00Z,2025-12-14T08:00:00+01:00
8.728,,,False,1,pm10,µg/m³,,raw,01:00:00,2025-12-14T07:00:00Z,2025-12-14T08:00:00+01:00,2025-12-14T08:00:00Z,2025-12-14T09:00:00+01:00,1,01:00:00,1,01:00:00,100.0,100.0,2025-12-14T07:00:00Z,2025-12-14T08:00:00+01:00,2025-12-14T08:00:00Z,2025-12-14T09:00:00+01:00
6.977,,,False,1,pm10,µg/m³,,raw,01:00:00,2025-12-14T08:00:00Z,2025-12-14T09:00:00+01:00,2025-12-14T09:00:00Z,2025-12-14T10:00:00+01:00,1,01:00:00,1,01:00:00,100.0,100.0,2025-12-14T08:00:00Z,2025-12-14T09:00:00+01:00,2025-12-14T09:00:00Z,2025-12-14T10:00:00+01:00
1.871,,,False,1,pm10,µg/m³,,raw,01:00:00,2025-12-14T09:00:00Z,2025-12-14T10:00:00+01:00,2025-12-14T10:00:00Z,2025-12-14T11:00:00+01:00,1,01:00:00,1,01:00:00,100.0,100.0,2025-12-14T09:00:00Z,2025-12-14T10:00:00+01:00,2025-12-14T10:00:00Z,2025-12-14T11:00:00+01:00
8.335,,,False,1,pm10,µg/m³,,raw,01:00:00,2025-12-14T10:00:00Z,2025-12-14T11:00:00+01:00,2025-12-14T11:00:00Z,2025-12-14T12:00:00+01:00,1,01:00:00,1,01:00:00,100.0,100.0,2025-12-14T10:00:00Z,2025-12-14T11:00:00+01:00,2025-12-14T11:00:00Z,2025-12-14T12:00:00+01:00
8.16,,,False,1,pm10,µg/m³,,raw,01:00:00,2025-12-14T11:00:00Z,2025-12-14T12:00:00+01:00,2025-12-14T12:00:00Z,2025-12-14T13:00:00+01:00,1,01:00:00,1,01:00:00,100.0,100.0,2025-12-14T11:00:00Z,2025-12-14T12:00:00+01:00,2025-12-14T12:00:00Z,2025-12-14T13:00:00+01:00
7.728,,,False,1,pm10,µg/m³,,raw,01:00:00,2025-12-14T12:00:00Z,2025-12-14T13:00:00+01:00,2025-12-14T13:00:00Z,2025-12-14T14:00:00+01:00,1,01:00:00,1,01:00:00,100.0,100.0,2025-12-14T12:00:00Z,2025-12-14T13:00:00+01:00,2025-12-14T13:00:00Z,2025-12-14T14:00:00+01:00
13.641,,,False,1,pm10,µg/m³,,raw,01:00:00,2025-12-14T13:00:00Z,2025-12-14T14:00:00+01:00,2025-12-14T14:00:00Z,2025-12-14T15:00:00+01:00,1,01:00:00,1,01:00:00,100.0,100.0,2025-12-14T13:00:00Z,2025-12-14T14:00:00+01:00,2025-12-14T14:00:00Z,2025-12-14T15:00:00+01:00
14.351,,,False,1,pm10,µg/m³,,raw,01:00:00,2025-12-14T14:00:00Z,2025-12-14T15:00:00+01:00,2025-12-14T15:00:00Z,2025-12-14T16:00:00+01:00,1,01:00:00,1,01:00:00,100.0,100.0,2025-12-14T14:00:00Z,2025-12-14T15:00:00+01:00,2025-12-14T15:00:00Z,2025-12-14T16:00:00+01:00
13.43,,,False,1,pm10,µg/m³,,raw,01:00:00,2025-12-14T15:00:00Z,2025-12-14T16:00:00+01:00,2025-12-14T16:00:00Z,2025-12-14T17:00:00+01:00,1,01:00:00,1,01:00:00,100.0,100.0,2025-12-14T15:00:00Z,2025-12-14T16:00:00+01:00,2025-12-14T16:00:00Z,2025-12-14T17:00:00+01:00
13.183,,,False,1,pm10,µg/m³,,raw,01:00:00,2025-12-14T16:00:00Z,2025-12-14T17:00:00+01:00,2025-12-14T17:00:00Z,2025-12-14T18:00:00+01:00,1,01:00:00,1,01:00:00,100.0,100.0,2025-12-14T16:00:00Z,2025-12-14T17:00:00+01:00,2025-12-14T17:00:00Z,2025-12-14T18:00:00+01:00
14.022,,,False,1,pm10,µg/m³,,raw,01:00:00,2025-12-14T17:00:00Z,2025-12-14T18:00:00+01:00,2025-12-14T18:00:00Z,2025-12-14T19:00:00+01:00,1,01:00:00,1,01:00:00,100.0,100.0,2025-12-14T17:00:00Z,2025-12-14T18:00:00+01:00,2025-12-14T18:00:00Z,2025-12-14T19:00:00+01:00
12.529,,,False,1,pm10,µg/m³,,raw,01:00:00,2025-12-14T18:00:00Z,2025-12-14T19:00:00+01:00,2025-12-14T19:00:00Z,2025-12-14T20:00:00+01:00,1,01:00:00,1,01:00:00,100.0,100.0,2025-12-14T18:00:00Z,2025-12-14T19:00:00+01:00,2025-12-14T19:00:00Z,2025-12-14T20:00:00+01:00
13.73,,,False,1,pm10,µg/m³,,raw,01:00:00,2025-12-14T20:00:00Z,2025-12-14T21:00:00+01:00,2025-12-14T21:00:00Z,2025-12-14T22:00:00+01:00,1,01:00:00,1,01:00:00,100.0,100.0,2025-12-14T20:00:00Z,2025-12-14T21:00:00+01:00,2025-12-14T21:00:00Z,2025-12-14T22:00:00+01:00
11.702,,,False,1,pm10,µg/m³,,raw,01:00:00,2025-12-14T22:00:00Z,2025-12-14T23:00:00+01:00,2025-12-14T23:00:00Z,2025-12-15T00:00:00+01:00,1,01:00:00,1,01:00:00,100.0,100.0,2025-12-14T22:00:00Z,2025-12-14T23:00:00+01:00,2025-12-14T23:00:00Z,2025-12-15T00:00:00+01:00
10.193,,,False,1,pm10,µg/m³,,raw,01:00:00,2025-12-14T23:00:00Z,2025-12-15T00:00:00+01:00,2025-12-15T00:00:00Z,2025-12-15T01:00:00+01:00,1,01:00:00,1,01:00:00,100.0,100.0,2025-12-14T23:00:00Z,2025-12-15T00:00:00+01:00,2025-12-15T00:00:00Z,2025-12-15T01:00:00+01:00
7.883,,,False,1,pm10,µg/m³,,raw,01:00:00,2025-12-15T00:00:00Z,2025-12-15T01:00:00+01:00,2025-12-15T01:00:00Z,2025-12-15T02:00:00+01:00,1,01:00:00,1,01:00:00,100.0,100.0,2025-12-15T00:00:00Z,2025-12-15T01:00:00+01:00,2025-12-15T01:00:00Z,2025-12-15T02:00:00+01:00
10.039,,,False,1,pm10,µg/m³,,raw,01:00:00,2025-12-15T01:00:00Z,2025-12-15T02:00:00+01:00,2025-12-15T02:00:00Z,2025-12-15T03:00:00+01:00,1,01:00:00,1,01:00:00,100.0,100.0,2025-12-15T01:00:00Z,2025-12-15T02:00:00+01:00,2025-12-15T02:00:00Z,2025-12-15T03:00:00+01:00
10.758,,,False,1,pm10,µg/m³,,raw,01:00:00,2025-12-15T02:00:00Z,2025-12-15T03:00:00+01:00,2025-12-15T03:00:00Z,2025-12-15T04:00:00+01:00,1,01:00:00,1,01:00:00,100.0,100.0,2025-12-15T02:00:00Z,2025-12-15T03:00:00+01:00,2025-12-15T03:00:00Z,2025-12-15T04:00:00+01:00
8.819,,,False,1,pm10,µg/m³,,raw,01:00:00,2025-12-15T03:00:00Z,2025-12-15T04:00:00+01:00,2025-12-15T04:00:00Z,2025-12-15T05:00:00+01:00,1,01:00:00,1,01:00:00,100.0,100.0,2025-12-15T03:00:00Z,2025-12-15T04:00:00+01:00,2025-12-15T04:00:00Z,2025-12-15T05:00:00+01:00
13.918,,,False,1,pm10,µg/m³,,raw,01:00:00,2025-12-15T06:00:00Z,2025-12-15T07:00:00+01:00,2025-12-15T07:00:00Z,2025-12-15T08:00:00+01:00,1,01:00:00,1,01:00:00,100.0,100.0,2025-12-15T06:00:00Z,2025-12-15T07:00:00+01:00,2025-12-15T07:00:00Z,2025-12-15T08:00:00+01:00
18.367,,,False,1,pm10,µg/m³,,raw,01:00:00,2025-12-15T07:00:00Z,2025-12-15T08:00:00+01:00,2025-12-15T08:00:00Z,2025-12-15T09:00:00+01:00,1,01:00:00,1,01:00:00,100.0,100.0,2025-12-15T07:00:00Z,2025-12-15T08:00:00+01:00,2025-12-15T08:00:00Z,2025-12-15T09:00:00+01:00
18.392,,,False,1,pm10,µg/m³,,raw,01:00:00,2025-12-15T08:00:00Z,2025-12-15T09:00:00+01:00,2025-12-15T09:00:00Z,2025-12-15T10:00:00+01:00,1,01:00:00,1,01:00:00,100.0,100.0,2025-12-15T08:00:00Z,2025-12-15T09:00:00+01:00,2025-12-15T09:00:00Z,2025-12-15T10:00:00+01:00
20.683,,,False,1,pm10,µg/m³,,raw,01:00:00,2025-12-15T09:00:00Z,2025-12-15T10:00:00+01:00,2025-12-15T10:00:00Z,2025-12-15T11:00:00+01:00,1,01:00:00,1,01:00:00,100.0,100.0,2025-12-15T09:00:00Z,2025-12-15T10:00:00+01:00,2025-12-15T10:00:00Z,2025-12-15T11:00:00+01:00
18.687,,,False,1,pm10,µg/m³,,raw,01:00:00,2025-12-15T10:00:00Z,2025-12-15T11:00:00+01:00,2025-12-15T11:00:00Z,2025-12-15T12:00:00+01:00,1,01:00:00,1,01:00:00,100.0,100.0,2025-12-15T10:00:00Z,2025-12-15T11:00:00+01:00,2025-12-15T11:00:00Z,2025-12-15T12:00:00+01:00
22.272,,,False,1,pm10,µg/m³,,raw,01:00:00,2025-12-15T11:00:00Z,2025-12-15T12:00:00+01:00,2025-12-15T12:00:00Z,2025-12-15T13:00:00+01:00,1,01:00:00,1,01:00:00,100.0,100.0,2025-12-15T11:00:00Z,2025-12-15T12:00:00+01:00,2025-12-15T12:00:00Z,2025-12-15T13:00:00+01:00
21.765,,,False,1,pm10,µg/m³,,raw,01:00:00,2025-12-15T12:00:00Z,2025-12-15T13:00:00+01:00,2025-12-15T13:00:00Z,2025-12-15T14:00:00+01:00,1,01:00:00,1,01:00:00,100.0,100.0,2025-12-15T12:00:00Z,2025-12-15T13:00:00+01:00,2025-12-15T13:00:00Z,2025-12-15T14:00:00+01:00
18.323,,,False,1,pm10,µg/m³,,raw,01:00:00,2025-12-15T13:00:00Z,2025-12-15T14:00:00+01:00,2025-12-15T14:00:00Z,2025-12-15T15:00:00+01:00,1,01:00:00,1,01:00:00,100.0,100.0,2025-12-15T13:00:00Z,2025-12-15T14:00:00+01:00,2025-12-15T14:00:00Z,2025-12-15T15:00:00+01:00
19.344,,,False,1,pm10,µg/m³,,raw,01:00:00,2025-12-15T14:00:00Z,2025-12-15T15:00:00+01:00,2025-12-15T15:00:00Z,2025-12-15T16:00:00+01:00,1,01:00:00,1,01:00:00,100.0,100.0,2025-12-15T14:00:00Z,2025-12-15T15:00:00+01:00,2025-12-15T15:00:00Z,2025-12-15T16:00:00+01:00
30.533,,,False,1,pm10,µg/m³,,raw,01:00:00,2025-12-15T15:00:00Z,2025-12-15T16:00:00+01:00,2025-12-15T16:00:00Z,2025-12-15T17:00:00+01:00,1,01:00:00,1,01:00:00,100.0,100.0,2025-12-15T15:00:00Z,2025-12-15T16:00:00+01:00,2025-12-15T16:00:00Z,2025-12-15T17:00:00+01:00
34.397,,,False,1,pm10,µg/m³,,raw,01:00:00,2025-12-15T16:00:00Z,2025-12-15T17:00:00+01:00,2025-12-15T17:00:00Z,2025-12-15T18:00:00+01:00,1,01:00:00,1,01:00:00,100.0,100.0,2025-12-15T16:00:00Z,2025-12-15T17:00:00+01:00,2025-12-15T17:00:00Z,2025-12-15T18:00:00+01:00
26.936,,,False,1,pm10,µg/m³,,raw,01:00:00,2025-12-15T17:00:00Z,2025-12-15T18:00:00+01:00,2025-12-15T18:00:00Z,2025-12-15T19:00:00+01:00,1,01:00:00,1,01:00:00,100.0,100.0,2025-12-15T17:00:00Z,2025-12-15T18:00:00+01:00,2025-12-15T18:00:00Z,2025-12-15T19:00:00+01:00
28.519,,,False,1,pm10,µg/m³,,raw,01:00:00,2025-12-15T18:00:00Z,2025-12-15T19:00:00+01:00,2025-12-15T19:00:00Z,2025-12-15T20:00:00+01:00,1,01:00:00,1,01:00:00,100.0,100.0,2025-12-15T18:00:00Z,2025-12-15T19:00:00+01:00,2025-12-15T19:00:00Z,2025-12-15T20:00:00+01:00
27.054,,,False,1,pm10,µg/m³,,raw,01:00:00,2025-12-15T19:00:00Z,2025-12-15T20:00:00+01:00,2025-12-15T20:00:00Z,2025-12-15T21:00:00+01:00,1,01:00:00,1,01:00:00,100.0,100.0,2025-12-15T19:00:00Z,2025-12-15T20:00:00+01:00,2025-12-15T20:00:00Z,2025-12-15T21:00:00+01:00
20.994,,,False,1,pm10,µg/m³,,raw,01:00:00,2025-12-15T20:00:00Z,2025-12-15T21:00:00+01:00,2025-12-15T21:00:00Z,2025-12-15T22:00:00+01:00,1,01:00:00,1,01:00:00,100.0,100.0,2025-12-15T20:00:00Z,2025-12-15T21:00:00+01:00,2025-12-15T21:00:00Z,2025-12-15T22:00:00+01:00
18.113,,,False,1,pm10,µg/m³,,raw,01:00:00,2025-12-15T21:00:00Z,2025-12-15T22:00:00+01:00,2025-12-15T22:00:00Z,2025-12-15T23:00:00+01:00,1,01:00:00,1,01:00:00,100.0,100.0,2025-12-15T21:00:00Z,2025-12-15T22:00:00+01:00,2025-12-15T22:00:00Z,2025-12-15T23:00:00+01:00
14.466,,,False,1,pm10,µg/m³,,raw,01:00:00,2025-12-15T22:00:00Z,2025-12-15T23:00:00+01:00,2025-12-15T23:00:00Z,2025-12-16T00:00:00+01:00,1,01:00:00,1,01:00:00,100.0,100.0,2025-12-15T22:00:00Z,2025-12-15T23:00:00+01:00,2025-12-15T23:00:00Z,2025-12-16T00:00:00+01:00
17.866,,,False,1,pm10,µg/m³,,raw,01:00:00,2025-12-15T23:00:00Z,2025-12-16T00:00:00+01:00,2025-12-16T00:00:00Z,2025-12-16T01:00:00+01:00,1,01:00:00,1,01:00:00,100.0,100.0,2025-12-15T23:00:00Z,2025-12-16T00:00:00+01:00,2025-12-16T00:00:00Z,2025-12-16T01:00:00+01:00
14.747,,,False,1,pm10,µg/m³,,raw,01:00:00,2025-12-16T00:00:00Z,2025-12-16T01:00:00+01:00,2025-12-16T01:00:00Z,2025-12-16T02:00:00+01:00,1,01:00:00,1,01:00:00,100.0,100.0,2025-12-16T00:00:00Z,2025-12-16T01:00:00+01:00,2025-12-16T01:00:00Z,2025-12-16T02:00:00+01:00
7.095,,,False,1,pm10,µg/m³,,raw,01:00:00,2025-12-16T01:00:00Z,2025-12-16T02:00:00+01:00,2025-12-16T02:00:00Z,2025-12-16T03:00:00+01:00,1,01:00:00,1,01:00:00,100.0,100.0,2025-12-16T01:00:00Z,2025-12-16T02:00:00+01:00,2025-12-16T02:00:00Z,2025-12-16T03:00:00+01:00
8.386,,,False,1,pm10,µg/m³,,raw,01:00:00,2025-12-16T02:00:00Z,2025-12-16T03:00:00+01:00,2025-12-16T03:00:00Z,2025-12-16T04:00:00+01:00,1,01:00:00,1,01:00:00,100.0,100.0,2025-12-16T02:00:00Z,2025-12-16T03:00:00+01:00,2025-12-16T03:00:00Z,2025-12-16T04:00:00+01:00
9.905,,,False,1,pm10,µg/m³,,raw,01:00:00,2025-12-16T03:00:00Z,2025-12-16T04:00:00+01:00,2025-12-16T04:00:00Z,2025-12-16T05:00:00+01:00,1,01:00:00,1,01:00:00,100.0,100.0,2025-12-16T03:00:00Z,2025-12-16T04:00:00+01:00,2025-12-16T04:00:00Z,2025-12-16T05:00:00+01:00
10.632,,,False,1,pm10,µg/m³,,raw,01:00:00,2025-12-16T04:00:00Z,2025-12-16T05:00:00+01:00,2025-12-16T05:00:00Z,2025-12-16T06:00:00+01:00,1,01:00:00,1,01:00:00,100.0,100.0,2025-12-16T04:00:00Z,2025-12-16T05:00:00+01:00,2025-12-16T05:00:00Z,2025-12-16T06:00:00+01:00
1.95,,,False,1,pm10,µg/m³,,raw,01:00:00,2025-12-16T05:00:00Z,2025-12-16T06:00:00+01:00,2025-12-16T06:00:00Z,2025-12-16T07:00:00+01:00,1,01:00:00,1,01:00:00,100.0,100.0,2025-12-16T05:00:00Z,2025-12-16T06:00:00+01:00,2025-12-16T06:00:00Z,2025-12-16T07:00:00+01:00
19.725,,,False,1,pm10,µg/m³,,raw,01:00:00,2025-12-16T06:00:00Z,2025-12-16T07:00:00+01:00,2025-12-16T07:00:00Z,2025-12-16T08:00:00+01:00,1,01:00:00,1,01:00:00,100.0,100.0,2025-12-16T06:00:00Z,2025-12-16T07:00:00+01:00,2025-12-16T07:00:00Z,2025-12-16T08:00:00+01:00
18.651,,,False,1,pm10,µg/m³,,raw,01:00:00,2025-12-16T07:00:00Z,2025-12-16T08:00:00+01:00,2025-12-16T08:00:00Z,2025-12-16T09:00:00+01:00,1,01:00:00,1,01:00:00,100.0,100.0,2025-12-16T07:00:00Z,2025-12-16T08:00:00+01:00,2025-12-16T08:00:00Z,2025-12-16T09:00:00+01:00
14.152,,,False,1,pm10,µg/m³,,raw,01:00:00,2025-12-16T08:00:00Z,2025-12-16T09:00:00+01:00,2025-12-16T09:00:00Z,2025-12-16T10:00:00+01:00,1,01:00:00,1,01:00:00,100.0,100.0,2025-12-16T08:00:00Z,2025-12-16T09:00:00+01:00,2025-12-16T09:00:00Z,2025-12-16T10:00:00+01:00
15.918,,,False,1,pm10,µg/m³,,raw,01:00:00,2025-12-16T09:00:00Z,2025-12-16T10:00:00+01:00,2025-12-16T10:00:00Z,2025-12-16T11:00:00+01:00,1,01:00:00,1,01:00:00,100.0,100.0,2025-12-16T09:00:00Z,2025-12-16T10:00:00+01:00,2025-12-16T10:00:00Z,2025-12-16T11:00:00+01:00
16.032,,,False,1,pm10,µg/m³,,raw,01:00:00,2025-12-16T10:00:00Z,2025-12-16T11:00:00+01:00,2025-12-16T11:00:00Z,2025-12-16T12:00:00+01:00,1,01:00:00,1,01:00:00,100.0,100.0,2025-12-16T10:00:00Z,2025-12-16T11:00:00+01:00,2025-12-16T11:00:00Z,2025-12-16T12:00:00+01:00
14.398,,,False,1,pm10,µg/m³,,raw,01:00:00,2025-12-16T11:00:00Z,2025-12-16T12:00:00+01:00,2025-12-16T12:00:00Z,2025-12-16T13:00:00+01:00,1,01:00:00,1,01:00:00,100.0,100.0,2025-12-16T11:00:00Z,2025-12-16T12:00:00+01:00,2025-12-16T12:00:00Z,2025-12-16T13:00:00+01:00
9.003,,,False,1,pm10,µg/m³,,raw,01:00:00,2025-12-16T12:00:00Z,2025-12-16T13:00:00+01:00,2025-12-16T13:00:00Z,2025-12-16T14:00:00+01:00,1,01:00:00,1,01:00:00,100.0,100.0,2025-12-16T12:00:00Z,2025-12-16T13:00:00+01:00,2025-12-16T13:00:00Z,2025-12-16T14:00:00+01:00
6.593,,,False,1,pm10,µg/m³,,raw,01:00:00,2025-12-16T13:00:00Z,2025-12-16T14:00:00+01:00,2025-12-16T14:00:00Z,2025-12-16T15:00:00+01:00,1,01:00:00,1,01:00:00,100.0,100.0,2025-12-16T13:00:00Z,2025-12-16T14:00:00+01:00,2025-12-16T14:00:00Z,2025-12-16T15:00:00+01:00
13.178,,,False,1,pm10,µg/m³,,raw,01:00:00,2025-12-16T14:00:00Z,2025-12-16T15:00:00+01:00,2025-12-16T15:00:00Z,2025-12-16T16:00:00+01:00,1,01:00:00,1,01:00:00,100.0,100.0,2025-12-16T14:00:00Z,2025-12-16T15:00:00+01:00,2025-12-16T15:00:00Z,2025-12-16T16:00:00+01:00
17.569,,,False,1,pm10,µg/m³,,raw,01:00:00,2025-12-16T15:00:00Z,2025-12-16T16:00:00+01:00,2025-12-16T16:00:00Z,2025-12-16T17:00:00+01:00,1,01:00:00,1,01:00:00,100.0,100.0,2025-12-16T15:00:00Z,2025-12-16T16:00:00+01:00,2025-12-16T16:00:00Z,2025-12-16T17:00:00+01:00
27.077,,,False,1,pm10,µg/m³,,raw,01:00:00,2025-12-16T16:00:00Z,2025-12-16T17:00:00+01:00,2025-12-16T17:00:00Z,2025-12-16T18:00:00+01:00,1,01:00:00,1,01:00:00,100.0,100.0,2025-12-16T16:00:00Z,2025-12-16T17:00:00+01:00,2025-12-16T17:00:00Z,2025-12-16T18:00:00+01:00
17.178,,,False,1,pm10,µg/m³,,raw,01:00:00,2025-12-16T20:00:00Z,2025-12-16T21:00:00+01:00,2025-12-16T21:00:00Z,2025-12-16T22:00:00+01:00,1,01:00:00,1,01:00:00,100.0,100.0,2025-12-16T20:00:00Z,2025-12-16T21:00:00+01:00,2025-12-16T21:00:00Z,2025-12-16T22:00:00+01:00
15.597,,,False,1,pm10,µg/m³,,raw,01:00:00,2025-12-16T21:00:00Z,2025-12-16T22:00:00+01:00,2025-12-16T22:00:00Z,2025-12-16T23:00:00+01:00,1,01:00:00,1,01:00:00,100.0,100.0,2025-12-16T21:00:00Z,2025-12-16T22:00:00+01:00,2025-12-16T22:00:00Z,2025-12-16T23:00:00+01:00
15.55,,,False,1,pm10,µg/m³,,raw,01:00:00,2025-12-16T22:00:00Z,2025-12-16T23:00:00+01:00,2025-12-16T23:00:00Z,2025-12-17T00:00:00+01:00,1,01:00:00,1,01:00:00,100.0,100.0,2025-12-16T22:00:00Z,2025-12-16T23:00:00+01:00,2025-12-16T23:00:00Z,2025-12-17T00:00:00+01:00
15.166,,,False,1,pm10,µg/m³,,raw,01:00:00,2025-12-16T23:00:00Z,2025-12-17T00:00:00+01:00,2025-12-17T00:00:00Z,2025-12-17T01:00:00+01:00,1,01:00:00,1,01:00:00,100.0,100.0,2025-12-16T23:00:00Z,2025-12-17T00:00:00+01:00,2025-12-17T00:00:00Z,2025-12-17T01:00:00+01:00
17.818,,,False,1,pm10,µg/m³,,raw,01:00:00,2025-12-17T01:00:00Z,2025-12-17T02:00:00+01:00,2025-12-17T02:00:00Z,2025-12-17T03:00:00+01:00,1,01:00:00,1,01:00:00,100.0,100.0,2025-12-17T01:00:00Z,2025-12-17T02:00:00+01:00,2025-12-17T02:00:00Z,2025-12-17T03:00:00+01:00
22.566,,,False,1,pm10,µg/m³,,raw,01:00:00,2025-12-17T02:00:00Z,2025-12-17T03:00:00+01:00,2025-12-17T03:00:00Z,2025-12-17T04:00:00+01:00,1,01:00:00,1,01:00:00,100.0,100.0,2025-12-17T02:00:00Z,2025-12-17T03:00:00+01:00,2025-12-17T03:00:00Z,2025-12-17T04:00:00+01:00
22.042,,,False,1,pm10,µg/m³,,raw,01:00:00,2025-12-17T03:00:00Z,2025-12-17T04:00:00+01:00,2025-12-17T04:00:00Z,2025-12-17T05:00:00+01:00,1,01:00:00,1,01:00:00,100.0,100.0,2025-12-17T03:00:00Z,2025-12-17T04:00:00+01:00,2025-12-17T04:00:00Z,2025-12-17T05:00:00+01:00
18.051,,,False,1,pm10,µg/m³,,raw,01:00:00,2025-12-17T05:00:00Z,2025-12-17T06:00:00+01:00,2025-12-17T06:00:00Z,2025-12-17T07:00:00+01:00,1,01:00:00,1,01:00:00,100.0,100.0,2025-12-17T05:00:00Z,2025-12-17T06:00:00+01:00,2025-12-17T06:00:00Z,2025-12-17T07:00:00+01:00
21.291,,,False,1,pm10,µg/m³,,raw,01:00:00,2025-12-17T06:00:00Z,2025-12-17T07:00:00+01:00,2025-12-17T07:00:00Z,2025-12-17T08:00:00+01:00,1,01:00:00,1,01:00:00,100.0,100.0,2025-12-17T06:00:00Z,2025-12-17T07:00:00+01:00,2025-12-17T07:00:00Z,2025-12-17T08:00:00+01:00
24.546,,,False,1,pm10,µg/m³,,raw,01:00:00,2025-12-17T07:00:00Z,2025-12-17T08:00:00+01:00,2025-12-17T08:00:00Z,2025-12-17T09:00:00+01:00,1,01:00:00,1,01:00:00,100.0,100.0,2025-12-17T07:00:00Z,2025-12-17T08:00:00+01:00,2025-12-17T08:00:00Z,2025-12-17T09:00:00+01:00
22.647,,,False,1,pm10,µg/m³,,raw,01:00:00,2025-12-17T08:00:00Z,2025-12-17T09:00:00+01:00,2025-12-17T09:00:00Z,2025-12-17T10:00:00+01:00,1,01:00:00,1,01:00:00,100.0,100.0,2025-12-17T08:00:00Z,2025-12-17T09:00:00+01:00,2025-12-17T09:00:00Z,2025-12-17T10:00:00+01:00
22.056,,,False,1,pm10,µg/m³,,raw,01:00:00,2025-12-17T09:00:00Z,2025-12-17T10:00:00+01:00,2025-12-17T10:00:00Z,2025-12-17T11:00:00+01:00,1,01:00:00,1,01:00:00,100.0,100.0,2025-12-17T09:00:00Z,2025-12-17T10:00:00+01:00,2025-12-17T10:00:00Z,2025-12-17T11:00:00+01:00
24.321,,,False,1,pm10,µg/m³,,raw,01:00:00,2025-12-17T15:00:00Z,2025-12-17T16:00:00+01:00,2025-12-17T16:00:00Z,2025-12-17T17:00:00+01:00,1,01:00:00,1,01:00:00,100.0,100.0,2025-12-17T15:00:00Z,2025-12-17T16:00:00+01:00,2025-12-17T16:00:00Z,2025-12-17T17:00:00+01:00
29.902,,,False,1,pm10,µg/m³,,raw,01:00:00,2025-12-17T16:00:00Z,2025-12-17T17:00:00+01:00,2025-12-17T17:00:00Z,2025-12-17T18:00:00+01:00,1,01:00:00,1,01:00:00,100.0,100.0,2025-12-17T16:00:00Z,2025-12-17T17:00:00+01:00,2025-12-17T17:00:00Z,2025-12-17T18:00:00+01:00
31.085,,,False,1,pm10,µg/m³,,raw,01:00:00,2025-12-17T17:00:00Z,2025-12-17T18:00:00+01:00,2025-12-17T18:00:00Z,2025-12-17T19:00:00+01:00,1,01:00:00,1,01:00:00,100.0,100.0,2025-12-17T17:00:00Z,2025-12-17T18:00:00+01:00,2025-12-17T18:00:00Z,2025-12-17T19:00:00+01:00
30.676,,,False,1,pm10,µg/m³,,raw,01:00:00,2025-12-17T18:00:00Z,2025-12-17T19:00:00+01:00,2025-12-17T19:00:00Z,2025-12-17T20:00:00+01:00,1,01:00:00,1,01:00:00,100.0,100.0,2025-12-17T18:00:00Z,2025-12-17T19:00:00+01:00,2025-12-17T19:00:00Z,2025-12-17T20:00:00+01:00
17.53,,,False,1,pm10,µg/m³,,raw,01:00:00,2025-12-17T19:00:00Z,2025-12-17T20:00:00+01:00,2025-12-17T20:00:00Z,2025-12-17T21:00:00+01:00,1,01:00:00,1,01:00:00,100.0,100.0,2025-12-17T19:00:00Z,2025-12-17T20:00:00+01:00,2025-12-17T20:00:00Z,2025-12-17T21:00:00+01:00
17.909,,,False,1,pm10,µg/m³,,raw,01:00:00,2025-12-17T20:00:00Z,2025-12-17T21:00:00+01:00,2025-12-17T21:00:00Z,2025-12-17T22:00:00+01:00,1,01:00:00,1,01:00:00,100.0,100.0,2025-12-17T20:00:00Z,2025-12-17T21:00:00+01:00,2025-12-17T21:00:00Z,2025-12-17T22:00:00+01:00
16.297,,,False,1,pm10,µg/m³,,raw,01:00:00,2025-12-17T21:00:00Z,2025-12-17T22:00:00+01:00,2025-12-17T22:00:00Z,2025-12-17T23:00:00+01:00,1,01:00:00,1,01:00:00,100.0,100.0,2025-12-17T21:00:00Z,2025-12-17T22:00:00+01:00,2025-12-17T22:00:00Z,2025-12-17T23:00:00+01:00
15.943,,,False,1,pm10,µg/m³,,raw,01:00:00,2025-12-17T22:00:00Z,2025-12-17T23:00:00+01:00,2025-12-17T23:00:00Z,2025-12-18T00:00:00+01:00,1,01:00:00,1,01:00:00,100.0,100.0,2025-12-17T22:00:00Z,2025-12-17T23:00:00+01:00,2025-12-17T23:00:00Z,2025-12-18T00:00:00+01:00
14.998,,,False,1,pm10,µg/m³,,raw,01:00:00,2025-12-17T23:00:00Z,2025-12-18T00:00:00+01:00,2025-12-18T00:00:00Z,2025-12-18T01:00:00+01:00,1,01:00:00,1,01:00:00,100.0,100.0,2025-12-17T23:00:00Z,2025-12-18T00:00:00+01:00,2025-12-18T00:00:00Z,2025-12-18T01:00:00+01:00
15.854,,,False,1,pm10,µg/m³,,raw,01:00:00,2025-12-18T00:00:00Z,2025-12-18T01:00:00+01:00,2025-12-18T01:00:00Z,2025-12-18T02:00:00+01:00,1,01:00:00,1,01:00:00,100.0,100.0,2025-12-18T00:00:00Z,2025-12-18T01:00:00+01:00,2025-12-18T01:00:00Z,2025-12-18T02:00:00+01:00
12.925,,,False,1,pm10,µg/m³,,raw,01:00:00,2025-12-18T01:00:00Z,2025-12-18T02:00:00+01:00,2025-12-18T02:00:00Z,2025-12-18T03:00:00+01:00,1,01:00:00,1,01:00:00,100.0,100.0,2025-12-18T01:00:00Z,2025-12-18T02:00:00+01:00,2025-12-18T02:00:00Z,2025-12-18T03:00:00+01:00
13.901,,,False,1,pm10,µg/m³,,raw,01:00:00,2025-12-18T02:00:00Z,2025-12-18T03:00:00+01:00,2025-12-18T03:00:00Z,2025-12-18T04:00:00+01:00,1,01:00:00,1,01:00:00,100.0,100.0,2025-12-18T02:00:00Z,2025-12-18T03:00:00+01:00,2025-12-18T03:00:00Z,2025-12-18T04:00:00+01:00
13.468,,,False,1,pm10,µg/m³,,raw,01:00:00,2025-12-18T03:00:00Z,2025-12-18T04:00:00+01:00,2025-12-18T04:00:00Z,2025-12-18T05:00:00+01:00,1,01:00:00,1,01:00:00,100.0,100.0,2025-12-18T03:00:00Z,2025-12-18T04:00:00+01:00,2025-12-18T04:00:00Z,2025-12-18T05:00:00+01:00
14.802,,,False,1,pm10,µg/m³,,raw,01:00:00,2025-12-18T05:00:00Z,2025-12-18T06:00:00+01:00,2025-12-18T06:00:00Z,2025-12-18T07:00:00+01:00,1,01:00:00,1,01:00:00,100.0,100.0,2025-12-18T05:00:00Z,2025-12-18T06:00:00+01:00,2025-12-18T06:00:00Z,2025-12-18T07:00:00+01:00
16.705,,,False,1,pm10,µg/m³,,raw,01:00:00,2025-12-18T06:00:00Z,2025-12-18T07:00:00+01:00,2025-12-18T07:00:00Z,2025-12-18T08:00:00+01:00,1,01:00:00,1,01:00:00,100.0,100.0,2025-12-18T06:00:00Z,2025-12-18T07:00:00+01:00,2025-12-18T07:00:00Z,2025-12-18T08:00:00+01:00
19.402,,,False,1,pm10,µg/m³,,raw,01:00:00,2025-12-18T07:00:00Z,2025-12-18T08:00:00+01:00,2025-12-18T08:00:00Z,2025-12-18T09:00:00+01:00,1,01:00:00,1,01:00:00,100.0,100.0,2025-12-18T07:00:00Z,2025-12-18T08:00:00+01:00,2025-12-18T08:00:00Z,2025-12-18T09:00:00+01:00
15.594,,,False,1,pm10,µg/m³,,raw,01:00:00,2025-12-18T14:00:00Z,2025-12-18T15:00:00+01:00,2025-12-18T15:00:00Z,2025-12-18T16:00:00+01:00,1,01:00:00,1,01:00:00,100.0,100.0,2025-12-18T14:00:00Z,2025-12-18T15:00:00+01:00,2025-12-18T15:00:00Z,2025-12-18T16:00:00+01:00
20.43,,,False,1,pm10,µg/m³,,raw,01:00:00,2025-12-18T15:00:00Z,2025-12-18T16:00:00+01:00,2025-12-18T16:00:00Z,2025-12-18T17:00:00+01:00,1,01:00:00,1,01:00:00,100.0,100.0,2025-12-18T15:00:00Z,2025-12-18T16:00:00+01:00,2025-12-18T16:00:00Z,2025-12-18T17:00:00+01:00
23.677,,,False,1,pm10,µg/m³,,raw,01:00:00,2025-12-18T16:00:00Z,2025-12-18T17:00:00+01:00,2025-12-18T17:00:00Z,2025-12-18T18:00:00+01:00,1,01:00:00,1,01:00:00,100.0,100.0,2025-12-18T16:00:00Z,2025-12-18T17:00:00+01:00,2025-12-18T17:00:00Z,2025-12-18T18:00:00+01:00
23.392,,,False,1,pm10,µg/m³,,raw,01:00:00,2025-12-18T17:00:00Z,2025-12-18T18:00:00+01:00,2025-12-18T18:00:00Z,2025-12-18T19:00:00+01:00,1,01:00:00,1,01:00:00,100.0,100.0,2025-12-18T17:00:00Z,2025-12-18T18:00:00+01:00,2025-12-18T18:00:00Z,2025-12-18T19:00:00+01:00
26.016,,,False,1,pm10,µg/m³,,raw,01:00:00,2025-12-18T18:00:00Z,2025-12-18T19:00:00+01:00,2025-12-18T19:00:00Z,2025-12-18T20:00:00+01:00,1,01:00:00,1,01:00:00,100.0,100.0,2025-12-18T18:00:00Z,2025-12-18T19:00:00+01:00,2025-12-18T19:00:00Z,2025-12-18T20:00:00+01:00
24.157,,,False,1,pm10,µg/m³,,raw,01:00:00,2025-12-18T19:00:00Z,2025-12-18T20:00:00+01:00,2025-12-18T20:00:00Z,2025-12-18T21:00:00+01:00,1,01:00:00,1,01:00:00,100.0,100.0,2025-12-18T19:00:00Z,2025-12-18T20:00:00+01:00,2025-12-18T20:00:00Z,2025-12-18T21:00:00+01:00
20.35,,,False,1,pm10,µg/m³,,raw,01:00:00,2025-12-18T20:00:00Z,2025-12-18T21:00:00+01:00,2025-12-18T21:00:00Z,2025-12-18T22:00:00+01:00,1,01:00:00,1,01:00:00,100.0,100.0,2025-12-18T20:00:00Z,2025-12-18T21:00:00+01:00,2025-12-18T21:00:00Z,2025-12-18T22:00:00+01:00
16.979,,,False,1,pm10,µg/m³,,raw,01:00:00,2025-12-18T21:00:00Z,2025-12-18T22:00:00+01:00,2025-12-18T22:00:00Z,2025-12-18T23:00:00+01:00,1,01:00:00,1,01:00:00,100.0,100.0,2025-12-18T21:00:00Z,2025-12-18T22:00:00+01:00,2025-12-18T22:00:00Z,2025-12-18T23:00:00+01:00
16.166,,,False,1,pm10,µg/m³,,raw,01:00:00,2025-12-18T22:00:00Z,2025-12-18T23:00:00+01:00,2025-12-18T23:00:00Z,2025-12-19T00:00:00+01:00,1,01:00:00,1,01:00:00,100.0,100.0,2025-12-18T22:00:00Z,2025-12-18T23:00:00+01:00,2025-12-18T23:00:00Z,2025-12-19T00:00:00+01:00
12.205,,,False,1,pm10,µg/m³,,raw,01:00:00,2025-12-18T23:00:00Z,2025-12-19T00:00:00+01:00,2025-12-19T00:00:00Z,2025-12-19T01:00:00+01:00,1,01:00:00,1,01:00:00,100.0,100.0,2025-12-18T23:00:00Z,2025-12-19T00:00:00+01:00,2025-12-19T00:00:00Z,2025-12-19T01:00:00+01:00
8.733,,,False,1,pm10,µg/m³,,raw,01:00:00,2025-12-19T00:00:00Z,2025-12-19T01:00:00+01:00,2025-12-19T01:00:00Z,2025-12-19T02:00:00+01:00,1,01:00:00,1,01:00:00,100.0,100.0,2025-12-19T00:00:00Z,2025-12-19T01:00:00+01:00,2025-12-19T01:00:00Z,2025-12-19T02:00:00+01:00
9.148,,,False,1,pm10,µg/m³,,raw,01:00:00,2025-12-19T01:00:00Z,2025-12-19T02:00:00+01:00,2025-12-19T02:00:00Z,2025-12-19T03:00:00+01:00,1,01:00:00,1,01:00:00,100.0,100.0,2025-12-19T01:00:00Z,2025-12-19T02:00:00+01:00,2025-12-19T02:00:00Z,2025-12-19T03:00:00+01:00
8.443,,,False,1,pm10,µg/m³,,raw,01:00:00,2025-12-19T02:00:00Z,2025-12-19T03:00:00+01:00,2025-12-19T03:00:00Z,2025-12-19T04:00:00+01:00,1,01:00:00,1,01:00:00,100.0,100.0,2025-12-19T02:00:00Z,2025-12-19T03:00:00+01:00,2025-12-19T03:00:00Z,2025-12-19T04:00:00+01:00
5.045,,,False,1,pm10,µg/m³,,raw,01:00:00,2025-12-19T03:00:00Z,2025-12-19T04:00:00+01:00,2025-12-19T04:00:00Z,2025-12-19T05:00:00+01:00,1,01:00:00,1,01:00:00,100.0,100.0,2025-12-19T03:00:00Z,2025-12-19T04:00:00+01:00,2025-12-19T04:00:00Z,2025-12-19T05:00:00+01:00
8.368,,,False,1,pm10,µg/m³,,raw,01:00:00,2025-12-19T05:00:00Z,2025-12-19T06:00:00+01:00,2025-12-19T06:00:00Z,2025-12-19T07:00:00+01:00,1,01:00:00,1,01:00:00,100.0,100.0,2025-12-19T05:00:00Z,2025-12-19T06:00:00+01:00,2025-12-19T06:00:00Z,2025-12-19T07:00:00+01:00
11.366,,,False,1,pm10,µg/m³,,raw,01:00:00,2025-12-19T06:00:00Z,2025-12-19T07:00:00+01:00,2025-12-19T07:00:00Z,2025-12-19T08:00:00+01:00,1,01:00:00,1,01:00:00,100.0,100.0,2025-12-19T06:00:00Z,2025-12-19T07:00:00+01:00,2025-12-19T07:00:00Z,2025-12-19T08:00:00+01:00
8.877,,,False,1,pm10,µg/m³,,raw,01:00:00,2025-12-19T07:00:00Z,2025-12-19T08:00:00+01:00,2025-12-19T08:00:00Z,2025-12-19T09:00:00+01:00,1,01:00:00,1,01:00:00,100.0,100.0,2025-12-19T07:00:00Z,2025-12-19T08:00:00+01:00,2025-12-19T08:00:00Z,2025-12-19T09:00:00+01:00
15.705,,,False,1,pm10,µg/m³,,raw,01:00:00,2025-12-19T08:00:00Z,2025-12-19T09:00:00+01:00,2025-12-19T09:00:00Z,2025-12-19T10:00:00+01:00,1,01:00:00,1,01:00:00,100.0,100.0,2025-12-19T08:00:00Z,2025-12-19T09:00:00+01:00,2025-12-19T09:00:00Z,2025-12-19T10:00:00+01:00
17.85,,,False,1,pm10,µg/m³,,raw,01:00:00,2025-12-19T09:00:00Z,2025-12-19T10:00:00+01:00,2025-12-19T10:00:00Z,2025-12-19T11:00:00+01:00,1,01:00:00,1,01:00:00,100.0,100.0,2025-12-19T09:00:00Z,2025-12-19T10:00:00+01:00,2025-12-19T10:00:00Z,2025-12-19T11:00:00+01:00
18.718,,,False,1,pm10,µg/m³,,raw,01:00:00,2025-12-19T10:00:00Z,2025-12-19T11:00:00+01:00,2025-12-19T11:00:00Z,2025-12-19T12:00:00+01:00,1,01:00:00,1,01:00:00,100.0,100.0,2025-12-19T10:00:00Z,2025-12-19T11:00:00+01:00,2025-12-19T11:00:00Z,2025-12-19T12:00:00+01:00
21.438,,,False,1,pm10,µg/m³,,raw,01:00:00,2025-12-19T11:00:00Z,2025-12-19T12:00:00+01:00,2025-12-19T12:00:00Z,2025-12-19T13:00:00+01:00,1,01:00:00,1,01:00:00,100.0,100.0,2025-12-19T11:00:00Z,2025-12-19T12:00:00+01:00,2025-12-19T12:00:00Z,2025-12-19T13:00:00+01:00
25.933,,,False,1,pm10,µg/m³,,raw,01:00:00,2025-12-19T12:00:00Z,2025-12-19T13:00:00+01:00,2025-12-19T13:00:00Z,2025-12-19T14:00:00+01:00,1,01:00:00,1,01:00:00,100.0,100.0,2025-12-19T12:00:00Z,2025-12-19T13:00:00+01:00,2025-12-19T13:00:00Z,2025-12-19T14:00:00+01:00
31.171,,,False,1,pm10,µg/m³,,raw,01:00:00,2025-12-19T13:00:00Z,2025-12-19T14:00:00+01:00,2025-12-19T14:00:00Z,2025-12-19T15:00:00+01:00,1,01:00:00,1,01:00:00,100.0,100.0,2025-12-19T13:00:00Z,2025-12-19T14:00:00+01:00,2025-12-19T14:00:00Z,2025-12-19T15:00:00+01:00
33.091,,,False,1,pm10,µg/m³,,raw,01:00:00,2025-12-19T14:00:00Z,2025-12-19T15:00:00+01:00,2025-12-19T15:00:00Z,2025-12-19T16:00:00+01:00,1,01:00:00,1,01:00:00,100.0,100.0,2025-12-19T14:00:00Z,2025-12-19T15:00:00+01:00,2025-12-19T15:00:00Z,2025-12-19T16:00:00+01:00
28.552,,,False,1,pm10,µg/m³,,raw,01:00:00,2025-12-19T15:00:00Z,2025-12-19T16:00:00+01:00,2025-12-19T16:00:00Z,2025-12-19T17:00:00+01:00,1,01:00:00,1,01:00:00,100.0,100.0,2025-12-19T15:00:00Z,2025-12-19T16:00:00+01:00,2025-12-19T16:00:00Z,2025-12-19T17:00:00+01:00
26.735,,,False,1,pm10,µg/m³,,raw,01:00:00,2025-12-19T16:00:00Z,2025-12-19T17:00:00+01:00,2025-12-19T17:00:00Z,2025-12-19T18:00:00+01:00,1,01:00:00,1,01:00:00,100.0,100.0,2025-12-19T16:00:00Z,2025-12-19T17:00:00+01:00,2025-12-19T17:00:00Z,2025-12-19T18:00:00+01:00
30.437,,,False,1,pm10,µg/m³,,raw,01:00:00,2025-12-19T17:00:00Z,2025-12-19T18:00:00+01:00,2025-12-19T18:00:00Z,2025-12-19T19:00:00+01:00,1,01:00:00,1,01:00:00,100.0,100.0,2025-12-19T17:00:00Z,2025-12-19T18:00:00+01:00,2025-12-19T18:00:00Z,2025-12-19T19:00:00+01:00
26.093,,,False,1,pm10,µg/m³,,raw,01:00:00,2025-12-19T18:00:00Z,2025-12-19T19:00:00+01:00,2025-12-19T19:00:00Z,2025-12-19T20:00:00+01:00,1,01:00:00,1,01:00:00,100.0,100.0,2025-12-19T18:00:00Z,2025-12-19T19:00:00+01:00,2025-12-19T19:00:00Z,2025-12-19T20:00:00+01:00
23.057,,,False,1,pm10,µg/m³,,raw,01:00:00,2025-12-19T19:00:00Z,2025-12-19T20:00:00+01:00,2025-12-19T20:00:00Z,2025-12-19T21:00:00+01:00,1,01:00:00,1,01:00:00,100.0,100.0,2025-12-19T19:00:00Z,2025-12-19T20:00:00+01:00,2025-12-19T20:00:00Z,2025-12-19T21:00:00+01:00
24.699,,,False,1,pm10,µg/m³,,raw,01:00:00,2025-12-19T20:00:00Z,2025-12-19T21:00:00+01:00,2025-12-19T21:00:00Z,2025-12-19T22:00:00+01:00,1,01:00:00,1,01:00:00,100.0,100.0,2025-12-19T20:00:00Z,2025-12-19T21:00:00+01:00,2025-12-19T21:00:00Z,2025-12-19T22:00:00+01:00
20.475,,,False,1,pm10,µg/m³,,raw,01:00:00,2025-12-19T21:00:00Z,2025-12-19T22:00:00+01:00,2025-12-19T22:00:00Z,2025-12-19T23:00:00+01:00,1,01:00:00,1,01:00:00,100.0,100.0,2025-12-19T21:00:00Z,2025-12-19T22:00:00+01:00,2025-12-19T22:00:00Z,2025-12-19T23:00:00+01:00
12.369,,,False,1,pm10,µg/m³,,raw,01:00:00,2025-12-19T23:00:00Z,2025-12-20T00:00:00+01:00,2025-12-20T00:00:00Z,2025-12-20T01:00:00+01:00,1,01:00:00,1,01:00:00,100.0,100.0,2025-12-19T23:00:00Z,2025-12-20T00:00:00+01:00,2025-12-20T00:00:00Z,2025-12-20T01:00:00+01:00
15.845,,,False,1,pm10,µg/m³,,raw,01:00:00,2025-12-20T00:00:00Z,2025-12-20T01:00:00+01:00,2025-12-20T01:00:00Z,2025-12-20T02:00:00+01:00,1,01:00:00,1,01:00:00,100.0,100.0,2025-12-20T00:00:00Z,2025-12-20T01:00:00+01:00,2025-12-20T01:00:00Z,2025-12-20T02:00:00+01:00
14.027,,,False,1,pm10,µg/m³,,raw,01:00:00,2025-12-20T01:00:00Z,2025-12-20T02:00:00+01:00,2025-12-20T02:00:00Z,2025-12-20T03:00:00+01:00,1,01:00:00,1,01:00:00,100.0,100.0,2025-12-20T01:00:00Z,2025-12-20T02:00:00+01:00,2025-12-20T02:00:00Z,2025-12-20T03:00:00+01:00
10.966,,,False,1,pm10,µg/m³,,raw,01:00:00,2025-12-20T02:00:00Z,2025-12-20T03:00:00+01:00,2025-12-20T03:00:00Z,2025-12-20T04:00:00+01:00,1,01:00:00,1,01:00:00,100.0,100.0,2025-12-20T02:00:00Z,2025-12-20T03:00:00+01:00,2025-12-20T03:00:00Z,2025-12-20T04:00:00+01:00
9.608,,,False,1,pm10,µg/m³,,raw,01:00:00,2025-12-20T03:00:00Z,2025-12-20T04:00:00+01:00,2025-12-20T04:00:00Z,2025-12-20T05:00:00+01:00,1,01:00:00,1,01:00:00,100.0,100.0,2025-12-20T03:00:00Z,2025-12-20T04:00:00+01:00,2025-12-20T04:00:00Z,2025-12-20T05:00:00+01:00
7.608,,,False,1,pm10,µg/m³,,raw,01:00:00,2025-12-20T04:00:00Z,2025-12-20T05:00:00+01:00,2025-12-20T05:00:00Z,2025-12-20T06:00:00+01:00,1,01:00:00,1,01:00:00,100.0,100.0,2025-12-20T04:00:00Z,2025-12-20T05:00:00+01:00,2025-12-20T05:00:00Z,2025-12-20T06:00:00+01:00
7.938,,,False,1,pm10,µg/m³,,raw,01:00:00,2025-12-20T05:00:00Z,2025-12-20T06:00:00+01:00,2025-12-20T06:00:00Z,2025-12-20T07:00:00+01:00,1,01:00:00,1,01:00:00,100.0,100.0,2025-12-20T05:00:00Z,2025-12-20T06:00:00+01:00,2025-12-20T06:00:00Z,2025-12-20T07:00:00+01:00
11.259,,,False,1,pm10,µg/m³,,raw,01:00:00,2025-12-20T06:00:00Z,2025-12-20T07:00:00+01:00,2025-12-20T07:00:00Z,2025-12-20T08:00:00+01:00,1,01:00:00,1,01:00:00,100.0,100.0,2025-12-20T06:00:00Z,2025-12-20T07:00:00+01:00,2025-12-20T07:00:00Z,2025-12-20T08:00:00+01:00
13.203,,,False,1,pm10,µg/m³,,raw,01:00:00,2025-12-20T07:00:00Z,2025-12-20T08:00:00+01:00,2025-12-20T08:00:00Z,2025-12-20T09:00:00+01:00,1,01:00:00,1,01:00:00,100.0,100.0,2025-12-20T07:00:00Z,2025-12-20T08:00:00+01:00,2025-12-20T08:00:00Z,2025-12-20T09:00:00+01:00
13.603,,,False,1,pm10,µg/m³,,raw,01:00:00,2025-12-20T08:00:00Z,2025-12-20T09:00:00+01:00,2025-12-20T09:00:00Z,2025-12-20T10:00:00+01:00,1,01:00:00,1,01:00:00,100.0,100.0,2025-12-20T08:00:00Z,2025-12-20T09:00:00+01:00,2025-12-20T09:00:00Z,2025-12-20T10:00:00+01:00
13.68,,,False,1,pm10,µg/m³,,raw,01:00:00,2025-12-20T09:00:00Z,2025-12-20T10:00:00+01:00,2025-12-20T10:00:00Z,2025-12-20T11:00:00+01:00,1,01:00:00,1,01:00:00,100.0,100.0,2025-12-20T09:00:00Z,2025-12-20T10:00:00+01:00,2025-12-20T10:00:00Z,2025-12-20T11:00:00+01:00
12.996,,,False,1,pm10,µg/m³,,raw,01:00:00,2025-12-20T10:00:00Z,2025-12-20T11:00:00+01:00,2025-12-20T11:00:00Z,2025-12-20T12:00:00+01:00,1,01:00:00,1,01:00:00,100.0,100.0,2025-12-20T10:00:00Z,2025-12-20T11:00:00+01:00,2025-12-20T11:00:00Z,2025-12-20T12:00:00+01:00
12.788,,,False,1,pm10,µg/m³,,raw,01:00:00,2025-12-20T11:00:00Z,2025-12-20T12:00:00+01:00,2025-12-20T12:00:00Z,2025-12-20T13:00:00+01:00,1,01:00:00,1,01:00:00,100.0,100.0,2025-12-20T11:00:00Z,2025-12-20T12:00:00+01:00,2025-12-20T12:00:00Z,2025-12-20T13:00:00+01:00
10.709,,,False,1,pm10,µg/m³,,raw,01:00:00,2025-12-20T12:00:00Z,2025-12-20T13:00:00+01:00,2025-12-20T13:00:00Z,2025-12-20T14:00:00+01:00,1,01:00:00,1,01:00:00,100.0,100.0,2025-12-20T12:00:00Z,2025-12-20T13:00:00+01:00,2025-12-20T13:00:00Z,2025-12-20T14:00:00+01:00
14.965,,,False,1,pm10,µg/m³,,raw,01:00:00,2025-12-20T13:00:00Z,2025-12-20T14:00:00+01:00,2025-12-20T14:00:00Z,2025-12-20T15:00:00+01:00,1,01:00:00,1,01:00:00,100.0,100.0,2025-12-20T13:00:00Z,2025-12-20T14:00:00+01:00,2025-12-20T14:00:00Z,2025-12-20T15:00:00+01:00
17.489,,,False,1,pm10,µg/m³,,raw,01:00:00,2025-12-20T14:00:00Z,2025-12-20T15:00:00+01:00,2025-12-20T15:00:00Z,2025-12-20T16:00:00+01:00,1,01:00:00,1,01:00:00,100.0,100.0,2025-12-20T14:00:00Z,2025-12-20T15:00:00+01:00,2025-12-20T15:00:00Z,2025-12-20T16:00:00+01:00
15.463,,,False,1,pm10,µg/m³,,raw,01:00:00,2025-12-20T15:00:00Z,2025-12-20T16:00:00+01:00,2025-12-20T16:00:00Z,2025-12-20T17:00:00+01:00,1,01:00:00,1,01:00:00,100.0,100.0,2025-12-20T15:00:00Z,2025-12-20T16:00:00+01:00,2025-12-20T16:00:00Z,2025-12-20T17:00:00+01:00
24.651,,,False,1,pm10,µg/m³,,raw,01:00:00,2025-12-20T16:00:00Z,2025-12-20T17:00:00+01:00,2025-12-20T17:00:00Z,2025-12-20T18:00:00+01:00,1,01:00:00,1,01:00:00,100.0,100.0,2025-12-20T16:00:00Z,2025-12-20T17:00:00+01:00,2025-12-20T17:00:00Z,2025-12-20T18:00:00+01:00
23.174,,,False,1,pm10,µg/m³,,raw,01:00:00,2025-12-20T17:00:00Z,2025-12-20T18:00:00+01:00,2025-12-20T18:00:00Z,2025-12-20T19:00:00+01:00,1,01:00:00,1,01:00:00,100.0,100.0,2025-12-20T17:00:00Z,2025-12-20T18:00:00+01:00,2025-12-20T18:00:00Z,2025-12-20T19:00:00+01:00
27.298,,,False,1,pm10,µg/m³,,raw,01:00:00,2025-12-20T18:00:00Z,2025-12-20T19:00:00+01:00,2025-12-20T19:00:00Z,2025-12-20T20:00:00+01:00,1,01:00:00,1,01:00:00,100.0,100.0,2025-12-20T18:00:00Z,2025-12-20T19:00:00+01:00,2025-12-20T19:00:00Z,2025-12-20T20:00:00+01:00
24.997,,,False,1,pm10,µg/m³,,raw,01:00:00,2025-12-20T19:00:00Z,2025-12-20T20:00:00+01:00,2025-12-20T20:00:00Z,2025-12-20T21:00:00+01:00,1,01:00:00,1,01:00:00,100.0,100.0,2025-12-20T19:00:00Z,2025-12-20T20:00:00+01:00,2025-12-20T20:00:00Z,2025-12-20T21:00:00+01:00
22.89,,,False,1,pm10,µg/m³,,raw,01:00:00,2025-12-20T20:00:00Z,2025-12-20T21:00:00+01:00,2025-12-20T21:00:00Z,2025-12-20T22:00:00+01:00,1,01:00:00,1,01:00:00,100.0,100.0,2025-12-20T20:00:00Z,2025-12-20T21:00:00+01:00,2025-12-20T21:00:00Z,2025-12-20T22:00:00+01:00
22.264,,,False,1,pm10,µg/m³,,raw,01:00:00,2025-12-20T21:00:00Z,2025-12-20T22:00:00+01:00,2025-12-20T22:00:00Z,2025-12-20T23:00:00+01:00,1,01:00:00,1,01:00:00,100.0,100.0,2025-12-20T21:00:00Z,2025-12-20T22:00:00+01:00,2025-12-20T22:00:00Z,2025-12-20T23:00:00+01:00
14.708,,,False,1,pm10,µg/m³,,raw,01:00:00,2025-12-20T22:00:00Z,2025-12-20T23:00:00+01:00,2025-12-20T23:00:00Z,2025-12-21T00:00:00+01:00,1,01:00:00,1,01:00:00,100.0,100.0,2025-12-20T22:00:00Z,2025-12-20T23:00:00+01:00,2025-12-20T23:00:00Z,2025-12-21T00:00:00+01:00
17.085,,,False,1,pm10,µg/m³,,raw,01:00:00,2025-12-20T23:00:00Z,2025-12-21T00:00:00+01:00,2025-12-21T00:00:00Z,2025-12-21T01:00:00+01:00,1,01:00:00,1,01:00:00,100.0,100.0,2025-12-20T23:00:00Z,2025-12-21T00:00:00+01:00,2025-12-21T00:00:00Z,2025-12-21T01:00:00+01:00
16.822,,,False,1,pm10,µg/m³,,raw,01:00:00,2025-12-21T00:00:00Z,2025-12-21T01:00:00+01:00,2025-12-21T01:00:00Z,2025-12-21T02:00:00+01:00,1,01:00:00,1,01:00:00,100.0,100.0,2025-12-21T00:00:00Z,2025-12-21T01:00:00+01:00,2025-12-21T01:00:00Z,2025-12-21T02:00:00+01:00
15.799,,,False,1,pm10,µg/m³,,raw,01:00:00,2025-12-21T01:00:00Z,2025-12-21T02:00:00+01:00,2025-12-21T02:00:00Z,2025-12-21T03:00:00+01:00,1,01:00:00,1,01:00:00,100.0,100.0,2025-12-21T01:00:00Z,2025-12-21T02:00:00+01:00,2025-12-21T02:00:00Z,2025-12-21T03:00:00+01:00
12.035,,,False,1,pm10,µg/m³,,raw,01:00:00,2025-12-21T02:00:00Z,2025-12-21T03:00:00+01:00,2025-12-21T03:00:00Z,2025-12-21T04:00:00+01:00,1,01:00:00,1,01:00:00,100.0,100.0,2025-12-21T02:00:00Z,2025-12-21T03:00:00+01:00,2025-12-21T03:00:00Z,2025-12-21T04:00:00+01:00
15.618,,,False,1,pm10,µg/m³,,raw,01:00:00,2025-12-21T03:00:00Z,2025-12-21T04:00:00+01:00,2025-12-21T04:00:00Z,2025-12-21T05:00:00+01:00,1,01:00:00,1,01:00:00,100.0,100.0,2025-12-21T03:00:00Z,2025-12-21T04:00:00+01:00,2025-12-21T04:00:00Z,2025-12-21T05:00:00+01:00
15.862,,,False,1,pm10,µg/m³,,raw,01:00:00,2025-12-21T04:00:00Z,2025-12-21T05:00:00+01:00,2025-12-21T05:00:00Z,2025-12-21T06:00:00+01:00,1,01:00:00,1,01:00:00,100.0,100.0,2025-12-21T04:00:00Z,2025-12-21T05:00:00+01:00,2025-12-21T05:00:00Z,2025-12-21T06:00:00+01:00
8.936,,,False,1,pm10,µg/m³,,raw,01:00:00,2025-12-21T05:00:00Z,2025-12-21T06:00:00+01:00,2025-12-21T06:00:00Z,2025-12-21T07:00:00+01:00,1,01:00:00,1,01:00:00,100.0,100.0,2025-12-21T05:00:00Z,2025-12-21T06:00:00+01:00,2025-12-21T06:00:00Z,2025-12-21T07:00:00+01:00
5.636,,,False,1,pm10,µg/m³,,raw,01:00:00,2025-12-21T06:00:00Z,2025-12-21T07:00:00+01:00,2025-12-21T07:00:00Z,2025-12-21T08:00:00+01:00,1,01:00:00,1,01:00:00,100.0,100.0,2025-12-21T06:00:00Z,2025-12-21T07:00:00+01:00,2025-12-21T07:00:00Z,2025-12-21T08:00:00+01:00
6.304,,,False,1,pm10,µg/m³,,raw,01:00:00,2025-12-21T07:00:00Z,2025-12-21T08:00:00+01:00,2025-12-21T08:00:00Z,2025-12-21T09:00:00+01:00,1,01:00:00,1,01:00:00,100.0,100.0,2025-12-21T07:00:00Z,2025-12-21T08:00:00+01:00,2025-12-21T08:00:00Z,2025-12-21T09:00:00+01:00
8.294,,,False,1,pm10,µg/m³,,raw,01:00:00,2025-12-21T08:00:00Z,2025-12-21T09:00:00+01:00,2025-12-21T09:00:00Z,2025-12-21T10:00:00+01:00,1,01:00:00,1,01:00:00,100.0,100.0,2025-12-21T08:00:00Z,2025-12-21T09:00:00+01:00,2025-12-21T09:00:00Z,2025-12-21T10:00:00+01:00
12.522,,,False,1,pm10,µg/m³,,raw,01:00:00,2025-12-21T09:00:00Z,2025-12-21T10:00:00+01:00,2025-12-21T10:00:00Z,2025-12-21T11:00:00+01:00,1,01:00:00,1,01:00:00,100.0,100.0,2025-12-21T09:00:00Z,2025-12-21T10:00:00+01:00,2025-12-21T10:00:00Z,2025-12-21T11:00:00+01:00
13.626,,,False,1,pm10,µg/m³,,raw,01:00:00,2025-12-21T10:00:00Z,2025-12-21T11:00:00+01:00,2025-12-21T11:00:00Z,2025-12-21T12:00:00+01:00,1,01:00:00,1,01:00:00,100.0,100.0,2025-12-21T10:00:00Z,2025-12-21T11:00:00+01:00,2025-12-21T11:00:00Z,2025-12-21T12:00:00+01:00
15.089,,,False,1,pm10,µg/m³,,raw,01:00:00,2025-12-21T11:00:00Z,2025-12-21T12:00:00+01:00,2025-12-21T12:00:00Z,2025-12-21T13:00:00+01:00,1,01:00:00,1,01:00:00,100.0,100.0,2025-12-21T11:00:00Z,2025-12-21T12:00:00+01:00,2025-12-21T12:00:00Z,2025-12-21T13:00:00+01:00
17.038,,,False,1,pm10,µg/m³,,raw,01:00:00,2025-12-21T12:00:00Z,2025-12-21T13:00:00+01:00,2025-12-21T13:00:00Z,2025-12-21T14:00:00+01:00,1,01:00:00,1,01:00:00,100.0,100.0,2025-12-21T12:00:00Z,2025-12-21T13:00:00+01:00,2025-12-21T13:00:00Z,2025-12-21T14:00:00+01:00
14.121,,,False,1,pm10,µg/m³,,raw,01:00:00,2025-12-21T13:00:00Z,2025-12-21T14:00:00+01:00,2025-12-21T14:00:00Z,2025-12-21T15:00:00+01:00,1,01:00:00,1,01:00:00,100.0,100.0,2025-12-21T13:00:00Z,2025-12-21T14:00:00+01:00,2025-12-21T14:00:00Z,2025-12-21T15:00:00+01:00
6.408,,,False,1,pm10,µg/m³,,raw,01:00:00,2025-12-21T14:00:00Z,2025-12-21T15:00:00+01:00,2025-12-21T15:00:00Z,2025-12-21T16:00:00+01:00,1,01:00:00,1,01:00:00,100.0,100.0,2025-12-21T14:00:00Z,2025-12-21T15:00:00+01:00,2025-12-21T15:00:00Z,2025-12-21T16:00:00+01:00
8.26,,,False,1,pm10,µg/m³,,raw,01:00:00,2025-12-21T16:00:00Z,2025-12-21T17:00:00+01:00,2025-12-21T17:00:00Z,2025-12-21T18:00:00+01:00,1,01:00:00,1,01:00:00,100.0,100.0,2025-12-21T16:00:00Z,2025-12-21T17:00:00+01:00,2025-12-21T17:00:00Z,2025-12-21T18:00:00+01:00
11.616,,,False,1,pm10,µg/m³,,raw,01:00:00,2025-12-21T17:00:00Z,2025-12-21T18:00:00+01:00,2025-12-21T18:00:00Z,2025-12-21T19:00:00+01:00,1,01:00:00,1,01:00:00,100.0,100.0,2025-12-21T17:00:00Z,2025-12-21T18:00:00+01:00,2025-12-21T18:00:00Z,2025-12-21T19:00:00+01:00
13.885,,,False,1,pm10,µg/m³,,raw,01:00:00,2025-12-21T18:00:00Z,2025-12-21T19:00:00+01:00,2025-12-21T19:00:00Z,2025-12-21T20:00:00+01:00,1,01:00:00,1,01:00:00,100.0,100.0,2025-12-21T18:00:00Z,2025-12-21T19:00:00+01:00,2025-12-21T19:00:00Z,2025-12-21T20:00:00+01:00
15.653,,,False,1,pm10,µg/m³,,raw,01:00:00,2025-12-21T19:00:00Z,2025-12-21T20:00:00+01:00,2025-12-21T20:00:00Z,2025-12-21T21:00:00+01:00,1,01:00:00,1,01:00:00,100.0,100.0,2025-12-21T19:00:00Z,2025-12-21T20:00:00+01:00,2025-12-21T20:00:00Z,2025-12-21T21:00:00+01:00
7.925,,,False,1,pm10,µg/m³,,raw,01:00:00,2025-12-21T20:00:00Z,2025-12-21T21:00:00+01:00,2025-12-21T21:00:00Z,2025-12-21T22:00:00+01:00,1,01:00:00,1,01:00:00,100.0,100.0,2025-12-21T20:00:00Z,2025-12-21T21:00:00+01:00,2025-12-21T21:00:00Z,2025-12-21T22:00:00+01:00
14.726,,,False,1,pm10,µg/m³,,raw,01:00:00,2025-12-21T21:00:00Z,2025-12-21T22:00:00+01:00,2025-12-21T22:00:00Z,2025-12-21T23:00:00+01:00,1,01:00:00,1,01:00:00,100.0,100.0,2025-12-21T21:00:00Z,2025-12-21T22:00:00+01:00,2025-12-21T22:00:00Z,2025-12-21T23:00:00+01:00
14.339,,,False,1,pm10,µg/m³,,raw,01:00:00,2025-12-21T22:00:00Z,2025-12-21T23:00:00+01:00,2025-12-21T23:00:00Z,2025-12-22T00:00:00+01:00,1,01:00:00,1,01:00:00,100.0,100.0,2025-12-21T22:00:00Z,2025-12-21T23:00:00+01:00,2025-12-21T23:00:00Z,2025-12-22T00:00:00+01:00
14.681,,,False,1,pm10,µg/m³,,raw,01:00:00,2025-12-21T23:00:00Z,2025-12-22T00:00:00+01:00,2025-12-22T00:00:00Z,2025-12-22T01:00:00+01:00,1,01:00:00,1,01:00:00,100.0,100.0,2025-12-21T23:00:00Z,2025-12-22T00:00:00+01:00,2025-12-22T00:00:00Z,2025-12-22T01:00:00+01:00
8.22,,,False,1,pm10,µg/m³,,raw,01:00:00,2025-12-22T00:00:00Z,2025-12-22T01:00:00+01:00,2025-12-22T01:00:00Z,2025-12-22T02:00:00+01:00,1,01:00:00,1,01:00:00,100.0,100.0,2025-12-22T00:00:00Z,2025-12-22T01:00:00+01:00,2025-12-22T01:00:00Z,2025-12-22T02:00:00+01:00
9.744,,,False,1,pm10,µg/m³,,raw,01:00:00,2025-12-22T01:00:00Z,2025-12-22T02:00:00+01:00,2025-12-22T02:00:00Z,2025-12-22T03:00:00+01:00,1,01:00:00,1,01:00:00,100.0,100.0,2025-12-22T01:00:00Z,2025-12-22T02:00:00+01:00,2025-12-22T02:00:00Z,2025-12-22T03:00:00+01:00
7.837,,,False,1,pm10,µg/m³,,raw,01:00:00,2025-12-22T02:00:00Z,2025-12-22T03:00:00+01:00,2025-12-22T03:00:00Z,2025-12-22T04:00:00+01:00,1,01:00:00,1,01:00:00,100.0,100.0,2025-12-22T02:00:00Z,2025-12-22T03:00:00+01:00,2025-12-22T03:00:00Z,2025-12-22T04:00:00+01:00
7.581,,,False,1,pm10,µg/m³,,raw,01:00:00,2025-12-22T03:00:00Z,2025-12-22T04:00:00+01:00,2025-12-22T04:00:00Z,2025-12-22T05:00:00+01:00,1,01:00:00,1,01:00:00,100.0,100.0,2025-12-22T03:00:00Z,2025-12-22T04:00:00+01:00,2025-12-22T04:00:00Z,2025-12-22T05:00:00+01:00
1.9,,,False,1,pm10,µg/m³,,raw,01:00:00,2025-12-22T05:00:00Z,2025-12-22T06:00:00+01:00,2025-12-22T06:00:00Z,2025-12-22T07:00:00+01:00,1,01:00:00,1,01:00:00,100.0,100.0,2025-12-22T05:00:00Z,2025-12-22T06:00:00+01:00,2025-12-22T06:00:00Z,2025-12-22T07:00:00+01:00
6.126,,,False,1,pm10,µg/m³,,raw,01:00:00,2025-12-22T06:00:00Z,2025-12-22T07:00:00+01:00,2025-12-22T07:00:00Z,2025-12-22T08:00:00+01:00,1,01:00:00,1,01:00:00,100.0,100.0,2025-12-22T06:00:00Z,2025-12-22T07:00:00+01:00,2025-12-22T07:00:00Z,2025-12-22T08:00:00+01:00
12.128,,,False,1,pm10,µg/m³,,raw,01:00:00,2025-12-22T07:00:00Z,2025-12-22T08:00:00+01:00,2025-12-22T08:00:00Z,2025-12-22T09:00:00+01:00,1,01:00:00,1,01:00:00,100.0,100.0,2025-12-22T07:00:00Z,2025-12-22T08:00:00+01:00,2025-12-22T08:00:00Z,2025-12-22T09:00:00+01:00
12.678,,,False,1,pm10,µg/m³,,raw,01:00:00,2025-12-22T08:00:00Z,2025-12-22T09:00:00+01:00,2025-12-22T09:00:00Z,2025-12-22T10:00:00+01:00,1,01:00:00,1,01:00:00,100.0,100.0,2025-12-22T08:00:00Z,2025-12-22T09:00:00+01:00,2025-12-22T09:00:00Z,2025-12-22T10:00:00+01:00
13.248,,,False,1,pm10,µg/m³,,raw,01:00:00,2025-12-22T09:00:00Z,2025-12-22T10:00:00+01:00,2025-12-22T10:00:00Z,2025-12-22T11:00:00+01:00,1,01:00:00,1,01:00:00,100.0,100.0,2025-12-22T09:00:00Z,2025-12-22T10:00:00+01:00,2025-12-22T10:00:00Z,2025-12-22T11:00:00+01:00
10.455,,,False,1,pm10,µg/m³,,raw,01:00:00,2025-12-22T10:00:00Z,2025-12-22T11:00:00+01:00,2025-12-22T11:00:00Z,2025-12-22T12:00:00+01:00,1,01:00:00,1,01:00:00,100.0,100.0,2025-12-22T10:00:00Z,2025-12-22T11:00:00+01:00,2025-12-22T11:00:00Z,2025-12-22T12:00:00+01:00
12.932,,,False,1,pm10,µg/m³,,raw,01:00:00,2025-12-22T11:00:00Z,2025-12-22T12:00:00+01:00,2025-12-22T12:00:00Z,2025-12-22T13:00:00+01:00,1,01:00:00,1,01:00:00,100.0,100.0,2025-12-22T11:00:00Z,2025-12-22T12:00:00+01:00,2025-12-22T12:00:00Z,2025-12-22T13:00:00+01:00
15.593,,,False,1,pm10,µg/m³,,raw,01:00:00,2025-12-22T12:00:00Z,2025-12-22T13:00:00+01:00,2025-12-22T13:00:00Z,2025-12-22T14:00:00+01:00,1,01:00:00,1,01:00:00,100.0,100.0,2025-12-22T12:00:00Z,2025-12-22T13:00:00+01:00,2025-12-22T13:00:00Z,2025-12-22T14:00:00+01:00
