datetime,pm10,temperature_2m,relative_humidity_2m,precipitation,wind_speed_10m,hour,day_of_week,is_weekend,pm10_lag_1h,pm10_lag_3h,pm10_lag_6h,pm10_rolling_6h_mean,pm10_rolling_24h_mean,pm10_next_1h
2025-11-03 08:00:00,1.799,6.2,97,0.0,17.3,8,0,0,1.795,4.527,6.711,2.5611666666666664,3.154,6.591
2025-11-03 09:00:00,6.591,6.9,92,0.1,18.2,9,0,0,1.799,1.79,3.683,3.045833333333333,3.583625,5.043
2025-11-03 10:00:00,5.043,7.5,85,0.1,18.6,10,0,0,6.591,1.795,1.773,3.5908333333333338,3.745777777777778,6.786
2025-11-03 11:00:00,6.786,8.4,75,0.2,20.5,11,0,0,5.043,1.799,4.527,3.967333333333333,4.049799999999999,1.813
2025-11-03 12:00:00,1.813,8.9,68,0.2,18.6,12,0,0,6.786,6.591,1.79,3.971166666666667,3.8464545454545456,4.733
2025-11-03 13:00:00,4.733,9.1,61,0.0,20.0,13,0,0,1.813,5.043,1.795,4.460833333333333,3.9203333333333332,6.946
2025-11-03 14:00:00,6.946,9.6,57,0.0,20.8,14,0,0,4.733,6.786,1.799,5.318666666666666,4.153076923076923,7.764
2025-11-03 15:00:00,7.764,9.2,59,0.0,18.5,15,0,0,6.946,1.813,6.591,5.514166666666665,4.411,8.461
2025-11-03 16:00:00,8.461,8.4,67,0.0,15.0,16,0,0,7.764,4.733,5.043,6.083833333333334,4.681,9.739
2025-11-03 17:00:00,9.739,7.2,72,0.0,14.4,17,0,0,8.461,6.946,6.786,6.5760000000000005,4.9971250000000005,9.644
2025-11-03 18:00:00,9.644,6.7,74,0.0,14.4,18,0,0,9.739,7.764,1.813,7.881166666666666,5.270470588235294,11.465
2025-11-03 19:00:00,11.465,6.5,78,0.0,14.9,19,0,0,9.644,8.461,4.733,9.003166666666667,5.614611111111111,13.851
2025-11-03 20:00:00,13.851,6.8,79,0.0,16.5,20,0,0,11.465,9.739,6.946,10.154000000000002,6.048105263157895,8.144
2025-11-03 22:00:00,8.144,6.3,90,0.0,17.1,22,0,0,13.851,9.644,7.764,10.217333333333334,6.152900000000001,8.125
2025-11-03 23:00:00,8.125,6.3,90,0.0,17.4,23,0,0,8.144,11.465,8.461,10.161333333333333,6.246809523809524,7.688
2025-11-04 00:00:00,7.688,6.6,88,0.0,18.2,0,1,0,8.125,13.851,9.739,9.8195,6.312318181818182,4.767
2025-11-04 01:00:00,4.767,7.1,87,0.0,17.4,1,1,0,7.688,8.144,9.644,9.006666666666666,6.245130434782609,1.816
2025-11-04 03:00:00,1.816,6.8,89,0.0,15.9,3,1,0,4.767,8.125,11.465,7.398500000000001,6.060583333333334,5.418
2025-11-04 04:00:00,5.418,6.7,91,0.0,15.7,4,1,0,1.816,7.688,13.851,5.992999999999999,6.006708333333333,5.631
2025-11-04 05:00:00,5.631,6.6,91,0.0,16.0,5,1,0,5.418,4.767,8.144,5.574166666666667,6.087875,6.733
2025-11-04 06:00:00,6.733,6.5,91,0.0,15.8,6,1,0,5.631,1.816,8.125,5.3421666666666665,6.2945416666666665,6.116
2025-11-04 07:00:00,6.116,6.9,91,0.0,15.4,7,1,0,6.733,5.418,7.688,5.080166666666667,6.36075,9.807
2025-11-04 08:00:00,9.807,7.6,87,0.0,14.7,8,1,0,6.116,5.631,4.767,5.920166666666667,6.694791666666666,12.818
2025-11-04 09:00:00,12.818,9.1,84,0.0,12.4,9,1,0,9.807,6.733,1.816,7.753833333333334,7.154083333333333,12.392
2025-11-04 10:00:00,12.392,10.8,78,0.0,13.4,10,1,0,12.818,6.116,5.418,8.916166666666667,7.595458333333333,13.102
2025-11-04 11:00:00,13.102,11.9,72,0.0,14.1,11,1,0,12.392,9.807,5.631,10.161333333333333,7.86675,11.678
2025-11-04 12:00:00,11.678,12.6,67,0.0,13.6,12,1,0,13.102,12.818,6.733,10.9855,8.143208333333334,12.313
2025-11-04 13:00:00,12.313,13.2,63,0.0,12.7,13,1,0,11.678,12.392,6.116,12.018333333333333,8.3735,11.095
2025-11-04 14:00:00,11.095,13.1,63,0.0,11.3,14,1,0,12.313,13.102,9.807,12.232999999999999,8.760250000000001,4.482
2025-11-04 15:00:00,4.482,12.6,68,0.0,9.0,15,1,0,11.095,11.678,12.818,10.843666666666666,8.749791666666667,9.231
2025-11-04 16:00:00,9.231,10.8,77,0.0,6.8,16,1,0,4.482,12.313,12.392,10.316833333333333,8.845,13.828
2025-11-04 17:00:00,13.828,9.1,82,0.0,8.0,17,1,0,9.231,11.095,13.102,10.437833333333332,9.097666666666667,13.95
2025-11-04 18:00:00,13.95,8.4,82,0.0,7.6,18,1,0,13.828,4.482,11.678,10.8165,9.326375,15.074
2025-11-04 19:00:00,15.074,7.1,86,0.0,8.4,19,1,0,13.95,9.231,12.313,11.276666666666666,9.548666666666668,15.532
2025-11-04 20:00:00,15.532,6.2,89,0.0,8.4,20,1,0,15.074,13.828,11.095,12.016166666666665,9.793999999999999,18.418
2025-11-04 21:00:00,18.418,6.0,89,0.0,10.0,21,1,0,15.532,13.95,4.482,14.338833333333334,10.083708333333334,15.566
2025-11-04 22:00:00,15.566,6.2,86,0.0,11.2,22,1,0,18.418,15.074,9.231,15.394666666666666,10.155166666666668,13.641
2025-11-04 23:00:00,13.641,6.3,84,0.0,12.0,23,1,0,15.566,15.532,13.828,15.363500000000002,10.384208333333333,14.367
2025-11-05 00:00:00,14.367,6.4,81,0.0,11.9,0,2,0,13.641,18.418,13.95,15.433,10.644291666666668,11.224
2025-11-05 01:00:00,11.224,6.4,76,0.0,11.0,1,2,0,14.367,15.566,15.074,14.791333333333334,10.791625000000002,7.941
2025-11-05 02:00:00,7.941,6.1,76,0.0,11.2,2,2,0,11.224,13.641,15.532,13.526166666666668,10.923875,8.03
2025-11-05 03:00:00,8.03,5.6,76,0.0,11.5,3,2,0,7.941,14.367,18.418,11.794833333333335,11.182791666666667,8.439
2025-11-05 04:00:00,8.439,5.3,76,0.0,11.9,4,2,0,8.03,11.224,15.566,10.607,11.308666666666667,5.508
2025-11-05 05:00:00,5.508,4.9,77,0.0,11.4,5,2,0,8.439,7.941,13.641,9.2515,11.303541666666666,5.036
2025-11-05 06:00:00,5.036,4.8,77,0.0,12.4,6,2,0,5.508,8.03,14.367,7.696333333333333,11.232833333333332,8.927
2025-11-05 07:00:00,8.927,4.9,75,0.0,12.0,7,2,0,5.036,8.439,11.224,7.3135,11.349958333333333,11.673
2025-11-05 08:00:00,11.673,5.6,74,0.0,12.7,8,2,0,8.927,5.508,7.941,7.9355,11.427708333333333,14.535
2025-11-05 09:00:00,14.535,8.1,68,0.0,11.6,9,2,0,11.673,5.036,8.03,9.019666666666666,11.499250000000002,25.378
2025-11-05 10:00:00,25.378,10.9,68,0.0,8.9,10,2,0,14.535,8.927,8.439,11.842833333333333,12.040333333333335,27.588
2025-11-05 11:00:00,27.588,13.9,65,0.0,6.2,11,2,0,25.378,11.673,5.508,15.522833333333333,12.643916666666668,24.377
2025-11-05 12:00:00,24.377,15.9,59,0.0,1.8,12,2,0,27.588,14.535,5.036,18.746333333333336,13.173041666666665,15.715
2025-11-05 14:00:00,15.715,16.6,56,0.0,3.5,14,2,0,24.377,25.378,8.927,19.877666666666666,13.314791666666666,20.512
2025-11-05 15:00:00,20.512,15.6,71,0.0,3.4,15,2,0,15.715,27.588,11.673,21.35083333333333,13.707166666666668,12.916
2025-11-05 16:00:00,12.916,12.6,72,0.0,7.5,16,2,0,20.512,24.377,14.535,21.081,14.058583333333333,11.238
2025-11-05 17:00:00,11.238,10.2,70,0.0,12.7,17,2,0,12.916,15.715,25.378,18.724333333333334,14.142208333333334,15.44
2025-11-05 18:00:00,15.44,8.1,70,0.0,13.0,18,2,0,11.238,20.512,27.588,16.69966666666667,14.209375000000001,14.127
2025-11-05 19:00:00,14.127,7.5,66,0.0,12.7,19,2,0,15.44,12.916,24.377,14.991333333333332,14.216750000000003,20.876
2025-11-05 20:00:00,20.876,6.8,67,0.0,11.5,20,2,0,14.127,11.238,15.715,15.851500000000001,14.4585,17.56
2025-11-05 21:00:00,17.56,6.2,71,0.0,10.3,21,2,0,20.876,15.44,20.512,15.359500000000002,14.543,13.068
2025-11-05 22:00:00,13.068,5.9,75,0.0,9.8,22,2,0,17.56,14.127,12.916,15.384833333333333,14.320083333333335,9.219
2025-11-05 23:00:00,9.219,5.8,78,0.0,9.0,23,2,0,13.068,20.876,11.238,15.048333333333332,14.055625,14.856
2025-11-06 00:00:00,14.856,5.4,79,0.0,8.4,0,3,0,9.219,17.56,15.44,14.951,14.106249999999998,16.807
2025-11-06 01:00:00,16.807,6.4,78,0.0,12.2,1,3,0,14.856,13.068,14.127,15.397666666666666,14.207916666666668,15.861
2025-11-06 02:00:00,15.861,6.4,81,0.0,13.9,2,3,0,16.807,9.219,20.876,14.561833333333333,14.401124999999999,11.897
2025-11-06 03:00:00,11.897,6.5,79,0.0,14.6,3,3,0,15.861,14.856,17.56,13.618,14.565958333333333,10.324
2025-11-06 04:00:00,10.324,6.3,77,0.0,12.7,4,3,0,11.897,16.807,13.068,13.160666666666666,14.661541666666666,7.661
2025-11-06 05:00:00,7.661,5.2,80,0.0,7.8,5,3,0,10.324,15.861,9.219,12.901000000000002,14.629125,8.004
2025-11-06 07:00:00,8.004,4.8,74,0.0,6.4,7,3,0,7.661,11.897,14.856,11.759,14.733125000000001,7.031
2025-11-06 08:00:00,7.031,5.4,75,0.0,6.4,8,3,0,8.004,10.324,16.807,10.129666666666667,14.816250000000002,13.036
2025-11-06 09:00:00,13.036,8.4,67,0.0,8.9,9,3,0,7.031,7.661,15.861,9.658833333333334,14.987458333333334,19.507
2025-11-06 10:00:00,19.507,9.6,62,0.0,7.6,10,3,0,13.036,8.004,11.897,10.927166666666666,15.313875000000001,15.778
2025-11-06 11:00:00,15.778,10.1,64,0.0,8.9,11,3,0,19.507,7.031,10.324,11.836166666666665,15.365666666666664,12.122
2025-11-06 12:00:00,12.122,10.6,65,0.0,10.1,12,3,0,15.778,13.036,7.661,12.579666666666666,14.813333333333333,15.966
2025-11-06 13:00:00,15.966,11.4,64,0.0,8.8,13,3,0,12.122,19.507,8.004,13.906666666666666,14.329083333333335,16.695
2025-11-06 14:00:00,16.695,11.4,65,0.0,7.9,14,3,0,15.966,15.778,7.031,15.517333333333333,14.009,10.823
2025-11-06 15:00:00,10.823,10.7,68,0.0,7.2,15,3,0,16.695,12.122,13.036,15.1485,13.805166666666665,11.673
2025-11-06 16:00:00,11.673,8.6,75,0.0,6.8,16,3,0,10.823,15.966,19.507,13.842833333333333,13.436874999999999,18.045
2025-11-06 17:00:00,18.045,6.4,78,0.0,10.0,17,3,0,11.673,16.695,15.778,14.220666666666668,13.650583333333332,19.291
2025-11-06 18:00:00,19.291,5.3,80,0.0,11.4,18,3,0,18.045,10.823,12.122,15.415500000000002,13.986125,16.954
2025-11-06 19:00:00,16.954,4.4,84,0.0,11.2,19,3,0,19.291,11.673,15.966,15.580166666666665,14.049208333333333,21.204
2025-11-06 20:00:00,21.204,4.8,85,0.0,10.5,20,3,0,16.954,18.045,16.695,16.331666666666667,14.344083333333332,25.0
2025-11-06 22:00:00,25.0,5.6,87,0.0,9.6,22,3,0,21.204,19.291,10.823,18.6945,14.515916666666667,25.915
2025-11-06 23:00:00,25.915,5.4,88,0.0,9.6,23,3,0,25.0,16.954,11.673,21.068166666666666,14.864041666666667,24.011
2025-11-07 00:00:00,24.011,5.3,89,0.0,10.6,0,4,0,25.915,21.204,18.045,22.0625,15.32,20.092
2025-11-07 01:00:00,20.092,4.3,92,0.0,9.4,1,4,0,24.011,25.0,19.291,22.195999999999998,15.773041666666666,23.243
2025-11-07 02:00:00,23.243,4.4,92,0.0,10.5,2,4,0,20.092,25.915,16.954,23.24416666666667,16.1225,20.898
2025-11-07 03:00:00,20.898,4.5,91,0.0,10.2,3,4,0,23.243,24.011,21.204,23.193166666666666,16.292958333333335,19.354
2025-11-07 04:00:00,19.354,3.9,92,0.0,7.6,4,4,0,20.898,20.092,25.0,22.252166666666664,16.4385,19.456
2025-11-07 05:00:00,19.456,3.3,92,0.0,7.9,5,4,0,19.354,23.243,25.915,21.175666666666668,16.753458333333334,21.729
2025-11-07 06:00:00,21.729,2.8,94,0.0,7.7,6,4,0,19.456,20.898,24.011,20.795333333333335,17.228666666666665,25.044
2025-11-07 07:00:00,25.044,1.6,97,0.0,5.2,7,4,0,21.729,19.354,20.092,21.620666666666665,17.95295833333333,25.753
2025-11-07 08:00:00,25.753,2.0,98,0.0,7.8,8,4,0,25.044,19.456,23.243,22.038999999999998,18.6925,34.402
2025-11-07 09:00:00,34.402,4.6,91,0.0,8.9,9,4,0,25.753,21.729,20.898,24.289666666666665,19.832958333333334,35.633
2025-11-07 10:00:00,35.633,7.4,83,0.0,8.5,10,4,0,34.402,25.044,19.354,27.00283333333333,20.7745,26.027
2025-11-07 11:00:00,26.027,9.0,75,0.0,9.0,11,4,0,35.633,25.753,19.456,28.098000000000003,21.046166666666668,22.464
2025-11-07 12:00:00,22.464,9.6,72,0.0,7.8,12,4,0,26.027,34.402,21.729,28.2205,21.32475,21.473
2025-11-07 13:00:00,21.473,10.1,69,0.0,5.2,13,4,0,22.464,35.633,25.044,27.62533333333333,21.714375,24.344
2025-11-07 14:00:00,24.344,10.0,69,0.0,6.5,14,4,0,21.473,26.027,25.753,27.390500000000003,22.063458333333333,22.857
2025-11-07 15:00:00,22.857,9.3,69,0.0,8.6,15,4,0,24.344,22.464,34.402,25.466333333333335,22.32020833333333,22.634
2025-11-07 16:00:00,22.634,7.7,76,0.0,7.5,16,4,0,22.857,21.473,35.633,23.299833333333336,22.81233333333333,24.094
2025-11-07 17:00:00,24.094,6.2,80,0.0,9.3,17,4,0,22.634,24.344,26.027,22.977666666666664,23.329874999999998,25.781
2025-11-07 18:00:00,25.781,5.4,83,0.0,8.1,18,4,0,24.094,22.857,22.464,23.5305,23.652208333333334,26.152
2025-11-07 19:00:00,26.152,4.2,89,0.0,4.8,19,4,0,25.781,22.634,21.473,24.310333333333336,23.938083333333328,32.032
2025-11-07 20:00:00,32.032,2.9,93,0.0,3.7,20,4,0,26.152,24.094,24.344,25.59166666666667,24.566333333333333,37.135
2025-11-08 01:00:00,37.135,1.5,92,0.0,2.3,1,5,1,32.032,25.781,22.857,27.971333333333334,25.230125,40.266
2025-11-08 02:00:00,40.266,0.6,95,0.0,4.2,2,5,1,37.135,26.152,22.634,30.91,25.866208333333333,39.454
2025-11-08 03:00:00,39.454,0.3,98,0.0,5.0,3,5,1,40.266,32.032,24.094,33.47,26.430333333333333,32.58
2025-11-08 04:00:00,32.58,0.2,99,0.0,4.8,4,5,1,39.454,37.135,25.781,34.60316666666666,26.787375,30.481
2025-11-08 05:00:00,30.481,0.2,99,0.0,4.6,5,5,1,32.58,40.266,26.152,35.324666666666666,27.220250000000004,30.247
2025-11-08 06:00:00,30.247,-0.2,99,0.0,4.4,6,5,1,30.481,39.454,32.032,35.027166666666666,27.512083333333333,30.8
2025-11-08 07:00:00,30.8,0.2,100,0.0,4.2,7,5,1,30.247,32.58,37.135,33.971333333333334,27.924666666666667,26.847
2025-11-08 08:00:00,26.847,0.9,100,0.0,5.7,8,5,1,30.8,30.481,40.266,31.73483333333333,28.236875,24.951
2025-11-08 09:00:00,24.951,3.2,98,0.0,4.8,9,5,1,26.847,30.247,39.454,29.317666666666668,28.465833333333332,26.903
2025-11-08 10:00:00,26.903,5.1,90,0.0,5.3,10,5,1,24.951,30.8,32.58,28.3715,28.681416666666664,30.197
2025-11-08 11:00:00,30.197,6.0,87,0.0,4.4,11,5,1,26.903,26.847,30.481,28.324166666666667,28.896124999999998,27.992
2025-11-08 12:00:00,27.992,6.5,86,0.0,2.5,12,5,1,30.197,24.951,30.247,27.948333333333334,28.98941666666667,18.354
2025-11-08 13:00:00,18.354,6.3,83,0.0,3.1,13,5,1,27.992,26.903,30.8,25.874,28.32075,16.244
2025-11-08 14:00:00,16.244,6.5,83,0.0,5.3,14,5,1,18.354,30.197,26.847,24.106833333333338,27.512874999999998,19.387
2025-11-08 15:00:00,19.387,6.2,86,0.0,7.6,15,5,1,16.244,27.992,24.951,23.1795,27.236208333333334,19.093
2025-11-08 16:00:00,19.093,5.4,88,0.0,6.7,16,5,1,19.387,18.354,26.903,21.87783333333333,27.09575,19.615
2025-11-08 17:00:00,19.615,4.7,93,0.0,3.3,17,5,1,19.093,16.244,30.197,20.114166666666666,27.018333333333334,19.541
2025-11-08 18:00:00,19.541,4.4,93,0.0,2.3,18,5,1,19.615,19.387,27.992,18.70566666666667,26.81820833333333,22.578
2025-11-08 19:00:00,22.578,4.5,87,0.0,6.0,19,5,1,19.541,19.093,18.354,19.409666666666666,26.806583333333332,19.468
2025-11-08 22:00:00,19.468,4.5,85,0.0,7.5,22,5,1,22.578,19.615,16.244,19.947,26.674666666666667,18.841
2025-11-08 23:00:00,18.841,4.2,87,0.0,6.5,23,5,1,19.468,19.541,19.387,19.855999999999998,26.45579166666667,18.801
2025-11-09 00:00:00,18.801,4.2,87,0.0,7.5,0,6,1,18.841,22.578,19.093,19.807333333333332,26.16495833333333,16.652
2025-11-09 01:00:00,16.652,4.2,89,0.0,7.2,1,6,1,18.801,19.468,19.615,19.3135,25.769125000000003,17.074
2025-11-09 02:00:00,17.074,4.3,87,0.0,7.5,2,6,1,16.652,18.841,19.541,18.902333333333335,25.145875,19.091
2025-11-09 03:00:00,19.091,4.1,89,0.3,7.2,3,6,1,17.074,18.801,22.578,18.321166666666667,24.394041666666666,14.274
2025-11-09 04:00:00,14.274,3.8,96,1.3,10.0,4,6,1,19.091,16.652,19.468,17.4555,23.311041666666668,10.216
2025-11-09 05:00:00,10.216,4.0,94,0.1,10.5,5,6,1,14.274,17.074,18.841,16.017999999999997,22.092791666666667,10.232
2025-11-09 06:00:00,10.232,4.0,95,0.0,8.7,6,6,1,10.216,19.091,18.801,14.589833333333333,21.161625,10.286
2025-11-09 07:00:00,10.286,4.2,96,0.0,7.7,7,6,1,10.232,14.274,16.652,13.528833333333333,20.32016666666667,10.985
2025-11-09 08:00:00,10.985,4.6,96,0.0,7.1,8,6,1,10.286,10.216,17.074,12.513999999999998,19.517583333333334,11.952
2025-11-09 09:00:00,11.952,5.3,94,0.0,6.7,9,6,1,10.985,10.232,19.091,11.324166666666665,18.73225,12.562
2025-11-09 10:00:00,12.562,6.1,91,0.0,8.9,10,6,1,11.952,10.286,14.274,11.038833333333331,18.137041666666665,14.065
2025-11-09 11:00:00,14.065,6.5,90,0.0,9.4,11,6,1,12.562,10.985,10.216,11.680333333333332,17.68345833333333,14.509
2025-11-09 12:00:00,14.509,6.9,88,0.1,9.7,12,6,1,14.065,11.952,10.232,12.393166666666668,17.167041666666666,12.402
2025-11-09 13:00:00,12.402,6.9,89,0.0,8.9,13,6,1,14.509,12.562,10.286,12.745833333333332,16.425583333333332,15.42
2025-11-09 14:00:00,15.42,7.0,89,0.0,9.2,14,6,1,12.402,14.065,10.985,13.485,15.90175,17.834
2025-11-09 15:00:00,17.834,6.8,91,0.0,9.0,15,6,1,15.42,14.509,11.952,14.465333333333334,15.880083333333333,23.438
2025-11-09 16:00:00,23.438,6.5,93,0.1,7.0,16,6,1,17.834,12.402,12.562,16.278000000000002,16.17983333333333,19.525
2025-11-09 17:00:00,19.525,6.3,95,0.1,7.1,17,6,1,23.438,15.42,14.065,17.188,16.185583333333334,16.538
2025-11-09 18:00:00,16.538,6.4,96,0.0,8.0,18,6,1,19.525,17.834,14.509,17.52616666666667,16.079124999999998,18.258
2025-11-09 19:00:00,18.258,6.6,99,0.4,7.8,19,6,1,16.538,23.438,12.402,18.502166666666668,16.022583333333333,8.718
2025-11-09 20:00:00,8.718,6.6,99,0.6,7.8,20,6,1,18.258,19.525,15.42,17.385166666666667,15.571625,28.177
2025-11-09 22:00:00,28.177,6.3,100,0.0,8.4,22,6,1,8.718,16.538,17.834,19.108999999999998,15.804916666666665,26.288
2025-11-09 23:00:00,26.288,6.3,99,0.0,9.5,23,6,1,28.177,18.258,23.438,19.584,16.089083333333335,22.321
2025-11-10 00:00:00,22.321,6.3,98,0.0,10.6,0,0,0,26.288,8.718,19.525,20.05,16.234083333333334,16.706
2025-11-10 01:00:00,16.706,6.4,99,0.0,9.7,1,0,0,22.321,28.177,16.538,20.078,16.146791666666665,15.876
2025-11-10 02:00:00,15.876,6.3,99,0.0,9.3,2,0,0,16.706,26.288,18.258,19.681,16.11445833333333,17.129
2025-11-10 03:00:00,17.129,6.5,99,0.0,9.5,3,0,0,15.876,22.321,8.718,21.08283333333333,16.11675,13.688
2025-11-10 04:00:00,13.688,6.6,98,0.0,9.8,4,0,0,17.129,16.706,28.177,18.668,15.891625,11.979
2025-11-10 05:00:00,11.979,6.5,99,0.0,10.2,5,0,0,13.688,15.876,26.288,16.283166666666666,15.796000000000001,10.914
2025-11-10 06:00:00,10.914,6.3,100,0.2,9.7,6,0,0,11.979,17.129,22.321,14.381999999999998,15.825083333333334,12.697
2025-11-10 07:00:00,12.697,6.5,100,0.2,9.5,7,0,0,10.914,13.688,16.706,13.713833333333334,15.927791666666666,16.229
2025-11-10 08:00:00,16.229,6.8,99,0.3,9.3,8,0,0,12.697,11.979,15.876,13.772666666666666,16.175416666666667,17.462
2025-11-10 09:00:00,17.462,6.9,99,0.0,11.8,9,0,0,16.229,10.914,17.129,13.828166666666668,16.445291666666666,22.324
2025-11-10 10:00:00,22.324,7.0,99,0.0,11.3,10,0,0,17.462,12.697,13.688,15.2675,16.877458333333333,20.581
2025-11-10 11:00:00,20.581,7.2,97,0.0,11.3,11,0,0,22.324,16.229,11.979,16.70116666666667,17.211583333333333,20.73
2025-11-10 12:00:00,20.73,7.9,89,0.0,9.7,12,0,0,20.581,17.462,10.914,18.337166666666665,17.489291666666666,15.684
2025-11-10 13:00:00,15.684,8.4,91,0.0,6.9,13,0,0,20.73,22.324,12.697,18.835,17.53825,16.724
2025-11-10 14:00:00,16.724,8.9,87,0.0,6.7,14,0,0,15.684,20.581,16.229,18.9175,17.718333333333334,18.145
2025-11-10 15:00:00,18.145,8.9,85,0.0,7.0,15,0,0,16.724,20.73,17.462,19.031333333333333,17.831875,16.917
2025-11-10 16:00:00,16.917,7.8,92,0.0,4.3,16,0,0,18.145,15.684,22.324,18.130166666666668,17.793666666666667,20.158
2025-11-10 17:00:00,20.158,6.2,94,0.0,4.5,17,0,0,16.917,16.724,20.581,18.05966666666667,17.657,22.396
2025-11-10 18:00:00,22.396,5.3,95,0.0,4.8,18,0,0,20.158,18.145,20.73,18.337333333333337,17.776625,25.125
2025-11-10 19:00:00,25.125,5.4,96,0.0,5.0,19,0,0,22.396,16.917,15.684,19.910833333333333,18.134416666666667,30.558
2025-11-10 20:00:00,30.558,4.7,96,0.0,5.9,20,0,0,25.125,20.158,16.724,22.2165,18.646916666666666,29.934
2025-11-10 21:00:00,29.934,4.7,96,0.0,8.6,21,0,0,30.558,22.396,18.145,24.18133333333333,19.530916666666666,28.326
2025-11-10 22:00:00,28.326,4.8,94,0.0,10.3,22,0,0,29.934,25.125,16.917,26.082833333333337,19.537125,33.02
2025-11-10 23:00:00,33.02,4.8,95,0.0,10.7,23,0,0,28.326,30.558,20.158,28.2265,19.817625,27.502
2025-11-11 00:00:00,27.502,5.0,95,0.0,12.5,0,1,0,33.02,29.934,22.396,29.0775,20.0335,25.973
2025-11-11 01:00:00,25.973,4.6,94,0.0,14.4,1,1,0,27.502,28.326,25.125,29.218833333333333,20.419625,25.766
2025-11-11 02:00:00,25.766,4.8,95,0.0,13.8,2,1,0,25.973,33.02,30.558,28.42016666666667,20.831708333333335,24.141
2025-11-11 03:00:00,24.141,5.8,95,0.0,12.5,3,1,0,25.766,27.502,29.934,27.454666666666668,21.123875,15.81
2025-11-11 04:00:00,15.81,6.1,94,0.0,15.0,4,1,0,24.141,25.973,28.326,25.368666666666666,21.21229166666667,13.34
2025-11-11 05:00:00,13.34,5.8,95,0.0,15.6,5,1,0,15.81,25.766,33.02,22.08866666666667,21.269,12.851
2025-11-11 06:00:00,12.851,5.7,94,0.0,16.5,6,1,0,13.34,24.141,27.502,19.646833333333333,21.349708333333336,11.569
2025-11-11 07:00:00,11.569,5.7,95,0.1,16.6,7,1,0,12.851,15.81,25.973,17.246166666666664,21.30270833333333,14.161
2025-11-11 08:00:00,14.161,6.3,94,0.5,17.5,8,1,0,11.569,13.34,25.766,15.312,21.216541666666668,12.068
2025-11-11 09:00:00,12.068,7.1,93,0.0,16.9,9,1,0,14.161,12.851,24.141,13.299833333333332,20.991791666666668,17.894
2025-11-11 10:00:00,17.894,7.6,91,0.0,19.5,10,1,0,12.068,11.569,15.81,13.647166666666669,20.80720833333333,4.364
2025-11-11 15:00:00,4.364,9.5,75,0.0,14.2,15,1,0,17.894,14.161,13.34,12.151166666666667,20.1315,4.34
2025-11-11 16:00:00,4.34,8.6,78,0.0,11.1,16,1,0,4.364,12.068,12.851,10.732666666666667,19.448583333333335,12.739
2025-11-11 17:00:00,12.739,7.1,85,0.0,10.8,17,1,0,4.34,17.894,11.569,10.927666666666667,19.325875,16.143
2025-11-11 18:00:00,16.143,6.7,86,0.0,12.7,18,1,0,12.739,4.364,14.161,11.258000000000001,19.301666666666666,12.765
2025-11-11 19:00:00,12.765,6.7,88,0.0,10.7,19,1,0,16.143,4.34,12.068,11.374166666666667,19.0775,15.028
2025-11-11 20:00:00,15.028,6.4,90,0.0,12.2,20,1,0,12.765,12.739,17.894,10.896500000000001,18.998791666666666,20.227
2025-11-11 22:00:00,20.227,5.9,90,0.0,9.9,22,1,0,15.028,16.143,4.364,13.540333333333335,19.001666666666665,20.594
2025-11-11 23:00:00,20.594,5.8,90,0.0,10.1,23,1,0,20.227,12.765,4.34,16.249333333333336,18.926583333333337,19.444
2025-11-12 00:00:00,19.444,5.8,90,0.0,10.4,0,2,0,20.594,15.028,12.739,17.366833333333332,18.689875,17.473
2025-11-12 01:00:00,17.473,5.2,89,0.0,9.9,1,2,0,19.444,20.227,16.143,17.5885,18.144666666666666,18.697
2025-11-12 02:00:00,18.697,4.8,90,0.0,9.6,2,2,0,17.473,20.594,12.765,18.577166666666667,17.676458333333333,20.115
2025-11-12 03:00:00,20.115,4.2,90,0.0,8.5,3,2,0,18.697,19.444,15.028,19.425,17.334333333333333,13.43
2025-11-12 04:00:00,13.43,4.3,90,0.0,10.6,4,2,0,20.115,17.473,20.227,18.292166666666667,16.518083333333333,7.72
2025-11-12 05:00:00,7.72,4.3,90,0.0,10.8,5,2,0,13.43,18.697,20.594,16.1465,15.693833333333332,11.54
2025-11-12 06:00:00,11.54,4.0,91,0.0,10.8,6,2,0,7.72,20.115,19.444,14.829166666666666,15.092458333333333,11.289
2025-11-12 07:00:00,11.289,3.9,92,0.0,12.5,7,2,0,11.54,13.43,17.473,13.798499999999999,14.48925,16.702
2025-11-12 08:00:00,16.702,4.7,92,0.0,13.1,8,2,0,11.289,7.72,18.697,13.466,14.179291666666666,28.314
2025-11-12 09:00:00,28.314,6.8,87,0.0,13.3,9,2,0,16.702,11.54,20.115,14.832500000000001,14.700291666666667,23.715
2025-11-12 11:00:00,23.715,11.2,74,0.0,11.2,11,2,0,28.314,11.289,13.43,16.546666666666667,15.132583333333335,16.839
2025-11-12 12:00:00,16.839,12.1,72,0.0,11.0,12,2,0,23.715,16.702,7.72,18.0665,15.29875,19.605
2025-11-12 13:00:00,19.605,13.4,65,0.0,9.7,13,2,0,16.839,28.314,11.54,19.410666666666668,15.633583333333334,19.18
2025-11-12 19:00:00,19.18,8.9,71,0.0,13.9,19,2,0,19.605,23.715,11.289,20.725833333333334,15.842708333333334,22.239
2025-11-12 20:00:00,22.239,9.2,67,0.0,15.7,20,2,0,19.18,16.839,16.702,21.648666666666667,16.2665,20.067
2025-11-12 21:00:00,20.067,9.9,62,0.0,16.0,21,2,0,22.239,19.605,28.314,20.274166666666666,16.357041666666667,14.196
2025-11-12 22:00:00,14.196,10.4,57,0.0,16.9,22,2,0,20.067,19.18,23.715,18.687666666666665,16.76670833333333,12.335
2025-11-12 23:00:00,12.335,10.5,55,0.0,17.5,23,2,0,14.196,22.239,16.839,17.937,17.099833333333333,15.538
2025-11-13 00:00:00,15.538,10.6,54,0.0,18.1,0,3,0,12.335,20.067,19.605,17.259166666666665,17.216458333333332,12.302
2025-11-13 01:00:00,12.302,10.4,55,0.0,18.0,1,3,0,15.538,14.196,19.18,16.112833333333334,17.056416666666667,10.202
2025-11-13 02:00:00,10.202,10.9,54,0.0,19.6,2,3,0,12.302,12.335,22.239,14.106666666666667,16.949625,7.16
2025-11-13 03:00:00,7.16,10.7,56,0.0,17.8,3,3,0,10.202,15.538,20.067,11.9555,16.621791666666667,4.338
2025-11-13 04:00:00,4.338,10.4,58,0.0,16.9,4,3,0,7.16,12.302,14.196,10.3125,15.95975,6.587
2025-11-13 05:00:00,6.587,10.4,57,0.0,17.1,5,3,0,4.338,10.202,12.335,9.3545,15.376125,7.094
2025-11-13 07:00:00,7.094,11.1,54,0.0,14.8,7,3,0,6.587,7.16,15.538,7.947166666666667,14.861541666666668,14.994
2025-11-13 08:00:00,14.994,12.1,52,0.0,17.9,8,3,0,7.094,4.338,12.302,8.395833333333334,14.758249999999999,23.872
2025-11-13 09:00:00,23.872,13.8,51,0.0,19.2,9,3,0,14.994,6.587,10.202,10.674166666666666,14.973875,30.5
2025-11-13 10:00:00,30.5,15.6,49,0.0,19.7,10,3,0,23.872,7.094,7.16,14.564166666666665,15.406583333333332,23.319
2025-11-13 11:00:00,23.319,17.0,46,0.0,19.9,11,3,0,30.5,14.994,4.338,17.727666666666668,15.818624999999999,17.796
2025-11-13 12:00:00,17.796,17.5,45,0.0,19.7,12,3,0,23.319,23.872,6.587,19.595833333333335,16.238458333333334,19.085
2025-11-13 13:00:00,19.085,17.1,45,0.0,18.4,13,3,0,17.796,30.5,7.094,21.594333333333335,16.552833333333332,14.283
2025-11-13 14:00:00,14.283,16.2,45,0.0,22.2,14,3,0,19.085,23.319,14.994,21.47583333333333,16.677583333333335,24.5
2025-11-13 15:00:00,24.5,15.1,49,0.0,21.7,15,3,0,14.283,17.796,23.872,21.5805,17.0025,16.552
2025-11-13 16:00:00,16.552,14.1,54,0.0,19.1,16,3,0,24.5,19.085,30.5,19.25583333333333,16.512416666666667,17.214
2025-11-13 17:00:00,17.214,13.4,53,0.0,20.5,17,3,0,16.552,14.283,23.319,18.238333333333333,16.241541666666667,21.27
2025-11-13 18:00:00,21.27,12.9,53,0.0,19.8,18,3,0,17.214,24.5,17.796,18.817333333333334,16.426166666666667,17.649
2025-11-13 19:00:00,17.649,12.8,55,0.0,18.6,19,3,0,21.27,16.552,19.085,18.578,16.344666666666665,5.682
2025-11-13 20:00:00,5.682,13.2,53,0.0,19.3,20,3,0,17.649,17.214,14.283,17.1445,15.78225,14.299
2025-11-13 22:00:00,14.299,12.8,56,0.0,17.2,22,3,0,5.682,21.27,24.5,15.444333333333333,15.451416666666667,15.065
2025-11-13 23:00:00,15.065,12.6,57,0.0,14.2,23,3,0,14.299,17.649,16.552,15.1965,15.243,9.063
2025-11-14 01:00:00,9.063,12.0,57,0.0,13.6,1,4,0,15.065,5.682,17.214,13.838000000000001,15.029125,10.615
2025-11-14 02:00:00,10.615,12.1,57,0.0,12.2,2,4,0,9.063,14.299,21.27,12.062166666666664,14.957458333333333,15.172
2025-11-14 03:00:00,15.172,13.1,52,0.0,16.3,3,4,0,10.615,15.065,17.649,11.649333333333333,14.942208333333333,8.719
2025-11-14 06:00:00,8.719,11.2,56,0.0,8.6,6,4,0,15.172,9.063,5.682,12.155499999999998,14.792916666666668,7.686
2025-11-14 07:00:00,7.686,12.4,53,0.0,12.6,7,4,0,8.719,10.615,14.299,11.053333333333335,14.688083333333333,17.601
2025-11-14 08:00:00,17.601,13.9,48,0.0,13.9,8,4,0,7.686,15.172,15.065,11.475999999999999,15.123125,23.003
2025-11-14 09:00:00,23.003,13.8,52,0.0,10.5,9,4,0,17.601,8.719,9.063,13.799333333333331,15.900833333333333,34.868
2025-11-14 10:00:00,34.868,14.8,53,0.0,9.2,10,4,0,23.003,7.686,10.615,17.8415,17.07920833333333,35.957
2025-11-14 12:00:00,35.957,17.8,39,0.0,16.5,12,4,0,34.868,17.601,15.172,21.305666666666667,18.281833333333335,33.978
2025-11-14 13:00:00,33.978,16.9,41,0.0,16.7,13,4,0,35.957,23.003,8.719,25.515500000000003,19.07283333333333,23.371
2025-11-14 15:00:00,23.371,15.6,41,0.0,17.9,15,4,0,33.978,34.868,7.686,28.129666666666665,19.051958333333335,36.703
2025-11-14 17:00:00,36.703,13.2,46,0.0,17.5,17,4,0,23.371,35.957,17.601,31.313333333333333,19.310416666666665,25.88
2025-11-14 18:00:00,25.88,12.9,47,0.0,16.9,18,4,0,36.703,33.978,23.003,31.792833333333334,19.417125,23.762
2025-11-14 19:00:00,23.762,12.8,50,0.0,15.1,19,4,0,25.88,23.371,34.868,29.941833333333335,19.66570833333333,22.62
2025-11-14 20:00:00,22.62,12.3,52,0.0,12.3,20,4,0,23.762,36.703,35.957,27.718999999999998,19.813,21.319
2025-11-14 22:00:00,21.319,10.3,60,0.0,9.5,22,4,0,22.62,25.88,33.978,25.609166666666667,20.106166666666667,24.311
2025-11-14 23:00:00,24.311,10.2,60,0.0,7.0,23,4,0,21.319,23.762,23.371,25.765833333333333,20.098291666666665,26.533
2025-11-15 00:00:00,26.533,10.8,59,0.0,7.0,0,5,1,24.311,22.62,36.703,24.070833333333336,20.514166666666668,29.394
2025-11-15 01:00:00,29.394,10.8,63,0.0,5.8,1,5,1,26.533,21.319,25.88,24.656499999999998,21.021666666666665,23.991
2025-11-15 02:00:00,23.991,10.3,65,0.0,5.2,2,5,1,29.394,24.311,23.762,24.694666666666667,21.135041666666666,23.409
2025-11-15 03:00:00,23.409,10.5,66,0.0,5.3,3,5,1,23.991,26.533,22.62,24.826166666666666,21.375041666666664,22.707
2025-11-15 04:00:00,22.707,9.4,73,0.0,7.0,4,5,1,23.409,29.394,21.319,25.0575,22.084416666666666,19.169
2025-11-15 05:00:00,19.169,9.4,77,0.1,1.9,5,5,1,22.707,23.991,24.311,24.2005,22.287333333333333,16.625
2025-11-15 06:00:00,16.625,8.5,82,0.0,0.9,6,5,1,19.169,23.409,26.533,22.549166666666668,22.352333333333334,17.021
2025-11-15 08:00:00,17.021,7.3,91,0.0,6.5,8,5,1,16.625,22.707,29.394,20.487,22.683916666666665,14.567
2025-11-15 09:00:00,14.567,7.9,90,0.0,8.8,9,5,1,17.021,19.169,23.991,18.91633333333333,22.848583333333334,9.306
2025-11-15 10:00:00,9.306,8.6,85,0.0,8.2,10,5,1,14.567,16.625,23.409,16.565833333333334,22.604166666666668,12.451
2025-11-15 11:00:00,12.451,9.1,83,0.0,5.3,11,5,1,9.306,17.021,22.707,14.856499999999999,22.759666666666664,12.877
2025-11-15 12:00:00,12.877,9.4,82,0.0,6.4,12,5,1,12.451,14.567,19.169,13.807833333333335,22.975958333333335,21.102
2025-11-15 13:00:00,21.102,10.9,79,0.0,7.2,13,5,1,12.877,9.306,16.625,14.554,23.12183333333334,19.387
2025-11-15 14:00:00,19.387,10.4,83,0.0,6.7,14,5,1,21.102,12.451,17.021,14.948333333333332,22.971166666666665,19.873
2025-11-15 15:00:00,19.873,9.7,84,0.0,5.5,15,5,1,19.387,12.877,14.567,15.832666666666666,22.346375,17.612
2025-11-15 16:00:00,17.612,9.1,88,0.1,3.8,16,5,1,19.873,21.102,9.306,17.217,21.581999999999997,20.232
2025-11-15 17:00:00,20.232,9.2,88,0.2,7.8,17,5,1,17.612,19.387,12.451,18.513833333333334,21.00925,28.587
2025-11-15 18:00:00,28.587,8.8,93,0.3,9.8,18,5,1,20.232,19.873,12.877,21.132166666666667,21.226583333333334,24.389
2025-11-15 19:00:00,24.389,9.1,94,0.7,9.3,19,5,1,28.587,17.612,21.102,21.680000000000003,20.7135,27.077
2025-11-15 20:00:00,27.077,8.6,96,0.1,3.3,20,5,1,24.389,20.232,19.387,22.96166666666667,20.763375,25.128
2025-11-15 22:00:00,25.128,7.6,99,1.4,3.9,22,5,1,27.077,28.587,19.873,23.837500000000002,20.820291666666666,28.091
2025-11-15 23:00:00,28.091,7.4,99,0.4,5.5,23,5,1,25.128,24.389,17.612,25.584000000000003,21.04825,15.003
2025-11-16 00:00:00,15.003,7.8,98,0.1,9.7,0,6,1,28.091,27.077,20.232,24.712500000000002,20.785083333333333,17.987
2025-11-16 01:00:00,17.987,6.6,99,0.1,5.8,1,6,1,15.003,25.128,28.587,22.945833333333336,20.521583333333336,22.817
2025-11-16 02:00:00,22.817,6.2,99,0.2,8.1,2,6,1,17.987,28.091,24.389,22.683833333333336,20.36675,25.265
2025-11-16 04:00:00,25.265,6.7,93,0.0,12.7,4,6,1,22.817,15.003,27.077,22.381833333333333,20.194708333333335,24.159
2025-11-16 05:00:00,24.159,6.8,89,0.0,13.7,5,6,1,25.265,17.987,25.128,22.220333333333333,20.201708333333332,23.833
2025-11-16 11:00:00,23.833,11.5,77,0.0,14.6,11,6,1,24.159,22.817,28.091,21.510666666666665,20.219375000000003,18.348
2025-11-16 12:00:00,18.348,12.1,74,0.0,15.5,12,6,1,23.833,25.265,15.003,22.068166666666666,20.03775,11.292
2025-11-16 13:00:00,11.292,12.1,72,0.0,14.8,13,6,1,18.348,24.159,17.987,20.952333333333332,19.709541666666667,11.527
2025-11-16 15:00:00,11.527,11.4,75,0.0,13.1,15,6,1,11.292,23.833,22.817,19.070666666666664,19.497125,13.315
2025-11-16 22:00:00,13.315,7.1,95,0.1,10.4,22,6,1,11.527,18.348,25.265,17.078999999999997,19.34270833333333,12.572
2025-11-16 23:00:00,12.572,6.2,100,0.1,10.1,23,6,1,13.315,11.292,24.159,15.147833333333333,19.259583333333335,8.268
2025-11-17 00:00:00,8.268,5.2,97,0.1,9.4,0,0,0,12.572,11.527,23.833,12.553666666666667,19.21633333333333,11.043
2025-11-17 01:00:00,11.043,4.3,98,0.0,12.0,1,0,0,8.268,13.315,18.348,11.336166666666665,19.157666666666668,1.827
2025-11-17 02:00:00,1.827,4.2,98,0.5,10.3,2,0,0,11.043,12.572,11.292,9.758666666666667,18.69725,1.836
2025-11-17 03:00:00,1.836,3.8,98,0.9,9.5,3,0,0,1.827,8.268,11.527,8.1435,17.894499999999997,1.84
2025-11-17 04:00:00,1.84,3.4,98,0.7,11.0,4,0,0,1.836,11.043,13.315,6.231000000000001,17.163375,1.848
2025-11-17 05:00:00,1.848,2.7,99,1.0,12.0,5,0,0,1.84,1.827,12.572,4.443666666666666,16.412333333333333,1.87
2025-11-17 06:00:00,1.87,1.9,100,0.8,8.9,6,0,0,1.848,1.836,8.268,3.377333333333333,15.756416666666667,1.876
2025-11-17 07:00:00,1.876,1.5,93,0.3,5.6,7,0,0,1.87,1.84,11.043,1.8495,14.991583333333333,3.883
2025-11-17 08:00:00,3.883,1.6,91,0.1,6.5,8,0,0,1.876,1.848,1.827,2.1921666666666666,13.96225,6.034
2025-11-17 09:00:00,6.034,1.9,92,0.0,7.3,9,0,0,3.883,1.87,1.836,2.891833333333333,13.197458333333332,12.648
2025-11-17 10:00:00,12.648,2.6,86,0.0,11.0,10,0,0,6.034,1.876,1.84,4.6931666666666665,12.59625,10.101
2025-11-17 11:00:00,10.101,3.0,85,0.0,14.2,11,0,0,12.648,3.883,1.848,6.068666666666666,11.970125000000001,10.775
2025-11-17 12:00:00,10.775,3.3,84,0.0,13.6,12,0,0,10.101,6.034,1.87,7.552833333333332,11.248624999999999,12.424
2025-11-17 13:00:00,12.424,2.9,92,0.0,15.0,13,0,0,10.775,12.648,1.876,9.310833333333333,11.141166666666669,14.769
2025-11-17 14:00:00,14.769,1.6,100,0.8,15.6,14,0,0,12.424,10.101,3.883,11.125166666666667,11.007083333333332,7.56
2025-11-17 15:00:00,7.56,1.6,100,0.7,15.9,15,0,0,14.769,10.775,6.034,11.3795,10.371375,6.255
2025-11-17 16:00:00,6.255,1.5,100,0.5,13.9,16,0,0,7.56,12.424,12.648,10.314,9.579291666666666,9.77
2025-11-17 17:00:00,9.77,0.9,100,1.0,12.8,17,0,0,6.255,14.769,10.101,10.258833333333333,8.979750000000001,1.892
2025-11-17 18:00:00,1.892,0.9,100,0.6,11.8,18,0,0,9.77,7.56,10.775,8.778333333333332,8.065541666666666,4.953
2025-11-17 20:00:00,4.953,0.6,100,0.0,14.9,20,0,0,1.892,6.255,12.424,7.533166666666666,7.507416666666667,7.19
2025-11-17 21:00:00,7.19,0.6,100,0.0,13.6,21,0,0,4.953,9.77,14.769,6.27,7.3365,5.351
2025-11-17 23:00:00,5.351,0.2,99,0.0,15.6,23,0,0,7.19,1.892,7.56,5.901833333333333,7.079166666666667,4.451
2025-11-18 00:00:00,4.451,0.0,99,0.0,14.4,0,1,0,5.351,4.953,6.255,5.601166666666667,6.709833333333333,7.494
2025-11-18 01:00:00,7.494,-0.1,98,0.0,14.2,1,1,0,4.451,7.19,9.77,5.2218333333333335,6.49825,5.923
2025-11-18 02:00:00,5.923,-0.3,98,0.0,14.8,2,1,0,7.494,5.351,1.892,5.893666666666667,6.400541666666666,7.992
2025-11-18 03:00:00,7.992,-0.6,99,0.0,15.5,3,1,0,5.923,4.451,4.953,6.400166666666666,6.273416666666666,7.966
2025-11-18 04:00:00,7.966,-0.9,98,0.0,15.9,4,1,0,7.992,7.494,7.19,6.5295,6.529208333333333,9.181
2025-11-18 05:00:00,9.181,-1.2,95,0.0,15.2,5,1,0,7.966,5.923,5.351,7.167833333333334,6.835250000000001,11.213
2025-11-18 06:00:00,11.213,-1.5,92,0.0,15.0,6,1,0,9.181,7.992,4.451,8.294833333333333,7.225791666666667,8.964
2025-11-18 07:00:00,8.964,-1.5,90,0.0,16.2,7,1,0,11.213,7.966,7.494,8.539833333333334,7.522291666666667,1.936
2025-11-18 08:00:00,1.936,-1.4,90,0.0,16.7,8,1,0,8.964,9.181,5.923,7.875333333333333,7.525041666666667,7.705
2025-11-18 09:00:00,7.705,-0.2,89,0.0,17.7,9,1,0,1.936,11.213,7.992,7.827500000000001,7.767916666666667,8.018
2025-11-18 10:00:00,8.018,1.3,83,0.0,18.5,10,1,0,7.705,8.964,7.966,7.836166666666667,7.9402083333333335,10.032
2025-11-18 11:00:00,10.032,2.1,80,0.0,17.6,11,1,0,8.018,1.936,9.181,7.977999999999999,8.106791666666668,15.21
2025-11-18 12:00:00,15.21,2.8,76,0.0,17.7,12,1,0,10.032,7.705,11.213,8.644166666666667,8.213541666666668,16.908
2025-11-18 13:00:00,16.908,2.2,80,0.0,18.3,13,1,0,15.21,8.018,8.964,9.968166666666667,8.497166666666667,20.596
2025-11-18 14:00:00,20.596,2.2,80,0.0,18.5,14,1,0,16.908,10.032,1.936,13.078166666666668,8.906375,22.28
2025-11-18 15:00:00,22.28,1.8,83,0.0,16.6,15,1,0,20.596,15.21,7.705,15.507333333333335,9.317041666666666,19.749
2025-11-18 17:00:00,19.749,0.1,89,0.0,14.7,17,1,0,22.28,16.908,8.018,17.462500000000002,9.524541666666666,18.911
2025-11-18 18:00:00,18.911,-0.4,89,0.0,14.9,18,1,0,19.749,20.596,10.032,18.942333333333334,9.9975,24.65
2025-11-18 19:00:00,24.65,0.0,89,0.0,15.3,19,1,0,18.911,22.28,15.21,20.515666666666664,10.763958333333333,19.507
2025-11-18 20:00:00,19.507,-0.4,89,0.0,14.9,20,1,0,24.65,19.749,16.908,20.948833333333333,11.169666666666666,16.987
2025-11-18 22:00:00,16.987,-1.1,86,0.0,15.8,22,1,0,19.507,18.911,20.596,20.347333333333335,11.798625,12.694
2025-11-18 23:00:00,12.694,-1.0,82,0.0,16.5,23,1,0,16.987,24.65,22.28,18.749666666666666,12.121166666666667,15.249
2025-11-19 00:00:00,15.249,-0.7,77,0.0,16.9,0,2,0,12.694,19.507,19.749,17.999666666666666,12.456958333333334,12.766
2025-11-19 01:00:00,12.766,-0.4,76,0.0,16.7,1,2,0,15.249,16.987,18.911,16.9755,12.765916666666667,13.682
2025-11-19 02:00:00,13.682,-0.6,76,0.0,17.5,2,2,0,12.766,12.694,24.65,15.1475,13.150541666666667,10.257
2025-11-19 03:00:00,10.257,-0.6,78,0.0,18.9,3,2,0,13.682,15.249,19.507,13.605833333333335,13.265666666666666,7.173
2025-11-19 04:00:00,7.173,-0.9,81,0.0,18.6,4,2,0,10.257,12.766,16.987,11.970166666666666,13.317750000000002,7.495
2025-11-19 05:00:00,7.495,-1.4,82,0.0,17.0,5,2,0,7.173,13.682,12.694,11.103666666666667,13.297041666666667,10.653
2025-11-19 06:00:00,10.653,-1.6,83,0.0,16.1,6,2,0,7.495,10.257,15.249,10.337666666666667,13.409,13.094
2025-11-19 07:00:00,13.094,-1.5,84,0.0,14.5,7,2,0,10.653,7.173,12.766,10.392333333333333,13.572041666666669,11.174
2025-11-19 08:00:00,11.174,-1.5,86,0.0,15.4,8,2,0,13.094,7.495,13.682,9.974333333333332,13.570416666666667,16.843
2025-11-19 09:00:00,16.843,0.0,82,0.0,18.5,9,2,0,11.174,10.653,10.257,11.071999999999997,13.898708333333333,13.739
2025-11-19 10:00:00,13.739,1.2,79,0.0,20.3,10,2,0,16.843,13.094,7.173,12.166333333333332,14.390500000000001,16.258
2025-11-19 12:00:00,16.258,3.3,69,0.0,15.5,12,2,0,13.739,11.174,7.495,13.626833333333332,14.746874999999998,13.94
2025-11-19 13:00:00,13.94,3.7,70,0.0,12.0,13,2,0,16.258,16.843,10.653,14.174666666666667,14.993625,12.519
2025-11-19 14:00:00,12.519,3.8,70,0.0,14.6,14,2,0,13.94,13.739,13.094,14.078833333333334,15.09725,14.172
2025-11-19 15:00:00,14.172,3.5,67,0.0,14.3,15,2,0,12.519,16.258,11.174,14.5785,15.054,8.119
2025-11-19 16:00:00,8.119,2.4,68,0.0,12.0,16,2,0,14.172,13.94,16.843,13.124500000000003,14.687791666666667,7.617
2025-11-19 17:00:00,7.617,1.6,70,0.0,13.7,17,2,0,8.119,12.519,13.739,12.104166666666666,14.147,10.708
2025-11-19 18:00:00,10.708,1.2,70,0.0,17.2,18,2,0,7.617,14.172,16.258,11.179166666666667,13.664833333333334,10.756
2025-11-19 19:00:00,10.756,0.9,71,0.0,14.0,19,2,0,10.708,8.119,13.94,10.6485,13.290124999999998,13.876
2025-11-19 20:00:00,13.876,0.8,70,0.0,13.3,20,2,0,10.756,7.617,12.519,10.874666666666664,13.080333333333334,11.514
2025-11-19 21:00:00,11.514,0.1,71,0.0,11.7,21,2,0,13.876,10.708,14.172,10.431666666666667,12.533,11.822
2025-11-19 22:00:00,11.822,-0.1,71,0.0,14.8,22,2,0,11.514,10.756,8.119,11.048833333333333,12.212791666666666,12.772
2025-11-19 23:00:00,12.772,-0.1,69,0.0,16.8,23,2,0,11.822,13.876,7.617,11.908000000000001,12.037166666666666,9.065
2025-11-20 00:00:00,9.065,0.2,68,0.1,14.9,0,3,0,12.772,11.514,10.708,11.634166666666667,11.885958333333333,12.786
2025-11-20 01:00:00,12.786,0.2,70,0.0,12.4,1,3,0,9.065,11.822,10.756,11.972500000000002,11.783333333333331,10.679
2025-11-20 02:00:00,10.679,0.3,75,0.2,14.4,2,3,0,12.786,12.772,13.876,11.439666666666666,11.696375000000002,9.625
2025-11-20 03:00:00,9.625,0.6,73,0.0,15.7,3,3,0,10.679,9.065,11.514,11.124833333333333,11.527333333333333,11.068
2025-11-20 04:00:00,11.068,0.4,77,0.0,15.2,4,3,0,9.625,12.786,11.822,10.999166666666667,11.561124999999999,15.003
2025-11-20 05:00:00,15.003,0.3,83,0.0,16.3,5,3,0,11.068,10.679,12.772,11.371,11.887374999999999,12.101
2025-11-20 06:00:00,12.101,0.9,84,0.0,17.4,6,3,0,15.003,9.625,9.065,11.877,12.079291666666665,8.426
2025-11-20 07:00:00,8.426,1.0,84,0.0,18.3,7,3,0,12.101,11.068,12.786,11.150333333333334,11.986500000000001,11.751
2025-11-20 08:00:00,11.751,0.6,86,0.0,18.0,8,3,0,8.426,15.003,10.679,11.329,11.930541666666665,16.38
2025-11-20 09:00:00,16.38,1.5,81,0.0,19.3,9,3,0,11.751,12.101,9.625,12.454833333333333,12.147458333333333,21.252
2025-11-20 10:00:00,21.252,2.5,79,0.0,19.8,10,3,0,16.38,8.426,11.068,14.152166666666666,12.331166666666666,21.177
2025-11-20 11:00:00,21.177,3.0,75,0.0,24.4,11,3,0,21.252,11.751,15.003,15.181166666666668,12.641083333333334,18.104
2025-11-20 12:00:00,18.104,2.2,83,0.2,19.6,12,3,0,21.177,16.38,12.101,16.18166666666667,12.718000000000002,9.535
2025-11-20 14:00:00,9.535,1.0,90,0.2,17.9,14,3,0,18.104,21.252,8.426,16.3665,12.534458333333333,7.49
2025-11-20 15:00:00,7.49,0.5,94,0.3,17.1,15,3,0,9.535,21.177,11.751,15.65633333333333,12.324916666666667,6.763
2025-11-20 16:00:00,6.763,0.6,93,0.1,14.9,16,3,0,7.49,18.104,16.38,14.0535,12.016208333333333,1.914
2025-11-20 17:00:00,1.914,0.2,91,0.0,14.5,17,3,0,6.763,9.535,21.252,10.8305,11.757666666666667,10.471
2025-11-20 18:00:00,10.471,-0.6,90,0.0,12.4,18,3,0,1.914,7.49,21.177,9.046166666666666,11.876583333333334,14.991
2025-11-20 19:00:00,14.991,-1.2,92,0.0,9.2,19,3,0,10.471,6.763,18.104,8.527333333333333,12.055041666666666,11.893
2025-11-20 20:00:00,11.893,-0.6,87,0.0,8.7,20,3,0,14.991,1.914,9.535,8.920333333333334,12.102416666666668,12.472
2025-11-20 21:00:00,12.472,-1.3,89,0.0,5.6,21,3,0,11.893,10.471,7.49,9.750666666666666,12.043916666666668,6.842
2025-11-20 22:00:00,6.842,-2.0,90,0.0,4.7,22,3,0,12.472,14.991,6.763,9.763833333333332,11.84925,10.244
2025-11-20 23:00:00,10.244,-2.7,90,0.0,5.4,23,3,0,6.842,11.893,1.914,11.152166666666666,11.783500000000002,10.365
2025-11-21 00:00:00,10.365,-3.4,91,0.0,5.6,0,4,0,10.244,12.472,10.471,11.134500000000001,11.683208333333333,11.047
2025-11-21 01:00:00,11.047,-3.5,89,0.0,5.1,1,4,0,10.365,6.842,14.991,10.477166666666667,11.765791666666667,11.8
2025-11-21 02:00:00,11.8,-3.8,89,0.0,2.8,2,4,0,11.047,10.244,11.893,10.461666666666668,11.724708333333334,11.73
2025-11-21 03:00:00,11.73,-4.0,90,0.0,2.3,3,4,0,11.8,10.365,12.472,10.338,11.768500000000001,12.059
2025-11-21 04:00:00,12.059,-4.0,91,0.0,2.2,4,4,0,11.73,11.047,6.842,11.207500000000001,11.869916666666667,10.109
2025-11-21 05:00:00,10.109,-4.0,92,0.0,2.7,5,4,0,12.059,11.8,10.244,11.185,11.829958333333332,9.144
2025-11-21 06:00:00,9.144,-3.8,92,0.0,2.7,6,4,0,10.109,11.73,10.365,10.981499999999999,11.585833333333333,11.868
2025-11-21 07:00:00,11.868,-4.4,92,0.0,3.2,7,4,0,9.144,12.059,11.047,11.118333333333334,11.576125,14.398
2025-11-21 08:00:00,14.398,-4.7,92,0.0,3.6,8,4,0,11.868,10.109,11.8,11.551333333333332,11.824958333333333,19.402
2025-11-21 10:00:00,19.402,-2.2,81,0.0,7.4,10,4,0,14.398,9.144,11.73,12.83,12.143749999999999,24.043
2025-11-21 11:00:00,24.043,-1.8,74,0.0,8.6,11,4,0,19.402,11.868,12.059,14.827333333333334,12.463041666666667,25.504
2025-11-21 12:00:00,25.504,-1.2,68,0.0,6.9,12,4,0,24.043,14.398,10.109,17.393166666666666,12.640208333333334,19.529
2025-11-21 13:00:00,19.529,-1.9,76,0.0,7.2,13,4,0,25.504,19.402,9.144,19.124,12.571541666666667,14.033
2025-11-21 14:00:00,14.033,-1.6,70,0.0,6.5,14,4,0,19.529,24.043,11.868,19.48483333333333,12.401916666666667,11.202
2025-11-21 15:00:00,11.202,-1.8,70,0.0,6.9,15,4,0,14.033,25.504,14.398,18.952166666666667,12.471375000000002,13.91
2025-11-21 16:00:00,13.91,-3.2,79,0.0,5.6,16,4,0,11.202,19.529,19.402,18.036833333333334,12.738875,18.657
2025-11-21 17:00:00,18.657,-5.1,87,0.0,5.5,17,4,0,13.91,14.033,24.043,17.139166666666664,13.23445833333333,16.353
2025-11-21 18:00:00,16.353,-4.4,86,0.0,2.7,18,4,0,18.657,11.202,25.504,15.613999999999999,13.836083333333333,16.28
2025-11-21 19:00:00,16.28,-3.4,88,0.0,5.5,19,4,0,16.353,13.91,19.529,15.0725,14.078125,24.728
2025-11-21 20:00:00,24.728,-2.8,85,0.0,5.9,20,4,0,16.28,18.657,14.033,16.855,14.483833333333335,30.249
2025-11-21 21:00:00,30.249,-2.7,83,0.0,5.5,21,4,0,24.728,16.353,11.202,20.0295,15.248666666666665,31.469
2025-11-21 22:00:00,31.469,-2.8,83,0.0,4.9,22,4,0,30.249,16.28,13.91,22.956,16.040208333333332,37.677
2025-11-21 23:00:00,37.677,-3.0,84,0.0,4.7,23,4,0,31.469,24.728,18.657,26.126,17.325,38.069
2025-11-22 00:00:00,38.069,-3.2,86,0.0,5.4,0,5,1,37.677,30.249,16.353,29.74533333333333,18.484375,34.105
2025-11-22 01:00:00,34.105,-4.0,93,0.0,5.6,1,5,1,38.069,31.469,16.28,32.716166666666666,19.473541666666666,30.527
2025-11-22 02:00:00,30.527,-4.7,94,0.0,5.4,2,5,1,34.105,37.677,24.728,33.68266666666667,20.285208333333333,25.034
2025-11-22 03:00:00,25.034,-5.4,94,0.0,5.1,3,5,1,30.527,38.069,30.249,32.8135,20.836625,24.492
2025-11-22 04:00:00,24.492,-5.6,94,0.0,5.0,4,5,1,25.034,34.105,31.469,31.650666666666666,21.368375,24.401
2025-11-22 05:00:00,24.401,-5.2,94,0.0,5.4,5,5,1,24.492,30.527,37.677,29.438,21.882625,24.123
2025-11-22 06:00:00,24.123,-5.0,94,0.0,5.7,6,5,1,24.401,25.034,38.069,27.113666666666663,22.466541666666668,23.331
2025-11-22 07:00:00,23.331,-5.1,91,0.0,7.9,7,5,1,24.123,24.492,34.105,25.317999999999998,23.057666666666666,21.374
2025-11-22 08:00:00,21.374,-5.4,93,0.0,6.8,8,5,1,23.331,24.401,30.527,23.7925,23.45375,23.732
2025-11-22 09:00:00,23.732,-4.7,86,0.0,7.3,9,5,1,21.374,24.123,25.034,23.5755,23.84266666666667,19.844
2025-11-22 10:00:00,19.844,-3.2,75,0.0,5.9,10,5,1,23.732,23.331,24.492,22.800833333333333,23.86108333333333,24.626
2025-11-22 11:00:00,24.626,-2.0,68,0.0,5.0,11,5,1,19.844,21.374,24.401,22.838333333333335,23.885374999999996,22.054
2025-11-22 12:00:00,22.054,-1.2,63,0.0,4.3,12,5,1,24.626,23.732,24.123,22.493499999999997,23.741625000000003,21.36
2025-11-22 13:00:00,21.36,-1.4,76,0.0,5.4,13,5,1,22.054,19.844,23.331,22.165000000000003,23.817916666666665,15.398
2025-11-22 14:00:00,15.398,-0.9,70,0.0,5.2,14,5,1,21.36,24.626,21.374,21.169,23.874791666666667,15.558
2025-11-22 15:00:00,15.558,-1.2,68,0.0,4.9,15,5,1,15.398,22.054,23.732,19.80666666666667,24.056291666666667,19.929
2025-11-22 16:00:00,19.929,-2.8,76,0.0,0.7,16,5,1,15.558,21.36,19.844,19.820833333333333,24.307083333333335,19.603
2025-11-22 17:00:00,19.603,-4.2,81,0.0,2.5,17,5,1,19.929,15.398,24.626,18.983666666666668,24.346500000000002,14.128
2025-11-22 18:00:00,14.128,-4.9,84,0.0,5.9,18,5,1,19.603,15.558,22.054,17.662666666666667,24.253791666666668,23.632
2025-11-22 19:00:00,23.632,-4.9,84,0.0,5.8,19,5,1,14.128,19.929,21.36,18.04133333333333,24.560125,28.486
2025-11-22 20:00:00,28.486,-5.8,83,0.0,5.5,20,5,1,23.632,19.603,15.398,20.222666666666665,24.716708333333333,33.787
2025-11-22 22:00:00,33.787,-6.3,85,0.0,6.7,22,5,1,28.486,14.128,15.558,23.260833333333334,24.864125,19.521
2025-11-22 23:00:00,19.521,-6.6,84,0.0,6.9,23,5,1,33.787,23.632,19.929,23.192833333333336,24.366291666666665,28.041
2025-11-23 00:00:00,28.041,-6.8,83,0.0,6.6,0,6,1,19.521,28.486,19.603,24.599166666666665,23.96479166666667,26.559
2025-11-23 01:00:00,26.559,-5.8,69,0.0,8.0,1,6,1,28.041,33.787,14.128,26.671000000000003,23.485208333333333,25.495
2025-11-23 02:00:00,25.495,-6.8,69,0.0,7.0,2,6,1,26.559,19.521,23.632,26.9815,23.126458333333332,23.256
2025-11-23 03:00:00,23.256,-7.2,65,0.0,7.4,3,6,1,25.495,28.041,28.486,26.10983333333333,22.8235,17.138
2025-11-23 04:00:00,17.138,-7.8,63,0.0,7.4,4,6,1,23.256,26.559,33.787,23.334999999999997,22.494500000000002,17.587
2025-11-23 05:00:00,17.587,-8.4,64,0.0,6.8,5,6,1,17.138,25.495,19.521,23.012666666666664,22.206791666666664,15.867
2025-11-23 06:00:00,15.867,-8.4,63,0.0,7.9,6,6,1,17.587,23.256,28.041,20.983666666666668,21.851208333333332,2.121
2025-11-23 07:00:00,2.121,-8.4,65,0.0,9.0,7,6,1,15.867,17.138,26.559,16.910666666666668,20.934458333333335,11.376
2025-11-23 08:00:00,11.376,-8.2,62,0.0,9.2,8,6,1,2.121,17.587,25.495,14.5575,20.436333333333334,8.99
2025-11-23 09:00:00,8.99,-5.9,47,0.0,9.4,9,6,1,11.376,15.867,23.256,12.179833333333335,19.920333333333332,11.024
2025-11-23 10:00:00,11.024,-3.0,37,0.0,6.1,10,6,1,8.99,2.121,17.138,11.160833333333334,19.390833333333333,14.104
2025-11-23 11:00:00,14.104,-0.5,26,0.0,6.6,11,6,1,11.024,11.376,17.587,10.580333333333334,19.151666666666667,31.122
2025-11-23 12:00:00,31.122,0.9,22,0.0,8.4,12,6,1,14.104,8.99,15.867,13.122833333333332,19.42233333333333,44.27
2025-11-23 13:00:00,44.27,1.1,35,0.0,7.7,13,6,1,31.122,11.024,2.121,20.14766666666667,20.348000000000003,59.188
2025-11-23 14:00:00,59.188,1.4,33,0.0,8.9,14,6,1,44.27,14.104,11.376,28.116333333333333,21.924166666666668,60.993
2025-11-23 15:00:00,60.993,0.2,35,0.0,7.4,15,6,1,59.188,31.122,8.99,36.7835,23.823958333333334,71.801
2025-11-23 16:00:00,71.801,-2.7,47,0.0,8.4,16,6,1,60.993,44.27,11.024,46.913000000000004,26.167416666666668,60.148
2025-11-23 17:00:00,60.148,-4.0,49,0.0,12.5,17,6,1,71.801,59.188,14.104,54.58700000000001,27.843208333333337,59.461
2025-11-23 18:00:00,59.461,-4.3,52,0.0,12.9,18,6,1,60.148,60.993,31.122,59.31016666666667,29.503958333333333,51.307
2025-11-23 19:00:00,51.307,-4.1,56,0.0,15.9,19,6,1,59.461,71.801,44.27,60.483000000000004,31.053083333333333,24.254
2025-11-23 22:00:00,24.254,-1.1,39,0.0,17.1,22,6,1,51.307,60.148,59.188,54.66066666666668,31.078999999999997,21.038
2025-11-23 23:00:00,21.038,-0.9,50,0.2,17.8,23,6,1,24.254,59.461,60.993,48.0015,30.768666666666665,18.792
2025-11-24 00:00:00,18.792,-0.3,58,0.2,19.1,0,0,0,21.038,51.307,71.801,39.166666666666664,30.143875000000005,16.126
2025-11-24 01:00:00,16.126,-0.4,66,0.0,15.7,1,0,0,18.792,24.254,60.148,31.829666666666668,30.002416666666665,8.798
2025-11-24 02:00:00,8.798,-0.3,72,0.1,15.3,2,0,0,16.126,21.038,59.461,23.385833333333334,29.200625000000002,9.327
2025-11-24 03:00:00,9.327,-0.2,77,0.2,14.7,3,0,0,8.798,18.792,51.307,16.389166666666668,28.482625,3.998
2025-11-24 04:00:00,3.998,0.0,79,0.1,14.9,4,0,0,9.327,16.126,24.254,13.013166666666669,27.586916666666667,1.938
2025-11-24 05:00:00,1.938,0.5,78,0.0,16.1,5,0,0,3.998,8.798,21.038,9.829833333333335,26.698666666666668,17.441
2025-11-24 06:00:00,17.441,0.8,80,0.0,16.2,6,0,0,1.938,9.327,18.792,9.604666666666667,26.711291666666668,42.855
2025-11-24 07:00:00,42.855,-0.1,82,0.0,16.4,7,0,0,17.441,3.998,16.126,14.0595,27.764124999999996,20.834
2025-11-24 08:00:00,20.834,-0.8,87,0.0,15.4,8,0,0,42.855,1.938,8.798,16.065499999999997,27.971083333333336,17.249
2025-11-24 09:00:00,17.249,0.3,85,0.0,15.5,9,0,0,20.834,17.441,9.327,17.385833333333334,28.601416666666665,11.872
2025-11-24 10:00:00,11.872,1.6,82,0.0,16.5,10,0,0,17.249,42.855,3.998,18.698166666666665,28.622083333333336,20.106
2025-11-24 11:00:00,20.106,2.7,77,0.0,14.0,11,0,0,11.872,20.834,1.938,21.726166666666668,29.085250000000002,18.802
2025-11-24 12:00:00,18.802,3.3,73,0.0,12.2,12,0,0,20.106,17.249,17.441,21.953,29.409333333333336,10.981
2025-11-24 13:00:00,10.981,3.8,77,0.0,11.9,13,0,0,18.802,11.872,42.855,16.640666666666668,29.279208333333333,8.093
2025-11-24 14:00:00,8.093,4.1,76,0.0,11.4,14,0,0,10.981,20.106,20.834,14.517166666666668,28.319666666666667,5.79
2025-11-24 15:00:00,5.79,3.2,81,0.0,10.5,15,0,0,8.093,18.802,17.249,12.607333333333335,26.716333333333335,8.295
2025-11-24 16:00:00,8.295,2.0,89,0.0,9.4,16,0,0,5.79,10.981,11.872,12.011166666666668,24.595791666666667,12.869
2025-11-24 17:00:00,12.869,1.5,90,0.0,11.2,17,0,0,8.295,8.093,20.106,10.805,22.590625000000003,13.931
2025-11-24 18:00:00,13.931,0.8,91,0.0,10.6,18,0,0,12.869,5.79,18.802,9.993166666666665,20.179374999999997,15.354
2025-11-24 19:00:00,15.354,0.2,90,0.0,10.0,19,0,0,13.931,8.295,10.981,10.722,18.312958333333334,16.824
2025-11-24 20:00:00,16.824,0.4,92,0.0,12.1,20,0,0,15.354,12.869,8.093,12.177166666666666,16.536416666666668,12.152
2025-11-24 22:00:00,12.152,0.6,94,0.0,9.1,22,0,0,16.824,13.931,5.79,13.237499999999999,14.904958333333333,13.624
2025-11-24 23:00:00,13.624,0.2,93,0.0,7.9,23,0,0,12.152,15.354,8.295,14.125666666666666,14.462041666666666,11.883
2025-11-25 00:00:00,11.883,0.2,94,0.0,10.9,0,1,0,13.624,16.824,12.869,13.961333333333334,14.080583333333335,11.043
2025-11-25 01:00:00,11.043,-0.1,94,0.0,9.9,1,1,0,11.883,12.152,13.931,13.479999999999999,13.757708333333332,8.739
2025-11-25 02:00:00,8.739,0.2,94,0.0,10.0,2,1,0,11.043,13.624,15.354,12.3775,13.449916666666667,8.101
2025-11-25 03:00:00,8.101,0.2,94,0.0,7.6,3,1,0,8.739,11.883,16.824,10.923666666666668,13.420875,7.79
2025-11-25 04:00:00,7.79,0.4,94,0.0,7.8,4,1,0,8.101,11.043,12.152,10.196666666666667,13.356833333333334,9.039
2025-11-25 05:00:00,9.039,0.3,94,0.0,7.7,5,1,0,7.79,8.739,13.624,9.4325,13.566875000000001,11.129
2025-11-25 07:00:00,11.129,-0.2,94,0.0,2.7,7,1,0,9.039,8.101,11.883,9.306833333333334,13.949833333333332,11.585
2025-11-25 08:00:00,11.585,-0.2,96,0.0,1.5,8,1,0,11.129,7.79,11.043,9.397166666666667,13.705833333333333,14.215
2025-11-25 09:00:00,14.215,0.6,95,0.0,3.9,9,1,0,11.585,9.039,8.739,10.309833333333334,12.512500000000001,16.8
2025-11-25 10:00:00,16.8,2.2,90,0.0,3.0,10,1,0,14.215,11.129,8.101,11.759666666666666,12.344416666666667,19.465
2025-11-25 11:00:00,19.465,3.2,87,0.0,3.5,11,1,0,16.8,11.585,7.79,13.7055,12.436750000000002,18.198
2025-11-25 12:00:00,18.198,3.6,86,0.0,3.6,12,1,0,19.465,14.215,9.039,15.232,12.700333333333333,20.272
2025-11-25 13:00:00,20.272,3.2,85,0.0,3.6,13,1,0,18.198,16.8,11.129,16.755833333333335,12.70725,14.091
2025-11-25 14:00:00,14.091,3.3,85,0.2,3.6,14,1,0,20.272,19.465,11.585,17.1735,12.510958333333335,6.723
2025-11-25 15:00:00,6.723,2.1,92,0.1,3.5,15,1,0,14.091,18.198,14.215,15.924833333333332,12.333541666666667,9.712
2025-11-25 16:00:00,9.712,0.7,98,0.0,7.0,16,1,0,6.723,20.272,16.8,14.7435,12.401000000000002,13.519
2025-11-25 17:00:00,13.519,-0.6,97,0.0,5.0,17,1,0,9.712,14.091,19.465,13.7525,12.723041666666667,15.122
2025-11-25 18:00:00,15.122,0.2,97,0.0,5.6,18,1,0,13.519,6.723,18.198,13.239833333333335,13.0075,14.784
2025-11-25 19:00:00,14.784,0.4,99,0.1,8.4,19,1,0,15.122,9.712,20.272,12.325166666666666,13.087291666666667,21.694
2025-11-25 20:00:00,21.694,0.1,100,0.1,7.8,20,1,0,14.784,13.519,14.091,13.592333333333334,13.41075,21.814
2025-11-26 03:00:00,21.814,-0.4,99,0.3,14.3,3,2,0,21.694,15.122,6.723,16.1075,13.679916666666665,18.378
2025-11-26 04:00:00,18.378,-0.7,99,0.3,14.3,4,2,0,21.814,14.784,9.712,17.551833333333335,13.744666666666667,21.301
2025-11-26 06:00:00,21.301,-1.1,99,0.3,12.9,6,2,0,18.378,21.694,13.519,18.84883333333333,14.125874999999999,29.87
2025-11-26 09:00:00,29.87,-2.0,99,0.4,12.7,9,2,0,21.301,21.814,15.122,21.306833333333334,14.802791666666666,29.671
2025-11-26 10:00:00,29.671,-1.9,99,0.3,11.6,10,2,0,29.87,18.378,14.784,23.788,15.54395833333333,27.994
2025-11-26 11:00:00,27.994,-1.8,99,0.2,13.6,11,2,0,29.671,21.301,21.694,24.837999999999997,16.250249999999998,25.143
2025-11-26 12:00:00,25.143,-1.6,99,0.1,13.3,12,2,0,27.994,29.87,21.814,25.392833333333332,16.93375,23.383
2025-11-26 13:00:00,23.383,-1.2,99,0.1,12.2,13,2,0,25.143,29.671,18.378,26.227,17.5705,22.083
2025-11-26 14:00:00,22.083,-1.2,98,0.4,13.1,14,2,0,23.383,27.994,21.301,26.357333333333333,18.166041666666665,22.521
2025-11-26 15:00:00,22.521,-1.2,99,0.4,15.3,15,2,0,22.083,25.143,29.87,25.132499999999997,18.727791666666665,21.862
2025-11-26 16:00:00,21.862,-1.1,100,0.6,16.7,16,2,0,22.521,23.383,29.671,23.831,19.175,25.731
2025-11-26 17:00:00,25.731,-0.9,100,0.1,15.6,17,2,0,21.862,22.083,27.994,23.453833333333336,19.764416666666666,22.637
2025-11-26 18:00:00,22.637,-0.5,100,0.0,13.5,18,2,0,25.731,22.521,25.143,23.03616666666667,20.115333333333336,26.918
2025-11-26 19:00:00,26.918,-0.2,100,0.0,13.7,19,2,0,22.637,21.862,23.383,23.625333333333334,20.536916666666666,28.186
2025-11-26 20:00:00,28.186,-0.1,100,0.3,13.1,20,2,0,26.918,25.731,22.083,24.6425,20.900291666666664,22.484
2025-11-26 22:00:00,22.484,0.1,100,0.0,14.8,22,2,0,28.186,22.637,22.521,24.63633333333333,21.078875,15.942
2025-11-26 23:00:00,15.942,0.2,100,0.0,14.5,23,2,0,22.484,26.918,21.862,23.649666666666665,20.898458333333334,20.886
2025-11-27 00:00:00,20.886,0.1,100,0.0,11.6,0,3,0,15.942,28.186,25.731,22.842166666666667,21.181583333333332,16.263
2025-11-27 01:00:00,16.263,0.0,99,0.0,8.6,1,3,0,20.886,22.484,22.637,21.779833333333332,21.579083333333333,15.977
2025-11-27 02:00:00,15.977,-0.6,98,0.0,8.3,2,3,0,16.263,15.942,26.918,19.956333333333333,21.840125,13.981
2025-11-27 03:00:00,13.981,-0.6,98,0.0,9.6,3,3,0,15.977,20.886,28.186,17.588833333333334,21.859375,11.575
2025-11-27 04:00:00,11.575,-0.6,96,0.0,10.4,4,3,0,13.981,16.263,22.484,15.770666666666665,21.711583333333333,12.966
2025-11-27 05:00:00,12.966,-0.9,96,0.0,10.0,5,3,0,11.575,15.977,15.942,15.274666666666667,21.635833333333334,9.769
2025-11-27 07:00:00,9.769,-0.9,93,0.0,11.8,7,3,0,12.966,13.981,20.886,13.421833333333332,21.138958333333335,10.22
2025-11-27 08:00:00,10.22,-1.4,92,0.0,13.7,8,3,0,9.769,11.575,16.263,12.414666666666667,20.655874999999998,15.999
2025-11-27 09:00:00,15.999,-1.6,91,0.0,12.9,9,3,0,10.22,12.966,15.977,12.418333333333335,20.55675,18.298
2025-11-27 10:00:00,18.298,-1.0,90,0.0,12.5,10,3,0,15.999,9.769,13.981,13.137833333333333,20.431625,15.454
2025-11-27 11:00:00,15.454,-0.4,87,0.0,15.9,11,3,0,18.298,10.22,11.575,13.78433333333333,19.830958333333335,11.818
2025-11-27 12:00:00,11.818,0.1,84,0.0,16.4,12,3,0,15.454,15.999,12.966,13.593000000000002,19.087083333333336,14.114
2025-11-27 13:00:00,14.114,0.5,81,0.0,19.5,13,3,0,11.818,18.298,9.769,14.317166666666665,18.50875,17.305
2025-11-27 14:00:00,17.305,0.6,78,0.0,18.0,14,3,0,14.114,15.454,10.22,15.498,18.182166666666667,18.935
2025-11-27 15:00:00,18.935,0.3,79,0.0,14.5,15,3,0,17.305,11.818,15.999,15.987333333333334,17.99683333333333,21.022
2025-11-27 16:00:00,21.022,-0.2,80,0.0,14.7,16,3,0,18.935,14.114,18.298,16.441333333333333,17.952625,30.311
2025-11-27 17:00:00,30.311,-0.7,83,0.0,15.3,17,3,0,21.022,17.305,15.454,18.9175,18.277208333333334,20.617
2025-11-27 18:00:00,20.617,-0.9,84,0.0,15.9,18,3,0,30.311,18.935,11.818,20.384,18.22533333333333,18.857
2025-11-27 19:00:00,18.857,-0.6,84,0.0,17.6,19,3,0,20.617,21.022,14.114,21.1745,17.938916666666668,10.217
2025-11-28 03:00:00,10.217,0.5,80,0.0,18.0,3,4,0,18.857,30.311,17.305,19.993166666666667,17.421416666666666,13.932
2025-11-28 05:00:00,13.932,0.9,83,0.0,18.1,5,4,0,10.217,20.617,18.935,19.159333333333333,16.880333333333333,12.445
2025-11-28 06:00:00,12.445,0.6,85,0.0,17.6,6,4,0,13.932,18.857,21.022,17.729833333333335,16.224458333333335,8.236
2025-11-28 08:00:00,8.236,1.2,86,0.0,17.0,8,4,0,12.445,10.217,30.311,14.050666666666666,15.630791666666667,9.628
2025-11-28 09:00:00,9.628,2.2,82,0.0,16.9,9,4,0,8.236,13.932,20.617,12.219166666666666,15.367708333333333,13.471
2025-11-28 16:00:00,13.471,3.0,90,0.0,14.3,16,4,0,9.628,12.445,18.857,11.3215,15.058749999999998,12.145
2025-11-28 17:00:00,12.145,2.3,91,0.0,14.9,17,4,0,13.471,8.236,10.217,11.642833333333334,14.887166666666667,24.297
2025-11-28 19:00:00,24.297,2.7,92,0.0,16.8,19,4,0,12.145,9.628,13.932,13.370333333333335,15.233833333333331,7.343
2025-11-29 10:00:00,7.343,4.3,92,0.0,10.6,10,5,1,24.297,13.471,12.445,12.520000000000001,14.95725,20.023
2025-11-30 00:00:00,20.023,4.0,96,0.0,13.1,0,6,1,7.343,12.145,8.236,14.484500000000002,15.30925,6.758
2025-11-30 15:00:00,6.758,8.0,78,0.0,9.9,15,6,1,20.023,24.297,9.628,14.006166666666667,15.050583333333334,17.818
2025-11-30 18:00:00,17.818,5.6,83,0.2,10.1,18,6,1,6.758,7.343,13.471,14.730666666666666,15.385958333333333,12.639
2025-11-30 19:00:00,12.639,4.5,91,0.6,7.8,19,6,1,17.818,20.023,12.145,14.813,15.48675,4.986
2025-12-01 03:00:00,4.986,3.9,96,0.0,11.3,3,0,0,12.639,6.758,24.297,11.594499999999998,15.027875,8.273
2025-12-01 04:00:00,8.273,3.8,97,0.0,10.3,4,0,0,4.986,17.818,7.343,11.7495,14.610166666666666,9.241
2025-12-01 05:00:00,9.241,3.7,97,0.0,9.8,5,0,0,8.273,12.639,20.023,9.9525,14.351291666666667,1.844
2025-12-01 06:00:00,1.844,3.7,97,0.0,8.2,6,0,0,9.241,4.986,6.758,9.1335,13.935708333333332,17.36
2025-12-01 08:00:00,17.36,3.4,98,0.0,8.5,8,0,0,1.844,8.273,17.818,9.057166666666667,14.070958333333335,15.214
2025-12-01 09:00:00,15.214,2.9,96,0.1,13.4,9,0,0,17.36,9.241,12.639,9.486333333333334,13.983833333333335,17.889
2025-12-01 10:00:00,17.889,2.5,91,0.0,11.6,10,0,0,15.214,1.844,4.986,11.636833333333334,13.94025,8.831
2025-12-01 11:00:00,8.831,2.9,84,0.0,11.9,11,0,0,17.889,17.36,8.273,11.729833333333334,13.432291666666666,8.976
2025-12-01 12:00:00,8.976,3.5,76,0.0,13.9,12,0,0,8.831,15.214,9.241,11.685666666666668,12.543333333333331,16.606
2025-12-01 13:00:00,16.606,3.8,69,0.0,12.0,13,0,0,8.976,17.889,1.844,14.146,12.376208333333333,17.436
2025-12-01 14:00:00,17.436,3.9,68,0.0,10.8,14,0,0,16.606,8.831,17.36,14.158666666666667,12.317,20.906
2025-12-01 15:00:00,20.906,3.5,71,0.0,8.0,15,0,0,17.436,8.976,15.214,15.107333333333335,12.762375,20.687
2025-12-01 16:00:00,20.687,1.1,85,0.0,5.2,16,0,0,20.906,16.606,17.889,15.573666666666668,13.043833333333334,30.379
2025-12-01 17:00:00,30.379,0.1,85,0.0,6.2,17,0,0,20.687,17.436,8.831,19.165000000000003,13.791083333333333,43.989
2025-12-01 18:00:00,43.989,-0.3,86,0.0,7.4,18,0,0,30.379,20.906,8.976,25.0005,15.280791666666667,32.483
2025-12-01 20:00:00,32.483,-1.4,88,0.0,6.9,20,0,0,43.989,20.687,16.606,27.646666666666665,16.233083333333337,16.007
2025-12-02 02:00:00,16.007,-1.2,88,0.0,5.8,2,1,0,32.483,30.379,17.436,27.4085,16.33875,28.6
2025-12-02 07:00:00,28.6,1.4,92,0.0,6.6,7,1,0,16.007,43.989,20.906,28.69083333333333,17.024375,22.748
2025-12-02 08:00:00,22.748,1.8,90,0.0,6.7,8,1,0,28.6,32.483,20.687,29.034333333333336,16.959833333333332,15.984
2025-12-02 09:00:00,15.984,2.5,88,0.0,7.4,9,1,0,22.748,16.007,30.379,26.635166666666663,17.319875,20.673
2025-12-02 10:00:00,20.673,3.3,84,0.0,8.7,10,1,0,15.984,28.6,43.989,22.749166666666667,17.346958333333333,25.674
2025-12-02 11:00:00,25.674,4.3,79,0.0,7.6,11,1,0,20.673,22.748,32.483,21.61433333333333,18.135125,20.797
2025-12-02 12:00:00,20.797,5.3,74,0.0,9.3,12,1,0,25.674,15.984,16.007,22.412666666666667,18.259249999999998,26.946
2025-12-02 13:00:00,26.946,6.2,69,0.0,11.0,13,1,0,20.797,20.673,28.6,22.137,18.855375,26.571
2025-12-02 14:00:00,26.571,6.2,67,0.0,10.1,14,1,0,26.946,25.674,22.748,22.77416666666667,19.75475,23.922
2025-12-02 15:00:00,23.922,5.2,72,0.0,7.7,15,1,0,26.571,20.797,15.984,24.097166666666666,20.406791666666667,24.154
2025-12-02 16:00:00,24.154,2.2,84,0.0,7.2,16,1,0,23.922,26.946,20.673,24.677333333333333,21.028166666666667,36.089
2025-12-02 17:00:00,36.089,1.0,85,0.0,8.1,17,1,0,24.154,26.571,25.674,26.413166666666665,22.45504166666667,47.144
2025-12-02 18:00:00,47.144,0.1,87,0.0,9.8,18,1,0,36.089,23.922,20.797,30.804333333333332,23.69604166666667,45.797
2025-12-02 19:00:00,45.797,-0.2,88,0.0,11.3,19,1,0,47.144,24.154,26.946,33.94616666666666,24.970333333333333,29.982
2025-12-02 20:00:00,29.982,-0.4,91,0.0,10.9,20,1,0,45.797,36.089,26.571,34.51466666666666,25.474208333333337,29.129
2025-12-02 21:00:00,29.129,-0.5,92,0.0,10.9,21,1,0,29.982,47.144,23.922,35.3825,26.319958333333332,22.581
2025-12-02 22:00:00,22.581,-0.7,93,0.0,11.4,22,1,0,29.129,45.797,24.154,35.12033333333333,26.886833333333332,19.713
2025-12-02 23:00:00,19.713,-0.2,92,0.0,10.8,23,1,0,22.581,29.982,36.089,32.391,27.01629166666667,17.563
2025-12-03 00:00:00,17.563,0.5,89,0.0,8.5,0,2,0,19.713,29.129,47.144,27.460833333333337,27.021583333333336,14.781
2025-12-03 01:00:00,14.781,0.3,83,0.0,7.2,1,2,0,17.563,22.581,45.797,22.2915,26.766375,10.98
2025-12-03 02:00:00,10.98,0.7,81,0.0,8.0,2,2,0,14.781,19.713,29.982,19.1245,26.36191666666667,12.605
2025-12-03 03:00:00,12.605,1.2,79,0.0,9.2,3,2,0,10.98,17.563,29.129,16.3705,25.621333333333336,13.59
2025-12-03 04:00:00,13.59,1.5,82,0.0,10.7,4,2,0,12.605,14.781,22.581,14.872,24.354708333333335,12.292
2025-12-03 05:00:00,12.292,1.9,81,0.0,12.1,5,2,0,13.59,10.98,19.713,13.635166666666668,23.513416666666668,13.59
2025-12-03 06:00:00,13.59,1.6,82,0.0,12.1,6,2,0,12.292,12.605,17.563,12.973,23.41270833333333,12.54
2025-12-03 07:00:00,12.54,1.4,83,0.0,9.5,7,2,0,13.59,13.59,14.781,12.599499999999999,22.743541666666662,16.38
2025-12-03 08:00:00,16.38,1.5,81,0.0,9.2,8,2,0,12.54,12.292,10.98,13.499499999999998,22.47820833333333,20.299
2025-12-03 09:00:00,20.299,2.0,80,0.0,9.8,9,2,0,16.38,13.59,12.605,14.781833333333333,22.657999999999998,25.993
2025-12-03 10:00:00,25.993,2.8,76,0.0,9.1,10,2,0,20.299,12.54,13.59,16.849,22.879666666666665,28.266
2025-12-03 11:00:00,28.266,4.4,69,0.0,8.4,11,2,0,25.993,16.38,12.292,19.511333333333333,22.987666666666666,23.892
2025-12-03 12:00:00,23.892,5.3,66,0.0,6.5,12,2,0,28.266,20.299,13.59,21.22833333333333,23.116625,21.153
2025-12-03 13:00:00,21.153,5.0,73,0.0,3.6,13,2,0,23.892,25.993,12.54,22.663833333333333,22.875250000000005,20.57
2025-12-03 14:00:00,20.57,4.8,75,0.0,3.1,14,2,0,21.153,28.266,16.38,23.362166666666667,22.625208333333333,24.905
2025-12-03 15:00:00,24.905,4.2,81,0.0,3.1,15,2,0,20.57,23.892,20.299,24.129833333333334,22.66616666666667,23.992
2025-12-03 16:00:00,23.992,2.7,84,0.0,5.6,16,2,0,24.905,21.153,25.993,23.796333333333333,22.65941666666667,26.698
2025-12-03 17:00:00,26.698,2.0,83,0.0,8.0,17,2,0,23.992,20.57,28.266,23.535,22.268125,26.692
2025-12-03 18:00:00,26.692,0.8,86,0.0,9.7,18,2,0,26.698,24.905,23.892,24.001666666666665,21.415958333333332,32.925
2025-12-03 19:00:00,32.925,-0.4,88,0.0,10.3,19,2,0,26.692,23.992,21.153,25.96366666666667,20.879625,38.799
2025-12-03 20:00:00,38.799,-1.4,89,0.0,8.6,20,2,0,32.925,26.698,20.57,29.001833333333334,21.247,24.607
2025-12-03 21:00:00,24.607,-2.0,90,0.0,8.6,21,2,0,38.799,26.692,24.905,28.952166666666667,21.058583333333335,21.811
2025-12-03 22:00:00,21.811,-2.0,90,0.0,8.4,22,2,0,24.607,32.925,23.992,28.588666666666665,21.026500000000002,19.255
2025-12-03 23:00:00,19.255,-1.8,90,0.0,7.6,23,2,0,21.811,38.799,26.698,27.348166666666668,21.007416666666668,13.02
2025-12-04 00:00:00,13.02,-1.9,90,0.0,6.1,0,3,0,19.255,24.607,26.692,25.0695,20.818125,15.498
2025-12-04 01:00:00,15.498,-2.3,89,0.0,5.0,1,3,0,13.02,21.811,32.925,22.165000000000003,20.848000000000003,16.5
2025-12-04 02:00:00,16.5,-2.8,90,0.0,5.3,2,3,0,15.498,19.255,38.799,18.4485,21.078,23.858
2025-12-04 03:00:00,23.858,-2.8,91,0.0,6.0,3,3,0,16.5,13.02,24.607,18.323666666666668,21.546875,19.811
2025-12-04 04:00:00,19.811,-2.8,92,0.0,6.2,4,3,0,23.858,15.498,21.811,17.990333333333332,21.806083333333333,18.142
2025-12-04 05:00:00,18.142,-2.5,92,0.0,6.3,5,3,0,19.811,16.5,19.255,17.804833333333335,22.04983333333333,21.921
2025-12-04 07:00:00,21.921,-2.4,90,0.0,7.3,7,3,0,18.142,23.858,13.02,19.28833333333333,22.396958333333334,28.066
2025-12-04 08:00:00,28.066,-2.4,91,0.0,8.2,8,3,0,21.921,19.811,15.498,21.383,23.043875,28.535
2025-12-04 09:00:00,28.535,-1.0,88,0.0,8.4,9,3,0,28.066,18.142,16.5,23.388833333333334,23.55033333333333,17.866
2025-12-04 10:00:00,17.866,1.0,79,0.0,7.2,10,3,0,28.535,21.921,23.858,22.39016666666667,23.448958333333334,12.514
2025-12-04 11:00:00,12.514,2.6,74,0.0,2.6,11,3,0,17.866,28.066,19.811,21.174,22.88733333333333,24.579
2025-12-04 12:00:00,24.579,3.5,73,0.0,1.5,12,3,0,12.514,28.535,18.142,22.24683333333333,22.73370833333333,12.999
2025-12-04 15:00:00,12.999,2.2,78,0.0,2.1,15,3,0,24.579,17.866,21.921,20.759833333333333,22.279833333333332,20.024
2025-12-04 17:00:00,20.024,-1.1,90,0.0,5.2,17,3,0,12.999,12.514,28.066,19.4195,22.232791666666667,20.109
2025-12-04 18:00:00,20.109,-1.0,91,0.0,5.2,18,3,0,20.024,24.579,28.535,18.01516666666667,22.213583333333332,23.246
2025-12-04 19:00:00,23.246,-1.0,92,0.0,4.8,19,3,0,20.109,12.999,17.866,18.911833333333334,22.144458333333333,24.185
2025-12-04 20:00:00,24.185,-0.9,94,0.0,5.5,20,3,0,23.246,20.024,12.514,20.857,22.1525,19.845
2025-12-04 21:00:00,19.845,-0.2,93,0.0,5.2,21,3,0,24.185,20.109,24.579,20.067999999999998,21.866958333333333,20.766
2025-12-04 22:00:00,20.766,-0.2,93,0.0,5.2,22,3,0,19.845,23.246,12.999,21.3625,21.620041666666665,16.756
2025-12-04 23:00:00,16.756,-0.1,93,0.0,4.2,23,3,0,20.766,24.185,20.024,20.817833333333333,20.94633333333333,15.834
2025-12-05 00:00:00,15.834,0.2,93,0.0,2.7,0,4,0,16.756,19.845,20.109,20.105333333333334,19.989458333333335,19.922
2025-12-05 01:00:00,19.922,-0.6,95,0.0,3.6,1,4,0,15.834,20.766,23.246,19.551333333333332,19.794249999999998,22.031
2025-12-05 02:00:00,22.031,-0.9,96,0.0,3.2,2,4,0,19.922,16.756,24.185,19.192333333333334,19.803416666666667,22.446
2025-12-05 03:00:00,22.446,-0.8,96,0.0,2.3,3,4,0,22.031,15.834,19.845,19.625833333333333,19.936375,20.33
2025-12-05 04:00:00,20.33,-0.6,96,0.1,1.1,4,4,0,22.446,19.922,20.766,19.553166666666666,20.240958333333335,20.352
2025-12-05 05:00:00,20.352,-0.3,96,0.2,1.7,5,4,0,20.33,22.031,16.756,20.1525,20.44320833333333,17.73
2025-12-05 07:00:00,17.73,-0.2,97,0.4,4.1,7,4,0,20.352,22.446,15.834,20.4685,20.49445833333333,22.873
2025-12-05 08:00:00,22.873,-0.1,96,0.1,4.0,8,4,0,17.73,20.33,19.922,20.960333333333335,20.453416666666666,24.296
2025-12-05 09:00:00,24.296,0.2,95,0.1,6.1,9,4,0,22.873,20.352,22.031,21.337833333333332,20.640291666666666,24.749
2025-12-05 10:00:00,24.749,0.8,91,0.0,5.4,10,4,0,24.296,17.73,22.446,21.721666666666664,20.915583333333334,25.623
2025-12-05 11:00:00,25.623,1.5,86,0.0,6.3,11,4,0,24.749,22.873,20.33,22.60383333333333,21.06983333333333,26.172
2025-12-05 12:00:00,26.172,1.9,85,0.0,7.5,12,4,0,25.623,24.296,20.352,23.57383333333333,20.990916666666667,20.8
2025-12-05 13:00:00,20.8,2.0,88,0.0,9.8,13,4,0,26.172,24.749,17.73,24.0855,20.668625000000002,23.473
2025-12-05 14:00:00,23.473,2.3,86,0.0,10.8,14,4,0,20.8,25.623,22.873,24.1855,20.90225,29.64
2025-12-05 15:00:00,29.64,1.9,88,0.0,8.1,15,4,0,23.473,26.172,24.296,25.076166666666666,21.61583333333333,27.449
2025-12-05 16:00:00,27.449,0.0,93,0.0,5.5,16,4,0,29.64,20.8,24.749,25.52616666666667,21.735416666666666,22.676
2025-12-05 17:00:00,22.676,-0.6,93,0.0,7.2,17,4,0,27.449,23.473,25.623,25.035,22.138625,21.617
2025-12-05 18:00:00,21.617,0.1,91,0.0,10.2,18,4,0,22.676,29.64,26.172,24.275833333333335,22.205,24.116
2025-12-05 19:00:00,24.116,0.8,92,0.0,11.0,19,4,0,21.617,27.449,20.8,24.828500000000002,22.371958333333335,29.857
2025-12-05 20:00:00,29.857,0.4,93,0.0,11.8,20,4,0,24.116,22.676,23.473,25.8925,22.64741666666666,19.351
2025-12-05 21:00:00,19.351,-0.3,95,0.0,13.1,21,4,0,29.857,21.617,29.64,24.177666666666667,22.445999999999998,15.469
2025-12-05 22:00:00,15.469,-0.4,96,0.0,12.6,22,4,0,19.351,24.116,27.449,22.181,22.263666666666666,15.278
2025-12-05 23:00:00,15.278,-0.3,96,0.0,11.8,23,4,0,15.469,29.857,22.676,20.948,22.035,18.904
2025-12-06 00:00:00,18.904,-0.2,95,0.0,11.1,0,5,1,15.278,19.351,21.617,20.495833333333334,22.1245,16.755
2025-12-06 01:00:00,16.755,0.2,94,0.0,11.7,1,5,1,18.904,15.469,24.116,19.269,22.162875,16.985
2025-12-06 02:00:00,16.985,0.2,94,0.0,12.1,2,5,1,16.755,15.278,29.857,17.123666666666665,22.040499999999998,14.378
2025-12-06 03:00:00,14.378,0.1,93,0.0,12.5,3,5,1,16.985,18.904,19.351,16.294833333333333,21.721625,14.628
2025-12-06 04:00:00,14.628,0.1,94,0.0,10.7,4,5,1,14.378,16.755,15.469,16.154666666666667,21.395875,12.016
2025-12-06 05:00:00,12.016,0.3,94,0.0,10.4,5,5,1,14.628,16.985,15.278,15.610999999999999,21.049458333333334,7.34
2025-12-06 06:00:00,7.34,0.1,94,0.0,7.9,6,5,1,12.016,14.378,18.904,13.683666666666667,20.507291666666667,4.621
2025-12-06 07:00:00,4.621,0.2,92,0.0,7.2,7,5,1,7.34,14.628,16.755,11.661333333333333,19.961083333333335,5.268
2025-12-06 08:00:00,5.268,-0.1,92,0.0,9.6,8,5,1,4.621,12.016,16.985,9.7085,19.227541666666667,10.062
2025-12-06 09:00:00,10.062,1.1,91,0.0,13.8,9,5,1,5.268,7.34,14.378,8.989166666666668,18.634458333333335,18.828
2025-12-06 10:00:00,18.828,2.5,86,0.0,12.7,10,5,1,10.062,4.621,14.628,9.689166666666667,18.38775,14.042
2025-12-06 11:00:00,14.042,3.8,80,0.0,11.6,11,5,1,18.828,5.268,12.016,10.026833333333332,17.905208333333334,11.479
2025-12-06 12:00:00,11.479,4.8,76,0.0,11.9,12,5,1,14.042,10.062,7.34,10.716666666666667,17.293,9.52
2025-12-06 13:00:00,9.52,5.6,71,0.0,15.0,13,5,1,11.479,18.828,4.621,11.533166666666666,16.822999999999997,8.843
2025-12-06 14:00:00,8.843,5.0,70,0.0,18.4,14,5,1,9.52,14.042,5.268,12.129,16.213416666666667,13.12
2025-12-06 15:00:00,13.12,4.5,72,0.0,12.3,15,5,1,8.843,11.479,10.062,12.638666666666666,15.525083333333333,16.018
2025-12-06 16:00:00,16.018,3.2,78,0.0,9.0,16,5,1,13.12,9.52,18.828,12.170333333333332,15.048791666666666,17.145
2025-12-06 17:00:00,17.145,2.1,83,0.0,11.7,17,5,1,16.018,8.843,14.042,12.6875,14.818333333333335,19.166
2025-12-06 18:00:00,19.166,3.2,83,0.0,18.0,18,5,1,17.145,13.12,11.479,13.968666666666666,14.716208333333334,19.621
2025-12-06 19:00:00,19.621,3.3,88,0.0,19.1,19,5,1,19.166,16.018,9.52,15.652166666666668,14.528916666666667,13.925
2025-12-06 20:00:00,13.925,4.0,86,0.0,20.3,20,5,1,19.621,17.145,8.843,16.499166666666667,13.865083333333333,16.332
2025-12-06 21:00:00,16.332,5.2,85,0.0,20.3,21,5,1,13.925,19.166,13.12,17.034499999999998,13.739291666666666,11.659
2025-12-06 22:00:00,11.659,4.4,89,0.0,19.8,22,5,1,16.332,19.621,16.018,16.308,13.580541666666667,6.917
2025-12-06 23:00:00,6.917,4.6,89,0.0,18.2,23,5,1,11.659,13.925,17.145,14.603333333333333,13.232166666666666,9.001
2025-12-07 00:00:00,9.001,4.6,90,0.0,17.4,0,6,1,6.917,16.332,19.166,12.909166666666666,12.819541666666666,9.286
2025-12-07 01:00:00,9.286,4.8,92,0.0,17.9,1,6,1,9.001,11.659,19.621,11.186666666666667,12.508333333333333,6.239
2025-12-07 02:00:00,6.239,5.1,92,0.0,17.7,2,6,1,9.286,6.917,13.925,9.905666666666667,12.060583333333332,9.403
2025-12-07 03:00:00,9.403,4.8,93,0.0,17.1,3,6,1,6.239,9.001,16.332,8.750833333333334,11.853291666666665,6.536
2025-12-07 04:00:00,6.536,5.0,94,0.0,16.8,4,6,1,9.403,9.286,11.659,7.896999999999999,11.516125,6.302
2025-12-07 05:00:00,6.302,4.8,94,0.0,16.7,5,6,1,6.536,6.239,6.917,7.7945,11.278041666666667,6.891
2025-12-07 06:00:00,6.891,4.6,94,0.0,17.6,6,6,1,6.302,9.403,9.001,7.442833333333333,11.259333333333332,6.244
2025-12-07 07:00:00,6.244,5.2,95,0.0,16.7,7,6,1,6.891,6.536,9.286,6.935833333333332,11.326958333333332,1.833
2025-12-07 08:00:00,1.833,5.0,95,0.0,15.7,8,6,1,6.244,6.302,6.239,6.201499999999999,11.183833333333332,6.723
2025-12-07 09:00:00,6.723,5.8,93,0.0,17.7,9,6,1,1.833,6.891,9.403,5.754833333333333,11.044708333333332,7.502
2025-12-07 10:00:00,7.502,6.6,90,0.0,18.9,10,6,1,6.723,6.244,6.536,5.915833333333333,10.572791666666667,8.781
2025-12-07 11:00:00,8.781,7.4,87,0.0,19.5,11,6,1,7.502,1.833,6.302,6.329,10.353583333333335,7.308
2025-12-07 12:00:00,7.308,8.1,81,0.0,20.7,12,6,1,8.781,6.723,6.891,6.398499999999999,10.179791666666667,8.577
2025-12-07 13:00:00,8.577,7.4,90,0.0,14.2,13,6,1,7.308,7.502,6.244,6.787333333333334,10.140500000000001,10.504
2025-12-07 14:00:00,10.504,7.8,86,0.0,11.6,14,6,1,8.577,8.781,1.833,8.2325,10.209708333333333,10.125
2025-12-07 15:00:00,10.125,7.4,85,0.0,10.5,15,6,1,10.504,7.308,6.723,8.7995,10.084916666666667,9.941
2025-12-07 16:00:00,9.941,6.3,88,0.0,10.2,16,6,1,10.125,8.577,7.502,9.206000000000001,9.831708333333333,11.619
2025-12-07 17:00:00,11.619,5.9,91,0.0,11.6,17,6,1,9.941,10.504,8.781,9.679,9.601458333333333,12.721
2025-12-07 18:00:00,12.721,5.6,91,0.0,13.1,18,6,1,11.619,10.125,7.308,10.581166666666666,9.332916666666668,11.241
2025-12-07 19:00:00,11.241,5.6,94,0.0,15.1,19,6,1,12.721,9.941,8.577,11.025166666666665,8.98375,15.16
2025-12-07 20:00:00,15.16,6.2,94,0.0,16.0,20,6,1,11.241,11.619,10.504,11.801166666666667,9.035208333333333,8.427
2025-12-07 21:00:00,8.427,6.9,93,0.0,17.9,21,6,1,15.16,12.721,10.125,11.518166666666666,8.705833333333333,4.101
2025-12-07 22:00:00,4.101,7.1,92,0.0,16.6,22,6,1,8.427,11.241,9.941,10.544833333333333,8.390916666666667,5.59
2025-12-07 23:00:00,5.59,7.4,91,0.0,17.4,23,6,1,4.101,15.16,11.619,9.540000000000001,8.335625,3.758
2025-12-08 00:00:00,3.758,7.7,89,0.1,18.1,0,0,0,5.59,8.427,12.721,8.046166666666666,8.117166666666666,6.318
2025-12-08 01:00:00,6.318,7.5,93,0.6,19.4,1,0,0,3.758,4.101,11.241,7.225666666666666,7.9935,5.997
2025-12-08 02:00:00,5.997,7.7,93,1.1,20.2,2,0,0,6.318,5.59,15.16,5.6985,7.983416666666666,4.775
2025-12-08 03:00:00,4.775,7.9,93,1.5,22.1,3,0,0,5.997,3.758,8.427,5.089833333333334,7.790583333333333,3.611
2025-12-08 04:00:00,3.611,8.6,92,0.7,24.6,4,0,0,4.775,6.318,4.101,5.008166666666667,7.668708333333334,1.772
2025-12-08 07:00:00,1.772,8.6,96,0.0,14.9,7,0,0,3.611,5.997,5.59,4.371833333333334,7.479958333333333,5.886
2025-12-08 08:00:00,5.886,8.5,95,0.0,17.2,8,0,0,1.772,4.775,3.758,4.7265,7.438083333333332,8.459
2025-12-08 09:00:00,8.459,9.1,95,0.0,19.4,9,0,0,5.886,3.611,6.318,5.083333333333333,7.530374999999999,1.772
2025-12-08 10:00:00,1.772,10.0,94,0.0,18.8,10,0,0,8.459,1.772,5.997,4.379166666666666,7.527833333333333,11.631
2025-12-08 11:00:00,11.631,11.2,92,0.0,19.6,11,0,0,1.772,5.886,4.775,5.521833333333333,7.732333333333333,11.036
2025-12-08 12:00:00,11.036,12.0,91,0.0,16.0,12,0,0,11.631,8.459,3.611,6.759333333333333,7.879583333333333,10.908
2025-12-08 13:00:00,10.908,12.8,86,0.0,18.5,13,0,0,11.036,1.772,1.772,8.282,7.968208333333333,6.866
2025-12-08 14:00:00,6.866,12.8,86,0.0,16.0,14,0,0,10.908,11.631,5.886,8.445333333333332,7.949791666666666,5.016
2025-12-08 15:00:00,5.016,12.1,89,0.0,15.2,15,0,0,6.866,11.036,8.459,7.8715,7.8014166666666656,4.614
2025-12-08 16:00:00,4.614,11.8,92,0.0,18.7,16,0,0,5.016,10.908,1.772,8.345166666666666,7.556,4.973
2025-12-08 17:00:00,4.973,11.6,91,0.0,19.2,17,0,0,4.614,6.866,11.631,7.235499999999999,7.341333333333334,4.818
2025-12-08 18:00:00,4.818,11.1,91,0.0,19.5,18,0,0,4.973,5.016,11.036,6.199166666666666,7.1278749999999995,7.902
2025-12-08 19:00:00,7.902,10.9,94,0.0,18.6,19,0,0,4.818,4.614,10.908,5.698166666666666,6.973,9.617
2025-12-08 20:00:00,9.617,10.7,95,0.0,18.0,20,0,0,7.902,4.973,6.866,6.156666666666666,6.843666666666667,4.075
2025-12-08 21:00:00,4.075,10.5,95,0.0,18.1,21,0,0,9.617,4.818,5.016,5.999833333333334,6.545083333333334,3.974
2025-12-08 22:00:00,3.974,10.6,95,0.0,18.5,22,0,0,4.075,7.902,4.614,5.893166666666667,6.079,4.652
2025-12-08 23:00:00,4.652,10.6,94,0.0,19.3,23,0,0,3.974,9.617,4.973,5.839666666666666,5.921708333333332,1.745
2025-12-09 00:00:00,1.745,10.8,94,0.0,20.8,0,1,0,4.652,4.075,4.818,5.327500000000001,5.823541666666666,6.82
2025-12-09 02:00:00,6.82,11.0,95,0.0,19.3,2,1,0,1.745,3.974,7.902,5.147166666666667,5.874791666666667,5.226
2025-12-09 03:00:00,5.226,10.9,94,0.2,20.1,3,1,0,6.82,4.652,9.617,4.415333333333334,5.935958333333335,3.845
2025-12-09 04:00:00,3.845,10.6,95,0.2,21.7,4,1,0,5.226,1.745,4.075,4.377,5.832916666666667,5.066
2025-12-09 05:00:00,5.066,10.1,96,0.0,21.0,5,1,0,3.845,6.82,3.974,4.559,5.794125,7.789
2025-12-09 07:00:00,7.789,9.6,97,0.0,16.7,7,1,0,5.066,5.226,4.652,5.081833333333333,5.919708333333333,12.496
2025-12-09 08:00:00,12.496,9.2,98,0.0,16.7,8,1,0,7.789,3.845,1.745,6.873666666666666,6.289916666666667,11.786
2025-12-09 09:00:00,11.786,9.2,96,0.0,17.7,9,1,0,12.496,5.066,6.82,7.701333333333333,6.707166666666667,12.74
2025-12-09 10:00:00,12.74,10.2,90,0.0,17.4,10,1,0,11.786,7.789,5.226,8.953666666666667,6.99275,10.349
2025-12-09 11:00:00,10.349,11.4,82,0.0,16.0,11,1,0,12.74,12.496,3.845,10.037666666666667,7.0715,5.828
2025-12-09 12:00:00,5.828,12.4,77,0.0,12.2,12,1,0,10.349,11.786,5.066,10.164666666666667,7.240500000000001,8.853
2025-12-09 13:00:00,8.853,13.2,72,0.0,11.7,13,1,0,5.828,12.74,7.789,10.341999999999999,7.12475,12.232
2025-12-09 14:00:00,12.232,13.3,71,0.0,12.7,14,1,0,8.853,10.349,12.496,10.298,7.1745833333333335,14.148
2025-12-09 15:00:00,14.148,12.2,73,0.0,10.7,15,1,0,12.232,5.828,11.786,10.691666666666668,7.309583333333332,13.391
2025-12-09 16:00:00,13.391,11.5,75,0.0,13.5,16,1,0,14.148,8.853,12.74,10.800166666666668,7.581458333333334,20.803
2025-12-09 17:00:00,20.803,11.0,76,0.0,17.1,17,1,0,13.391,12.232,10.349,12.542499999999999,8.23925,28.27
2025-12-09 18:00:00,28.27,10.9,76,0.0,16.5,18,1,0,20.803,14.148,5.828,16.282833333333333,9.224916666666667,11.629
2025-12-09 19:00:00,11.629,11.4,74,0.0,15.9,19,1,0,28.27,13.391,8.853,16.7455,9.50225,10.836
2025-12-09 20:00:00,10.836,11.6,74,0.0,17.4,20,1,0,11.629,20.803,12.232,16.512833333333333,9.753,11.084
2025-12-09 21:00:00,11.084,11.4,75,0.0,17.3,21,1,0,10.836,28.27,14.148,16.002166666666668,9.885583333333333,10.026
2025-12-09 22:00:00,10.026,11.2,75,0.0,18.2,22,1,0,11.084,11.629,13.391,15.441333333333333,9.902625,4.605
2025-12-09 23:00:00,4.605,11.1,73,0.0,18.7,23,1,0,10.026,10.836,20.803,12.741666666666667,9.924708333333333,6.744
2025-12-10 00:00:00,6.744,10.2,75,0.0,18.7,0,2,0,4.605,11.084,28.27,9.153999999999998,10.040125,10.411
2025-12-10 01:00:00,10.411,10.1,76,0.0,19.1,1,2,0,6.744,10.026,11.629,8.950999999999999,10.280083333333332,4.56
2025-12-10 02:00:00,4.56,9.8,76,0.0,18.1,2,2,0,10.411,4.605,10.836,7.905,10.397375,1.808
2025-12-10 04:00:00,1.808,9.2,75,0.0,19.9,4,2,0,4.56,6.744,11.084,6.359000000000001,10.188541666666666,5.341
2025-12-10 05:00:00,5.341,9.1,73,0.0,20.8,5,2,0,1.808,10.411,10.026,5.578166666666667,10.193333333333333,6.553
2025-12-10 07:00:00,6.553,8.6,78,0.0,18.8,7,2,0,5.341,4.56,4.605,5.902833333333334,10.306166666666666,6.725
2025-12-10 08:00:00,6.725,8.2,81,0.0,18.7,8,2,0,6.553,1.808,6.744,5.899666666666666,10.375291666666666,12.563
2025-12-10 09:00:00,12.563,8.5,80,0.0,18.8,9,2,0,6.725,5.341,10.411,6.258333333333333,10.574208333333333,18.859
2025-12-10 10:00:00,18.859,9.4,77,0.0,18.9,10,2,0,12.563,6.553,4.56,8.6415,10.839333333333334,17.84
2025-12-10 11:00:00,17.84,10.4,74,0.0,18.2,11,2,0,18.859,6.725,1.808,11.3135,11.091583333333332,18.518
2025-12-10 12:00:00,18.518,10.9,74,0.0,17.6,12,2,0,17.84,12.563,5.341,13.509666666666668,11.332333333333333,20.895
2025-12-10 13:00:00,20.895,10.6,77,0.0,15.3,13,2,0,18.518,18.859,6.553,15.9,11.771749999999999,22.083
2025-12-10 14:00:00,22.083,10.2,79,0.0,14.8,14,2,0,20.895,17.84,6.725,18.459666666666667,12.449041666666666,17.394
2025-12-10 15:00:00,17.394,9.7,81,0.0,15.6,15,2,0,22.083,18.518,12.563,19.264833333333332,12.804916666666665,17.652
2025-12-10 16:00:00,17.652,9.2,84,0.0,14.7,16,2,0,17.394,20.895,18.859,19.063666666666666,13.03075,16.346
2025-12-10 17:00:00,16.346,8.7,86,0.0,14.6,17,2,0,17.652,22.083,17.84,18.814666666666664,13.122333333333332,14.175
2025-12-10 18:00:00,14.175,8.6,87,0.0,14.0,18,2,0,16.346,17.394,18.518,18.090833333333332,13.155000000000001,13.823
2025-12-10 19:00:00,13.823,8.9,90,0.0,13.8,19,2,0,14.175,17.652,20.895,16.912166666666668,12.864166666666668,13.862
2025-12-10 20:00:00,13.862,8.8,90,0.1,15.4,20,2,0,13.823,16.346,22.083,15.542,12.263833333333332,13.852
2025-12-10 21:00:00,13.852,8.6,90,0.1,16.0,21,2,0,13.862,14.175,17.394,14.951666666666668,12.356458333333334,12.19
2025-12-10 22:00:00,12.19,8.4,93,0.3,15.7,22,2,0,13.852,13.823,17.652,14.041333333333332,12.412875,11.453
2025-12-10 23:00:00,11.453,8.1,96,0.7,15.4,23,2,0,12.19,13.862,16.346,13.225833333333334,12.42825,1.77
2025-12-11 00:00:00,1.77,8.1,96,0.2,15.8,0,3,0,11.453,13.852,14.175,11.158333333333333,12.084249999999999,8.18
2025-12-11 01:00:00,8.18,8.1,95,0.1,15.8,1,3,0,1.77,12.19,13.823,10.217833333333333,12.233208333333332,5.774
2025-12-11 02:00:00,5.774,8.1,94,0.0,15.5,2,3,0,8.18,11.453,13.862,8.869833333333332,12.192791666666666,6.363
2025-12-11 03:00:00,6.363,7.9,95,0.0,15.0,3,3,0,5.774,1.77,13.852,7.621666666666667,12.024125,4.887
2025-12-11 04:00:00,4.887,7.6,96,0.0,14.6,4,3,0,6.363,8.18,12.19,6.4045,12.03775,6.374
2025-12-11 05:00:00,6.374,7.5,97,0.0,13.8,5,3,0,4.887,5.774,11.453,5.558,12.228,6.623
2025-12-11 06:00:00,6.623,7.2,97,0.0,14.0,6,3,0,6.374,6.363,1.77,6.366833333333333,12.281416666666667,8.732
2025-12-11 07:00:00,8.732,7.0,99,0.0,13.7,7,3,0,6.623,4.887,8.18,6.458833333333334,12.372208333333333,12.661
2025-12-11 09:00:00,12.661,7.1,98,0.0,14.0,9,3,0,8.732,6.374,5.774,7.6066666666666665,12.619541666666665,12.193
2025-12-11 10:00:00,12.193,7.4,94,0.0,14.7,10,3,0,12.661,6.623,6.363,8.578333333333333,12.604124999999998,12.496
2025-12-11 11:00:00,12.496,7.8,90,0.0,15.1,11,3,0,12.193,8.732,4.887,9.8465,12.339,17.278
2025-12-11 12:00:00,17.278,8.4,83,0.0,14.1,12,3,0,12.496,12.661,6.374,11.663833333333335,12.31558333333333,11.25
2025-12-11 13:00:00,11.25,9.2,81,0.0,11.4,13,3,0,17.278,12.193,6.623,12.435,12.012749999999999,9.225
2025-12-11 14:00:00,9.225,9.3,78,0.0,12.0,14,3,0,11.25,12.496,8.732,12.517166666666666,11.5265,12.617
2025-12-11 15:00:00,12.617,8.5,82,0.0,8.7,15,3,0,9.225,17.278,12.661,12.509833333333333,11.132083333333334,13.866
2025-12-11 16:00:00,13.866,6.4,91,0.0,7.7,16,3,0,12.617,11.25,12.193,12.788666666666666,10.985083333333334,22.391
2025-12-11 17:00:00,22.391,5.9,91,0.0,10.6,17,3,0,13.866,9.225,12.496,14.437833333333336,11.182541666666665,23.562
2025-12-11 18:00:00,23.562,5.5,90,0.0,12.4,18,3,0,22.391,12.617,17.278,15.485166666666666,11.483208333333332,30.796
2025-12-11 19:00:00,30.796,5.2,90,0.0,11.7,19,3,0,23.562,13.866,11.25,18.742833333333333,12.175749999999999,32.467
2025-12-11 20:00:00,32.467,4.8,91,0.0,12.9,20,3,0,30.796,22.391,9.225,22.616500000000002,12.952583333333335,33.029
2025-12-11 21:00:00,33.029,4.4,89,0.0,12.1,21,3,0,32.467,23.562,12.617,26.0185,13.751208333333333,15.672
2025-12-11 22:00:00,15.672,4.3,90,0.0,14.0,22,3,0,33.029,30.796,13.866,26.319499999999994,13.827041666666666,15.184
2025-12-11 23:00:00,15.184,4.2,92,0.0,12.9,23,3,0,15.672,32.467,22.391,25.11833333333333,13.951791666666667,23.079
2025-12-12 00:00:00,23.079,4.0,92,0.0,12.8,0,4,0,15.184,33.029,23.562,25.037833333333335,14.436208333333333,25.746
2025-12-12 01:00:00,25.746,3.0,93,0.0,11.6,1,4,0,23.079,15.672,30.796,24.196166666666667,15.435208333333334,15.97
2025-12-12 02:00:00,15.97,2.2,93,0.0,8.5,2,4,0,25.746,15.184,32.467,21.44666666666667,15.759791666666667,13.948
2025-12-12 03:00:00,13.948,1.4,93,0.0,6.8,3,4,0,15.97,23.079,33.029,18.2665,16.100375,13.044
2025-12-12 04:00:00,13.044,1.1,91,0.0,6.5,4,4,0,13.948,25.746,15.672,17.828500000000002,16.37875,16.778
2025-12-12 05:00:00,16.778,1.5,91,0.0,9.3,5,4,0,13.044,15.97,15.184,18.094166666666666,16.874208333333332,12.303
2025-12-12 06:00:00,12.303,1.5,90,0.0,9.0,6,4,0,16.778,13.948,23.079,16.298166666666663,17.12125,20.165
2025-12-12 07:00:00,20.165,1.6,88,0.0,7.2,7,4,0,12.303,13.044,25.746,15.368,17.6855,26.172
2025-12-12 08:00:00,26.172,1.2,86,0.0,7.3,8,4,0,20.165,16.778,15.97,17.06833333333333,18.412166666666668,23.259
2025-12-12 09:00:00,23.259,1.6,84,0.0,7.9,9,4,0,26.172,12.303,13.948,18.620166666666666,18.85375,16.879
2025-12-12 10:00:00,16.879,3.7,79,0.0,8.0,10,4,0,23.259,20.165,13.044,19.259333333333334,19.049000000000003,15.643
2025-12-12 11:00:00,15.643,5.2,70,0.0,6.3,11,4,0,16.879,26.172,16.778,19.07016666666667,19.180125,16.805
2025-12-12 12:00:00,16.805,5.9,71,0.0,5.0,12,4,0,15.643,23.259,12.303,19.8205,19.160416666666666,16.943
2025-12-12 15:00:00,16.943,5.9,83,0.0,4.5,15,4,0,16.805,16.879,20.165,19.2835,19.397625,21.535
2025-12-12 17:00:00,21.535,3.0,89,0.0,2.7,17,4,0,16.943,15.643,26.172,18.51066666666667,19.910541666666667,26.897
2025-12-12 18:00:00,26.897,2.5,90,0.0,2.5,18,4,0,21.535,16.805,23.259,19.117,20.505541666666666,25.607
2025-12-12 19:00:00,25.607,2.2,94,0.0,4.1,19,4,0,26.897,16.943,16.879,20.571666666666665,20.99475,14.227
2025-12-12 20:00:00,14.227,0.9,96,0.0,5.4,20,4,0,25.607,21.535,15.643,20.335666666666665,20.654583333333335,10.486
2025-12-12 21:00:00,10.486,-0.2,96,0.0,4.2,21,4,0,14.227,26.897,16.805,19.282500000000002,20.109750000000002,24.952
2025-12-12 22:00:00,24.952,-0.1,93,0.0,5.9,22,4,0,10.486,25.607,16.943,20.617333333333335,19.86625,21.346
2025-12-12 23:00:00,21.346,0.2,92,0.0,7.4,23,4,0,24.952,14.227,21.535,20.585833333333333,19.402874999999998,29.175
2025-12-13 00:00:00,29.175,0.7,91,0.0,8.2,0,5,1,21.346,10.486,26.897,20.965500000000002,19.242291666666667,19.522
2025-12-13 01:00:00,19.522,1.1,90,0.0,7.5,1,5,1,29.175,24.952,25.607,19.951333333333334,19.402708333333333,17.444
2025-12-13 02:00:00,17.444,1.2,91,0.0,8.4,2,5,1,19.522,21.346,14.227,20.4875,19.496875,17.12
2025-12-13 03:00:00,17.12,0.9,92,0.0,8.4,3,5,1,17.444,29.175,10.486,21.593166666666665,19.248583333333332,11.433
2025-12-13 04:00:00,11.433,0.6,92,0.0,7.7,4,5,1,17.12,19.522,24.952,19.34,18.652208333333334,6.392
2025-12-13 05:00:00,6.392,0.7,92,0.0,8.0,5,5,1,11.433,17.444,21.346,16.847666666666665,18.253125,6.51
2025-12-13 06:00:00,6.51,1.0,92,0.0,8.8,6,5,1,6.392,17.12,29.175,13.070166666666665,17.943208333333335,11.096
2025-12-13 08:00:00,11.096,1.5,92,0.0,8.3,8,5,1,6.51,11.433,19.522,11.665833333333333,17.862041666666666,9.474
2025-12-13 09:00:00,9.474,2.1,93,0.0,9.8,9,5,1,11.096,6.392,17.444,10.3375,17.557708333333334,14.045
2025-12-13 10:00:00,14.045,3.5,91,0.0,10.2,10,5,1,9.474,6.51,17.12,9.825000000000001,17.63029166666667,12.829
2025-12-13 12:00:00,12.829,5.9,87,0.0,10.9,12,5,1,14.045,11.096,11.433,10.057666666666668,17.324625,7.947
2025-12-13 13:00:00,7.947,5.8,88,0.0,10.0,13,5,1,12.829,9.474,6.392,10.316833333333333,16.565250000000002,9.726
2025-12-13 14:00:00,9.726,6.0,87,0.0,9.3,14,5,1,7.947,14.045,6.51,10.852833333333335,16.001375,9.73
2025-12-13 15:00:00,9.73,5.4,91,0.0,8.3,15,5,1,9.726,12.829,11.096,10.625166666666667,15.7035,11.879
2025-12-13 16:00:00,11.879,3.8,95,0.0,8.1,16,5,1,9.73,7.947,9.474,11.026000000000002,15.546666666666667,15.945
2025-12-13 17:00:00,15.945,3.2,96,0.0,8.0,17,5,1,11.879,9.726,14.045,11.342666666666666,15.510833333333332,15.655
2025-12-13 18:00:00,15.655,2.8,97,0.0,8.9,18,5,1,15.945,9.73,12.829,11.813666666666668,15.457166666666668,14.055
2025-12-13 19:00:00,14.055,2.5,96,0.0,10.9,19,5,1,15.655,11.879,7.947,12.831666666666669,15.1455,18.118
2025-12-13 20:00:00,18.118,2.2,98,0.0,10.7,20,5,1,14.055,15.945,9.726,14.230333333333334,14.779708333333334,14.694
2025-12-13 21:00:00,14.694,2.4,99,0.0,11.0,21,5,1,18.118,15.655,9.73,15.057666666666668,14.324999999999998,15.406
2025-12-13 22:00:00,15.406,2.7,98,0.0,10.3,22,5,1,14.694,14.055,11.879,15.645499999999998,14.374125,10.222
2025-12-13 23:00:00,10.222,2.6,98,0.0,10.4,23,5,1,15.406,18.118,15.945,14.691666666666668,14.363125000000002,11.412
2025-12-14 00:00:00,11.412,2.5,99,0.0,10.7,0,6,1,10.222,14.694,15.655,13.984499999999999,13.798958333333333,11.322
2025-12-14 01:00:00,11.322,2.8,98,0.0,10.8,1,6,1,11.412,15.406,14.055,13.529000000000002,13.381291666666668,7.464
2025-12-14 02:00:00,7.464,2.8,97,0.0,9.9,2,6,1,11.322,10.222,18.118,11.753333333333332,12.476666666666667,5.3
2025-12-14 03:00:00,5.3,3.0,97,0.0,9.1,3,6,1,7.464,11.412,14.694,10.187666666666667,11.884083333333335,3.895
2025-12-14 04:00:00,3.895,3.0,97,0.0,9.7,4,6,1,5.3,11.322,15.406,8.269166666666665,11.319541666666666,12.548
2025-12-14 05:00:00,12.548,3.0,96,0.0,9.1,5,6,1,3.895,7.464,10.222,8.656833333333333,11.129041666666666,7.723
2025-12-14 06:00:00,7.723,3.0,95,0.0,9.5,6,6,1,12.548,5.3,11.412,8.042,10.974458333333333,7.798
2025-12-14 07:00:00,7.798,2.5,94,0.0,9.5,7,6,1,7.723,3.895,11.322,7.454666666666667,11.033041666666668,6.236
2025-12-14 08:00:00,6.236,2.3,95,0.0,9.3,8,6,1,7.798,12.548,7.464,7.25,11.021625,8.728
2025-12-14 09:00:00,8.728,2.5,94,0.0,9.9,9,6,1,6.236,7.723,5.3,7.821333333333333,10.922958333333334,6.977
2025-12-14 10:00:00,6.977,3.2,92,0.0,10.8,10,6,1,8.728,7.798,3.895,8.335,10.818916666666667,1.871
2025-12-14 11:00:00,1.871,3.8,89,0.0,13.1,11,6,1,6.977,6.236,12.548,6.555499999999999,10.311666666666666,8.335
2025-12-14 12:00:00,8.335,4.6,87,0.0,14.9,12,6,1,1.871,8.728,7.723,6.6575,10.124416666666667,8.16
2025-12-14 13:00:00,8.16,3.8,88,0.0,13.7,13,6,1,8.335,6.977,7.798,6.717833333333334,10.133291666666667,7.728
2025-12-14 14:00:00,7.728,4.3,86,0.0,13.8,14,6,1,8.16,1.871,6.236,6.966500000000001,10.050041666666667,13.641
2025-12-14 15:00:00,13.641,4.2,86,0.0,11.1,15,6,1,7.728,8.335,8.728,7.785333333333334,10.213,14.351
2025-12-14 16:00:00,14.351,3.5,90,0.0,9.7,16,6,1,13.641,8.16,6.977,9.014333333333333,10.316,13.43
2025-12-14 17:00:00,13.43,2.7,93,0.0,9.5,17,6,1,14.351,7.728,1.871,10.940833333333336,10.211208333333333,13.183
2025-12-14 18:00:00,13.183,2.0,95,0.0,8.6,18,6,1,13.43,13.641,8.335,11.748833333333332,10.108208333333332,14.022
2025-12-14 19:00:00,14.022,1.5,96,0.0,7.2,19,6,1,13.183,14.351,8.16,12.725833333333334,10.106833333333334,12.529
2025-12-14 20:00:00,12.529,1.1,96,0.0,8.4,20,6,1,14.022,13.43,7.728,13.526000000000002,9.873958333333334,13.73
2025-12-14 22:00:00,13.73,1.0,96,0.0,10.6,22,6,1,12.529,13.183,13.641,13.540833333333333,9.833791666666666,11.702
2025-12-15 00:00:00,11.702,0.9,95,0.0,9.4,0,0,0,13.73,14.022,14.351,13.099333333333334,9.679458333333333,10.193
2025-12-15 01:00:00,10.193,0.6,96,0.0,9.0,1,0,0,11.702,12.529,13.43,12.559833333333332,9.67825,7.883
2025-12-15 02:00:00,7.883,0.3,96,0.0,8.0,2,0,0,10.193,13.73,13.183,11.676499999999999,9.531208333333334,10.039
2025-12-15 03:00:00,10.039,-0.2,95,0.0,8.6,3,0,0,7.883,11.702,14.022,11.012666666666666,9.47775,10.758
2025-12-15 04:00:00,10.758,-0.4,94,0.0,8.5,4,0,0,10.039,10.193,12.529,10.7175,9.615,8.819
2025-12-15 05:00:00,8.819,-0.7,93,0.0,7.6,5,0,0,10.758,7.883,13.73,9.899,9.761625,13.918
2025-12-15 08:00:00,13.918,-1.0,93,0.0,11.7,8,0,0,8.819,10.039,11.702,10.268333333333333,10.179250000000001,18.367
2025-12-15 09:00:00,18.367,-0.3,93,0.0,12.6,9,0,0,13.918,10.758,10.193,11.630666666666665,10.421708333333333,18.392
2025-12-15 10:00:00,18.392,2.0,85,0.0,11.6,10,0,0,18.367,8.819,7.883,13.382166666666668,10.86625,20.683
2025-12-15 11:00:00,20.683,4.6,79,0.0,9.8,11,0,0,18.392,13.918,10.039,15.156166666666666,11.403125000000001,18.687
2025-12-15 12:00:00,18.687,7.2,69,0.0,9.5,12,0,0,20.683,18.367,10.758,16.477666666666668,11.921916666666666,22.272
2025-12-15 13:00:00,22.272,8.2,63,0.0,6.7,13,0,0,18.687,18.392,8.819,18.719833333333334,12.48625,21.765
2025-12-15 14:00:00,21.765,8.2,55,0.0,7.9,14,0,0,22.272,20.683,13.918,20.027666666666665,13.102416666666668,18.323
2025-12-15 15:00:00,18.323,5.4,65,0.0,7.1,15,0,0,21.765,18.687,18.367,20.020333333333337,13.787916666666666,19.344
2025-12-15 16:00:00,19.344,2.3,73,0.0,8.7,16,0,0,18.323,22.272,18.392,20.179,14.246625,30.533
2025-12-15 17:00:00,30.533,1.2,78,0.0,10.9,17,0,0,19.344,21.765,20.683,21.820666666666668,15.178833333333332,34.397
2025-12-15 18:00:00,34.397,0.8,81,0.0,11.5,18,0,0,30.533,18.323,18.687,24.438999999999997,16.290041666666667,26.936
2025-12-15 19:00:00,26.936,1.3,80,0.0,11.9,19,0,0,34.397,19.344,22.272,25.216333333333335,16.844,28.519
2025-12-15 20:00:00,28.519,1.5,80,0.0,12.5,20,0,0,26.936,30.533,21.765,26.342000000000002,17.43433333333333,27.054
2025-12-15 21:00:00,27.054,1.1,83,0.0,13.3,21,0,0,28.519,34.397,18.323,27.79716666666667,18.002,20.994
2025-12-15 22:00:00,20.994,0.9,85,0.0,14.5,22,0,0,27.054,26.936,19.344,28.07216666666667,18.327458333333333,18.113
2025-12-15 23:00:00,18.113,0.9,84,0.0,14.6,23,0,0,20.994,28.519,30.533,26.002166666666668,18.497916666666665,14.466
2025-12-16 00:00:00,14.466,0.7,85,0.0,13.8,0,1,0,18.113,27.054,34.397,22.680333333333333,18.578625,17.866
2025-12-16 01:00:00,17.866,0.1,89,0.0,11.5,1,1,0,14.466,20.994,26.936,21.168666666666667,18.750958333333333,14.747
2025-12-16 02:00:00,14.747,-0.5,92,0.0,11.9,2,1,0,17.866,18.113,28.519,18.87333333333333,18.87783333333333,7.095
2025-12-16 03:00:00,7.095,0.1,88,0.0,14.4,3,1,0,14.747,14.466,27.054,15.546833333333334,18.74875,8.386
2025-12-16 04:00:00,8.386,0.2,87,0.0,15.1,4,1,0,7.095,17.866,20.994,13.445500000000001,18.76970833333333,9.905
2025-12-16 05:00:00,9.905,1.0,81,0.0,15.3,5,1,0,8.386,14.747,18.113,12.0775,18.764125,10.632
2025-12-16 06:00:00,10.632,1.1,80,0.0,14.7,6,1,0,9.905,7.095,14.466,11.4385,18.758875,1.95
2025-12-16 07:00:00,1.95,0.2,84,0.0,15.7,7,1,0,10.632,8.386,17.866,8.785833333333333,18.472666666666665,19.725
2025-12-16 08:00:00,19.725,0.3,81,0.0,15.3,8,1,0,1.95,9.905,14.747,9.615499999999999,18.714624999999998,18.651
2025-12-16 09:00:00,18.651,1.6,72,0.0,15.7,9,1,0,19.725,10.632,7.095,11.5415,18.726458333333333,14.152
2025-12-16 10:00:00,14.152,3.7,62,0.0,14.8,10,1,0,18.651,1.95,8.386,12.5025,18.549791666666668,15.918
2025-12-16 11:00:00,15.918,5.4,55,0.0,10.5,11,1,0,14.152,19.725,9.905,13.504666666666667,18.351249999999997,16.032
2025-12-16 12:00:00,16.032,6.8,50,0.0,7.3,12,1,0,15.918,18.651,10.632,14.404666666666666,18.240624999999998,14.398
2025-12-16 13:00:00,14.398,6.8,54,0.0,8.5,13,1,0,16.032,14.152,1.95,16.479333333333333,17.912541666666666,9.003
2025-12-16 14:00:00,9.003,6.9,44,0.0,5.4,14,1,0,14.398,15.918,19.725,14.692333333333332,17.380791666666667,6.593
2025-12-16 15:00:00,6.593,4.7,50,0.0,8.6,15,1,0,9.003,16.032,18.651,12.682666666666668,16.892041666666668,13.178
2025-12-16 16:00:00,13.178,2.0,60,0.0,10.5,16,1,0,6.593,14.398,14.152,12.520333333333333,16.635125,17.569
2025-12-16 17:00:00,17.569,0.2,70,0.0,9.5,17,1,0,13.178,9.003,15.918,12.795499999999999,16.094958333333334,27.077
2025-12-16 18:00:00,27.077,-0.8,75,0.0,10.6,18,1,0,17.569,6.593,16.032,14.636333333333333,15.789958333333333,17.178
2025-12-16 22:00:00,17.178,-1.5,79,0.0,8.7,22,1,0,27.077,13.178,14.398,15.09966666666667,15.383375,15.597
2025-12-16 23:00:00,15.597,-1.8,81,0.0,7.9,23,1,0,17.178,17.569,9.003,16.198666666666668,14.844958333333333,15.55
2025-12-17 00:00:00,15.55,-1.4,77,0.0,8.7,0,2,0,15.597,27.077,6.593,17.6915,14.365625,15.166
2025-12-17 01:00:00,15.166,-1.0,77,0.0,6.9,1,2,0,15.55,17.178,13.178,18.022833333333335,14.122791666666666,17.818
2025-12-17 03:00:00,17.818,-1.8,83,0.0,6.8,3,2,0,15.166,15.597,17.569,18.064333333333334,14.110500000000002,22.566
2025-12-17 04:00:00,22.566,-2.0,86,0.0,5.8,4,2,0,17.818,15.55,27.077,17.3125,14.448,22.042
2025-12-17 05:00:00,22.042,-1.5,85,0.0,7.2,5,2,0,22.566,15.166,17.178,18.123166666666666,14.622,18.051
2025-12-17 07:00:00,18.051,-0.2,82,0.0,12.9,7,2,0,22.042,17.818,15.597,18.532166666666665,14.759666666666668,21.291
2025-12-17 08:00:00,21.291,0.0,81,0.0,14.7,8,2,0,18.051,22.566,15.55,19.489,15.351166666666666,24.546
2025-12-17 09:00:00,24.546,0.9,77,0.0,15.4,9,2,0,21.291,22.042,15.166,21.052333333333333,16.0245,22.647
2025-12-17 10:00:00,22.647,2.8,66,0.0,15.6,10,2,0,24.546,18.051,17.818,21.857166666666668,16.555416666666666,22.056
2025-12-17 11:00:00,22.056,4.2,60,0.0,12.2,11,2,0,22.647,21.291,22.566,21.772166666666667,17.031416666666665,24.321
2025-12-17 17:00:00,24.321,3.0,85,0.0,13.7,17,2,0,22.056,24.546,22.042,22.152,17.963541666666668,29.902
2025-12-17 18:00:00,29.902,2.5,89,0.0,13.9,18,2,0,24.321,22.647,18.051,24.127166666666668,18.387583333333332,31.085
2025-12-17 19:00:00,31.085,2.6,92,0.0,14.5,19,2,0,29.902,22.056,21.291,25.759500000000003,18.90566666666667,30.676
2025-12-17 20:00:00,30.676,2.3,94,0.0,14.4,20,2,0,31.085,24.321,24.546,26.781166666666667,19.594166666666666,17.53
2025-12-17 21:00:00,17.53,2.0,95,0.0,13.8,21,2,0,30.676,29.902,22.647,25.92833333333333,19.661333333333335,17.909
2025-12-17 22:00:00,17.909,2.0,95,0.0,14.2,22,2,0,17.53,31.085,22.056,25.237166666666667,19.739541666666664,16.297
2025-12-17 23:00:00,16.297,2.2,95,0.0,13.8,23,2,0,17.909,30.676,24.321,23.899833333333333,19.81866666666667,15.943
2025-12-18 00:00:00,15.943,2.2,96,0.0,13.2,0,3,0,16.297,17.53,29.902,21.573333333333334,20.107833333333332,14.998
2025-12-18 01:00:00,14.998,2.2,95,0.0,10.9,1,3,0,15.943,17.909,31.085,18.892166666666668,20.458041666666666,15.854
2025-12-18 02:00:00,15.854,2.0,96,0.0,11.1,2,3,0,14.998,16.297,30.676,16.421833333333336,20.56954166666667,12.925
2025-12-18 03:00:00,12.925,1.7,96,0.0,11.3,3,3,0,15.854,15.943,17.53,15.654333333333334,20.376041666666666,13.901
2025-12-18 04:00:00,13.901,1.8,96,0.0,12.1,4,3,0,12.925,14.998,17.909,14.986333333333333,19.827041666666666,13.468
2025-12-18 05:00:00,13.468,2.4,96,0.0,13.2,5,3,0,13.901,15.854,16.297,14.514833333333334,19.672458333333335,14.802
2025-12-18 07:00:00,14.802,2.8,95,0.0,13.0,7,3,0,13.468,12.925,15.943,14.324666666666666,19.639333333333337,16.705
2025-12-18 08:00:00,16.705,3.5,94,0.0,14.2,8,3,0,14.802,13.901,14.998,14.609166666666665,19.687458333333336,19.402
2025-12-18 09:00:00,19.402,4.4,92,0.0,15.4,9,3,0,16.705,13.468,15.854,15.200499999999998,19.863958333333333,15.594
2025-12-18 16:00:00,15.594,6.9,80,0.0,13.6,16,3,0,19.402,14.802,12.925,15.645333333333333,19.771291666666666,20.43
2025-12-18 17:00:00,20.43,6.0,82,0.0,16.3,17,3,0,15.594,16.705,13.901,16.7335,19.682291666666668,23.677
2025-12-18 18:00:00,23.677,5.7,82,0.0,17.5,18,3,0,20.43,19.402,13.468,18.435,19.750416666666666,23.392
2025-12-18 19:00:00,23.392,5.8,83,0.0,18.3,19,3,0,23.677,15.594,14.802,19.866666666666667,19.972958333333334,26.016
2025-12-18 20:00:00,26.016,5.8,83,0.0,18.8,20,3,0,23.392,20.43,16.705,21.418499999999998,20.169833333333333,24.157
2025-12-18 21:00:00,24.157,5.8,82,0.0,19.1,21,3,0,26.016,23.677,19.402,22.211,20.153625,20.35
2025-12-18 22:00:00,20.35,6.1,79,0.0,18.1,22,3,0,24.157,23.392,15.594,23.003666666666664,20.057916666666667,16.979
2025-12-18 23:00:00,16.979,6.2,77,0.0,17.3,23,3,0,20.35,26.016,20.43,22.4285,19.846375,16.166
2025-12-19 00:00:00,16.166,6.2,75,0.0,17.8,0,4,0,16.979,24.157,23.677,21.176666666666666,19.506583333333335,12.205
2025-12-19 01:00:00,12.205,6.1,72,0.0,16.2,1,4,0,16.166,20.35,23.392,19.312166666666666,18.769208333333335,8.733
2025-12-19 02:00:00,8.733,7.1,67,0.0,18.2,2,4,0,12.205,16.979,26.016,16.43166666666667,17.837875,9.148
2025-12-19 03:00:00,9.148,7.1,66,0.0,16.7,3,4,0,8.733,16.166,24.157,13.930166666666665,16.940875,8.443
2025-12-19 04:00:00,8.443,6.5,69,0.0,16.1,4,4,0,9.148,12.205,20.35,11.945666666666668,16.562250000000002,5.045
2025-12-19 05:00:00,5.045,6.2,71,0.0,17.0,5,4,0,8.443,8.733,16.979,9.956666666666667,16.02625,8.368
2025-12-19 07:00:00,8.368,6.1,69,0.0,15.3,7,4,0,5.045,9.148,16.166,8.656999999999998,15.695875,11.366
2025-12-19 08:00:00,11.366,6.3,68,0.0,15.9,8,4,0,8.368,8.443,12.205,8.517166666666666,15.505166666666668,8.877
2025-12-19 09:00:00,8.877,6.3,68,0.0,15.8,9,4,0,11.366,5.045,8.733,8.541166666666667,15.250125000000002,15.705
2025-12-19 10:00:00,15.705,8.1,63,0.0,16.2,10,4,0,8.877,8.368,9.148,9.634,15.243916666666665,17.85
2025-12-19 11:00:00,17.85,9.5,60,0.0,15.9,11,4,0,15.705,11.366,8.443,11.201833333333333,15.449125,18.718
2025-12-19 12:00:00,18.718,10.1,58,0.0,15.7,12,4,0,17.85,8.877,5.045,13.480666666666666,15.649833333333333,21.438
2025-12-19 13:00:00,21.438,10.7,60,0.0,15.4,13,4,0,18.718,15.705,8.368,15.659,15.981916666666665,25.933
2025-12-19 14:00:00,25.933,9.7,64,0.0,15.4,14,4,0,21.438,17.85,11.366,18.086833333333335,16.445708333333332,31.171
2025-12-19 15:00:00,31.171,9.0,67,0.0,14.2,15,4,0,25.933,18.718,8.877,21.8025,17.048458333333333,33.091
2025-12-19 16:00:00,33.091,8.4,71,0.0,14.4,16,4,0,31.171,21.438,15.705,24.700166666666664,17.61883333333333,28.552
2025-12-19 17:00:00,28.552,8.1,74,0.0,14.0,17,4,0,33.091,25.933,17.85,26.483833333333333,18.15875,26.735
2025-12-19 18:00:00,26.735,8.3,74,0.0,13.7,18,4,0,28.552,31.171,18.718,27.820000000000004,18.421458333333334,30.437
2025-12-19 19:00:00,30.437,7.6,78,0.0,13.9,19,4,0,26.735,33.091,21.438,29.31983333333333,18.703125,26.093
2025-12-19 20:00:00,26.093,7.4,78,0.0,14.2,20,4,0,30.437,28.552,25.933,29.346500000000002,18.815666666666665,23.057
2025-12-19 21:00:00,23.057,7.1,81,0.0,12.9,21,4,0,26.093,26.735,31.171,27.99416666666667,18.692375000000002,24.699
2025-12-19 22:00:00,24.699,7.8,79,0.1,12.1,22,4,0,23.057,30.437,33.091,26.5955,18.714958333333332,20.475
2025-12-19 23:00:00,20.475,7.6,82,0.1,11.8,23,4,0,24.699,26.093,28.552,25.249333333333336,18.720166666666668,12.369
2025-12-20 01:00:00,12.369,6.7,93,0.1,10.2,1,5,1,20.475,23.057,26.735,22.855,18.52808333333333,15.845
2025-12-20 02:00:00,15.845,6.5,94,0.3,8.6,2,5,1,12.369,24.699,30.437,20.423,18.514708333333335,14.027
2025-12-20 03:00:00,14.027,6.3,94,0.1,8.8,3,5,1,15.845,20.475,26.093,18.412,18.590625,10.966
2025-12-20 04:00:00,10.966,6.3,93,0.2,9.2,4,5,1,14.027,12.369,23.057,16.396833333333333,18.683666666666667,9.608
2025-12-20 05:00:00,9.608,6.2,94,0.0,6.5,5,5,1,10.966,15.845,24.699,13.881666666666666,18.702833333333334,7.608
2025-12-20 06:00:00,7.608,6.0,95,0.0,5.8,6,5,1,9.608,14.027,20.475,11.737166666666667,18.668041666666664,7.938
2025-12-20 07:00:00,7.938,4.7,95,0.0,3.1,7,5,1,7.608,10.966,12.369,10.998666666666667,18.788583333333335,11.259
2025-12-20 08:00:00,11.259,5.2,93,0.0,2.2,8,5,1,7.938,9.608,15.845,10.234333333333334,18.909041666666667,13.203
2025-12-20 09:00:00,13.203,6.1,91,0.0,2.7,9,5,1,11.259,7.608,14.027,10.097,18.985583333333334,13.603
2025-12-20 10:00:00,13.603,6.9,93,0.0,3.5,10,5,1,13.203,7.938,10.966,10.536499999999998,19.1825,13.68
2025-12-20 11:00:00,13.68,7.8,91,0.0,4.6,11,5,1,13.603,11.259,9.608,11.215166666666667,19.098125,12.996
2025-12-20 12:00:00,12.996,8.5,86,0.0,4.6,12,5,1,13.68,13.203,7.608,12.113166666666666,18.895875,12.788
2025-12-20 13:00:00,12.788,8.6,82,0.0,4.1,13,5,1,12.996,13.603,7.938,12.9215,18.648791666666668,10.709
2025-12-20 14:00:00,10.709,8.6,81,0.0,4.5,14,5,1,12.788,13.68,11.259,12.829833333333333,18.20175,14.965
2025-12-20 15:00:00,14.965,7.8,87,0.0,4.4,15,5,1,10.709,12.996,13.203,13.1235,17.74475,17.489
2025-12-20 16:00:00,17.489,6.9,92,0.0,8.1,16,5,1,14.965,12.788,13.603,13.771166666666668,17.174666666666667,15.463
2025-12-20 17:00:00,15.463,6.6,92,0.0,7.6,17,5,1,17.489,10.709,13.68,14.068333333333333,16.440166666666666,24.651
2025-12-20 18:00:00,24.651,6.1,93,0.0,7.3,18,5,1,15.463,14.965,12.996,16.010833333333334,16.277625,23.174
2025-12-20 19:00:00,23.174,6.1,94,0.0,8.3,19,5,1,24.651,17.489,12.788,17.741833333333332,16.12925,27.298
2025-12-20 20:00:00,27.298,5.9,92,0.0,8.6,20,5,1,23.174,15.463,10.709,20.506666666666664,15.998458333333332,24.997
2025-12-20 21:00:00,24.997,5.6,92,0.0,7.6,21,5,1,27.298,24.651,14.965,22.17866666666667,15.952791666666668,22.89
2025-12-20 22:00:00,22.89,5.6,91,0.0,8.6,22,5,1,24.997,23.174,17.489,23.078833333333332,15.945833333333333,22.264
2025-12-20 23:00:00,22.264,5.3,90,0.0,5.6,23,5,1,22.89,27.298,15.463,24.212333333333333,15.844375,14.708
2025-12-21 00:00:00,14.708,4.8,87,0.0,2.2,0,6,1,22.264,24.997,24.651,22.555166666666665,15.604083333333334,17.085
2025-12-21 01:00:00,17.085,4.8,94,0.0,7.8,1,6,1,14.708,22.89,23.174,21.540333333333333,15.800583333333334,16.822
2025-12-21 02:00:00,16.822,4.8,94,0.0,10.6,2,6,1,17.085,22.264,27.298,19.794333333333334,15.841291666666665,15.799
2025-12-21 03:00:00,15.799,4.4,93,0.0,10.1,3,6,1,16.822,14.708,24.997,18.261333333333333,15.915124999999998,12.035
2025-12-21 04:00:00,12.035,3.7,92,0.0,9.0,4,6,1,15.799,17.085,22.89,16.452166666666667,15.959666666666665,15.618
2025-12-21 05:00:00,15.618,3.0,91,0.0,9.7,5,6,1,12.035,16.822,22.264,15.344499999999998,16.210083333333333,15.862
2025-12-21 06:00:00,15.862,2.8,89,0.0,10.2,6,6,1,15.618,15.799,14.708,15.536833333333332,16.554,8.936
2025-12-21 07:00:00,8.936,2.3,90,0.0,10.4,7,6,1,15.862,12.035,17.085,14.178666666666667,16.595583333333334,5.636
2025-12-21 08:00:00,5.636,2.2,89,0.0,10.6,8,6,1,8.936,15.618,16.822,12.314333333333332,16.361291666666666,6.304
2025-12-21 09:00:00,6.304,3.4,81,0.0,12.2,9,6,1,5.636,15.862,15.799,10.731833333333334,16.073833333333333,8.294
2025-12-21 10:00:00,8.294,5.8,72,0.0,13.3,10,6,1,6.304,8.936,12.035,10.108333333333334,15.852624999999998,12.522
2025-12-21 11:00:00,12.522,7.8,65,0.0,11.2,11,6,1,8.294,5.636,15.618,9.592333333333334,15.804374999999999,13.626
2025-12-21 12:00:00,13.626,8.9,61,0.0,10.1,12,6,1,12.522,6.304,15.862,9.219666666666667,15.830625,15.089
2025-12-21 13:00:00,15.089,9.4,62,0.0,6.0,13,6,1,13.626,8.294,8.936,10.245166666666668,15.926499999999999,17.038
2025-12-21 14:00:00,17.038,8.9,63,0.0,8.6,14,6,1,15.089,12.522,5.636,12.1455,16.190208333333334,14.121
2025-12-21 15:00:00,14.121,7.6,65,0.0,9.9,15,6,1,17.038,13.626,6.304,13.448333333333332,16.155041666666666,6.408
2025-12-21 16:00:00,6.408,5.3,71,0.0,9.0,16,6,1,14.121,15.089,8.294,13.134,15.693333333333333,8.26
2025-12-21 18:00:00,8.26,3.7,75,0.0,9.8,18,6,1,6.408,17.038,12.522,12.423666666666668,15.393208333333334,11.616
2025-12-21 19:00:00,11.616,4.0,74,0.0,10.4,19,6,1,8.26,14.121,13.626,12.088666666666668,14.850083333333332,13.885
2025-12-21 20:00:00,13.885,3.6,78,0.0,11.7,20,6,1,11.616,6.408,15.089,11.888,14.463041666666667,15.653
2025-12-21 21:00:00,15.653,3.2,83,0.0,14.1,21,6,1,13.885,8.26,17.038,11.657166666666667,13.977833333333335,7.925
2025-12-21 22:00:00,7.925,3.0,88,0.0,16.5,22,6,1,15.653,11.616,14.121,10.6245,13.2665,14.726
2025-12-21 23:00:00,14.726,3.0,87,0.0,16.7,23,6,1,7.925,13.885,6.408,12.010833333333332,12.926333333333334,14.339
2025-12-22 00:00:00,14.339,2.7,87,0.0,16.8,0,0,0,14.726,15.653,8.26,13.024000000000001,12.596125,14.681
2025-12-22 01:00:00,14.681,2.4,85,0.0,15.5,1,0,0,14.339,7.925,11.616,13.534833333333333,12.594999999999999,8.22
2025-12-22 02:00:00,8.22,2.2,86,0.0,14.4,2,0,0,14.681,14.726,13.885,12.590666666666666,12.225625,9.744
2025-12-22 03:00:00,9.744,2.2,89,0.0,12.3,3,0,0,8.22,14.339,15.653,11.605833333333335,11.930708333333333,7.837
2025-12-22 04:00:00,7.837,2.2,90,0.0,9.2,4,0,0,9.744,14.681,7.925,11.591166666666666,11.598958333333334,7.581
2025-12-22 05:00:00,7.581,2.2,91,0.0,8.7,5,0,0,7.837,8.22,14.726,10.400333333333334,11.413375,1.9
2025-12-22 07:00:00,1.9,1.8,90,0.0,13.6,7,0,0,7.581,9.744,14.339,8.327166666666667,10.841791666666666,6.126
2025-12-22 08:00:00,6.126,1.9,90,0.0,13.1,8,0,0,1.9,7.837,14.681,6.9013333333333335,10.436125,12.128
2025-12-22 09:00:00,12.128,2.5,90,0.0,14.9,9,0,0,6.126,7.581,8.22,7.552666666666667,10.569125,12.678
2025-12-22 10:00:00,12.678,3.0,89,0.0,14.1,10,0,0,12.128,1.9,9.744,8.041666666666666,10.862541666666667,13.248
2025-12-22 11:00:00,13.248,3.0,88,0.0,14.4,11,0,0,12.678,6.126,7.837,8.9435,11.151874999999999,10.455
2025-12-22 12:00:00,10.455,3.0,87,0.0,13.8,12,0,0,13.248,12.128,7.581,9.4225,11.241916666666668,12.932
2025-12-22 13:00:00,12.932,2.7,87,0.0,15.8,13,0,0,10.455,12.678,1.9,11.261166666666668,11.259,15.593
